case,method,seed,evaluation,best_value
random_seed1,random,1,1,9354.373315548184
random_seed1,random,1,2,0.03165146581718769
random_seed1,random,1,3,0.03165146581718769
random_seed1,random,1,4,0.03165146581718769
random_seed1,random,1,5,0.03165146581718769
random_seed1,random,1,6,0.03165146581718769
random_seed1,random,1,7,0.03165146581718769
random_seed1,random,1,8,0.03165146581718769
random_seed1,random,1,9,0.03165146581718769
random_seed1,random,1,10,0.03165146581718769
random_seed1,random,1,11,0.03165146581718769
random_seed1,random,1,12,0.03165146581718769
random_seed1,random,1,13,0.03165146581718769
random_seed1,random,1,14,0.03165146581718769
random_seed1,random,1,15,0.03165146581718769
random_seed1,random,1,16,0.03165146581718769
random_seed1,random,1,17,0.018663987291015125
random_seed1,random,1,18,0.018663987291015125
random_seed1,random,1,19,0.018663987291015125
random_seed1,random,1,20,0.016827097118572085
random_seed1,random,1,21,0.016827097118572085
random_seed1,random,1,22,0.016827097118572085
random_seed1,random,1,23,0.016827097118572085
random_seed1,random,1,24,0.016827097118572085
random_seed1,random,1,25,0.016827097118572085
random_seed1,random,1,26,0.016827097118572085
random_seed1,random,1,27,0.016827097118572085
random_seed1,random,1,28,0.016827097118572085
random_seed1,random,1,29,0.016827097118572085
random_seed1,random,1,30,0.016827097118572085
random_seed1,random,1,31,0.016827097118572085
random_seed1,random,1,32,0.016827097118572085
random_seed1,random,1,33,0.016827097118572085
random_seed1,random,1,34,0.016827097118572085
random_seed1,random,1,35,0.016827097118572085
random_seed1,random,1,36,0.016827097118572085
random_seed1,random,1,37,0.016827097118572085
random_seed1,random,1,38,0.016827097118572085
random_seed1,random,1,39,0.016827097118572085
random_seed1,random,1,40,0.016824915045458414
random_seed1,random,1,41,0.016824915045458414
random_seed1,random,1,42,0.016824915045458414
random_seed1,random,1,43,0.016824915045458414
random_seed1,random,1,44,0.016824915045458414
random_seed1,random,1,45,0.016824915045458414
random_seed1,random,1,46,0.016824915045458414
random_seed1,random,1,47,0.016824915045458414
random_seed1,random,1,48,0.016824915045458414
random_seed1,random,1,49,0.016824915045458414
random_seed1,random,1,50,0.016824915045458414
random_seed1,random,1,51,0.016824915045458414
random_seed1,random,1,52,0.016824915045458414
random_seed1,random,1,53,0.016824915045458414
random_seed1,random,1,54,0.016824915045458414
random_seed1,random,1,55,0.016824915045458414
random_seed1,random,1,56,0.016824915045458414
random_seed1,random,1,57,0.016824915045458414
random_seed1,random,1,58,0.016824915045458414
random_seed1,random,1,59,0.016824915045458414
random_seed1,random,1,60,0.016824915045458414
random_seed1,random,1,61,0.016824915045458414
random_seed1,random,1,62,0.016824915045458414
random_seed1,random,1,63,0.016824915045458414
random_seed1,random,1,64,0.016824915045458414
random_seed1,random,1,65,0.016824915045458414
random_seed1,random,1,66,0.016824915045458414
random_seed1,random,1,67,0.016824915045458414
random_seed1,random,1,68,0.0167352756482167
random_seed1,random,1,69,0.0167352756482167
random_seed1,random,1,70,0.0167352756482167
random_seed1,random,1,71,0.0167352756482167
random_seed1,random,1,72,0.0167352756482167
random_seed1,random,1,73,0.0167352756482167
random_seed1,random,1,74,0.0167352756482167
random_seed1,random,1,75,0.0167352756482167
random_seed1,random,1,76,0.0167352756482167
random_seed1,random,1,77,0.0167352756482167
random_seed1,random,1,78,0.0167352756482167
random_seed1,random,1,79,0.0167352756482167
random_seed1,random,1,80,0.0167352756482167
random_seed1,random,1,81,0.0167352756482167
random_seed1,random,1,82,0.0167352756482167
random_seed1,random,1,83,0.0167352756482167
random_seed1,random,1,84,0.0167352756482167
random_seed1,random,1,85,0.0167352756482167
random_seed1,random,1,86,0.0167352756482167
random_seed1,random,1,87,0.0167352756482167
random_seed1,random,1,88,0.0167352756482167
random_seed1,random,1,89,0.0167352756482167
random_seed1,random,1,90,0.0167352756482167
random_seed1,random,1,91,0.0167352756482167
random_seed1,random,1,92,0.0167352756482167
random_seed1,random,1,93,0.0167352756482167
random_seed1,random,1,94,0.0167352756482167
random_seed1,random,1,95,0.0167352756482167
random_seed1,random,1,96,0.0167352756482167
random_seed1,random,1,97,0.0167352756482167
random_seed1,random,1,98,0.0167352756482167
random_seed1,random,1,99,0.0167352756482167
random_seed1,random,1,100,0.0167352756482167
random_seed1,random,1,101,0.0167352756482167
random_seed1,random,1,102,0.0167352756482167
random_seed1,random,1,103,0.0167352756482167
random_seed1,random,1,104,0.0167352756482167
random_seed1,random,1,105,0.0167352756482167
random_seed1,random,1,106,0.0167352756482167
random_seed1,random,1,107,0.0167352756482167
random_seed1,random,1,108,0.0167352756482167
random_seed1,random,1,109,0.0167352756482167
random_seed1,random,1,110,0.0167352756482167
random_seed1,random,1,111,0.0167352756482167
random_seed1,random,1,112,0.016732147251356393
random_seed1,random,1,113,0.016732147251356393
random_seed1,random,1,114,0.016732147251356393
random_seed1,random,1,115,0.016732147251356393
random_seed1,random,1,116,0.016732147251356393
random_seed1,random,1,117,0.016732147251356393
random_seed1,random,1,118,0.016732147251356393
random_seed1,random,1,119,0.016732147251356393
random_seed1,random,1,120,0.016732147251356393
random_seed1,random,1,121,0.016732147251356393
random_seed1,random,1,122,0.016732147251356393
random_seed1,random,1,123,0.016732147251356393
random_seed1,random,1,124,0.016732147251356393
random_seed1,random,1,125,0.016732147251356393
random_seed1,random,1,126,0.016732147251356393
random_seed1,random,1,127,0.016732147251356393
random_seed1,random,1,128,0.016732147251356393
random_seed1,random,1,129,0.016732147251356393
random_seed1,random,1,130,0.016732147251356393
random_seed1,random,1,131,0.016732147251356393
random_seed1,random,1,132,0.016732147251356393
random_seed1,random,1,133,0.016732147251356393
random_seed1,random,1,134,0.016732147251356393
random_seed1,random,1,135,0.016732147251356393
random_seed1,random,1,136,0.016732147251356393
random_seed1,random,1,137,0.016732147251356393
random_seed1,random,1,138,0.016732147251356393
random_seed1,random,1,139,0.016732147251356393
random_seed1,random,1,140,0.016732147251356393
random_seed1,random,1,141,0.016732147251356393
random_seed1,random,1,142,0.016732147251356393
random_seed1,random,1,143,0.016732147251356393
random_seed1,random,1,144,0.016732147251356393
random_seed1,random,1,145,0.016732147251356393
random_seed1,random,1,146,0.016732147251356393
random_seed1,random,1,147,0.016732147251356393
random_seed1,random,1,148,0.016732147251356393
random_seed1,random,1,149,0.016732147251356393
random_seed1,random,1,150,0.016732147251356393
random_seed1,random,1,151,0.016732147251356393
random_seed1,random,1,152,0.016732147251356393
random_seed1,random,1,153,0.016732147251356393
random_seed1,random,1,154,0.016732147251356393
random_seed1,random,1,155,0.016732147251356393
random_seed1,random,1,156,0.016732147251356393
random_seed1,random,1,157,0.016732147251356393
random_seed1,random,1,158,0.016732147251356393
random_seed1,random,1,159,0.016732147251356393
random_seed1,random,1,160,0.016732147251356393
random_seed1,random,1,161,0.016732147251356393
random_seed1,random,1,162,0.016732147251356393
random_seed1,random,1,163,0.016732147251356393
random_seed1,random,1,164,0.016732147251356393
random_seed1,random,1,165,0.016732147251356393
random_seed1,random,1,166,0.016732147251356393
random_seed1,random,1,167,0.016732147251356393
random_seed1,random,1,168,0.016732147251356393
random_seed1,random,1,169,0.016732147251356393
random_seed1,random,1,170,0.016732147251356393
random_seed1,random,1,171,0.016732147251356393
random_seed1,random,1,172,0.016732147251356393
random_seed1,random,1,173,0.016732147251356393
random_seed1,random,1,174,0.016732147251356393
random_seed1,random,1,175,0.016732147251356393
random_seed1,random,1,176,0.016732147251356393
random_seed1,random,1,177,0.016732147251356393
random_seed1,random,1,178,0.016732147251356393
random_seed1,random,1,179,0.016732147251356393
random_seed1,random,1,180,0.016732147251356393
random_seed1,random,1,181,0.016732147251356393
random_seed1,random,1,182,0.016732147251356393
random_seed1,random,1,183,0.016732147251356393
random_seed1,random,1,184,0.016732147251356393
random_seed1,random,1,185,0.016732147251356393
random_seed1,random,1,186,0.016732147251356393
random_seed1,random,1,187,0.016732147251356393
random_seed1,random,1,188,0.016732147251356393
random_seed1,random,1,189,0.016732147251356393
random_seed1,random,1,190,0.016732147251356393
random_seed1,random,1,191,0.016732147251356393
random_seed1,random,1,192,0.016732147251356393
random_seed1,random,1,193,0.016732147251356393
random_seed1,random,1,194,0.016732147251356393
random_seed1,random,1,195,0.016732147251356393
random_seed1,random,1,196,0.016732147251356393
random_seed1,random,1,197,0.01673213111387655
random_seed1,random,1,198,0.01673213111387655
random_seed1,random,1,199,0.01673213111387655
random_seed1,random,1,200,0.01673213111387655
random_seed2,random,2,1,9499.291436730055
random_seed2,random,2,2,5208.29388603086
random_seed2,random,2,3,5208.29388603086
random_seed2,random,2,4,0.018201216657368926
random_seed2,random,2,5,0.018201216657368926
random_seed2,random,2,6,0.018201216657368926
random_seed2,random,2,7,0.018201216657368926
random_seed2,random,2,8,0.018201216657368926
random_seed2,random,2,9,0.018201216657368926
random_seed2,random,2,10,0.018201216657368926
random_seed2,random,2,11,0.016735945379076803
random_seed2,random,2,12,0.016735945379076803
random_seed2,random,2,13,0.016732160337680022
random_seed2,random,2,14,0.016732160337680022
random_seed2,random,2,15,0.016732160337680022
random_seed2,random,2,16,0.016732160337680022
random_seed2,random,2,17,0.016732160337680022
random_seed2,random,2,18,0.016732160337680022
random_seed2,random,2,19,0.016732160337680022
random_seed2,random,2,20,0.016732160337680022
random_seed2,random,2,21,0.016732160337680022
random_seed2,random,2,22,0.016732160337680022
random_seed2,random,2,23,0.016732160337680022
random_seed2,random,2,24,0.016732160337680022
random_seed2,random,2,25,0.016732160337680022
random_seed2,random,2,26,0.016732160337680022
random_seed2,random,2,27,0.016732160337680022
random_seed2,random,2,28,0.016732160337680022
random_seed2,random,2,29,0.016732160337680022
random_seed2,random,2,30,0.016732160337680022
random_seed2,random,2,31,0.016732160337680022
random_seed2,random,2,32,0.016732160337680022
random_seed2,random,2,33,0.016732160337680022
random_seed2,random,2,34,0.016732160337680022
random_seed2,random,2,35,0.016732160337680022
random_seed2,random,2,36,0.016732160337680022
random_seed2,random,2,37,0.016732160337680022
random_seed2,random,2,38,0.016732160337680022
random_seed2,random,2,39,0.016732160337680022
random_seed2,random,2,40,0.016732160337680022
random_seed2,random,2,41,0.016732160337680022
random_seed2,random,2,42,0.016732160337680022
random_seed2,random,2,43,0.016732160337680022
random_seed2,random,2,44,0.016732160337680022
random_seed2,random,2,45,0.016732160337680022
random_seed2,random,2,46,0.016732160337680022
random_seed2,random,2,47,0.016732160337680022
random_seed2,random,2,48,0.016732160337680022
random_seed2,random,2,49,0.016732160337680022
random_seed2,random,2,50,0.016732160337680022
random_seed2,random,2,51,0.016732160337680022
random_seed2,random,2,52,0.016732160337680022
random_seed2,random,2,53,0.016732160337680022
random_seed2,random,2,54,0.016732160337680022
random_seed2,random,2,55,0.016732160337680022
random_seed2,random,2,56,0.016732160337680022
random_seed2,random,2,57,0.016732160337680022
random_seed2,random,2,58,0.016732160337680022
random_seed2,random,2,59,0.016732160337680022
random_seed2,random,2,60,0.016732160337680022
random_seed2,random,2,61,0.016732160337680022
random_seed2,random,2,62,0.016732160337680022
random_seed2,random,2,63,0.016732160337680022
random_seed2,random,2,64,0.016732160337680022
random_seed2,random,2,65,0.016732160337680022
random_seed2,random,2,66,0.016732160337680022
random_seed2,random,2,67,0.016732160337680022
random_seed2,random,2,68,0.016732160337680022
random_seed2,random,2,69,0.016732160337680022
random_seed2,random,2,70,0.016732160337680022
random_seed2,random,2,71,0.016732160337680022
random_seed2,random,2,72,0.016732160337680022
random_seed2,random,2,73,0.016732160337680022
random_seed2,random,2,74,0.016732160337680022
random_seed2,random,2,75,0.016732160337680022
random_seed2,random,2,76,0.016732160337680022
random_seed2,random,2,77,0.016732160337680022
random_seed2,random,2,78,0.016732160337680022
random_seed2,random,2,79,0.016732160337680022
random_seed2,random,2,80,0.016732160337680022
random_seed2,random,2,81,0.016732160337680022
random_seed2,random,2,82,0.016732160337680022
random_seed2,random,2,83,0.016732160337680022
random_seed2,random,2,84,0.016732160337680022
random_seed2,random,2,85,0.016732160337680022
random_seed2,random,2,86,0.016732160337680022
random_seed2,random,2,87,0.016732160337680022
random_seed2,random,2,88,0.016732160337680022
random_seed2,random,2,89,0.016732160337680022
random_seed2,random,2,90,0.016732160337680022
random_seed2,random,2,91,0.016732160337680022
random_seed2,random,2,92,0.016732160337680022
random_seed2,random,2,93,0.016732160337680022
random_seed2,random,2,94,0.016732160337680022
random_seed2,random,2,95,0.016732160337680022
random_seed2,random,2,96,0.016732160337680022
random_seed2,random,2,97,0.016732160337680022
random_seed2,random,2,98,0.016732160337680022
random_seed2,random,2,99,0.016732160337680022
random_seed2,random,2,100,0.016732160337680022
random_seed2,random,2,101,0.016732160337680022
random_seed2,random,2,102,0.016732160337680022
random_seed2,random,2,103,0.016732160337680022
random_seed2,random,2,104,0.016732160337680022
random_seed2,random,2,105,0.016732160337680022
random_seed2,random,2,106,0.016732160337680022
random_seed2,random,2,107,0.016732160337680022
random_seed2,random,2,108,0.016732160337680022
random_seed2,random,2,109,0.016732160337680022
random_seed2,random,2,110,0.016732160337680022
random_seed2,random,2,111,0.016732160337680022
random_seed2,random,2,112,0.016732160337680022
random_seed2,random,2,113,0.016732160337680022
random_seed2,random,2,114,0.016732160337680022
random_seed2,random,2,115,0.016732160337680022
random_seed2,random,2,116,0.016732160337680022
random_seed2,random,2,117,0.016732160337680022
random_seed2,random,2,118,0.016732160337680022
random_seed2,random,2,119,0.016732160337680022
random_seed2,random,2,120,0.016732160337680022
random_seed2,random,2,121,0.016732160337680022
random_seed2,random,2,122,0.016732160337680022
random_seed2,random,2,123,0.016732160337680022
random_seed2,random,2,124,0.016732160337680022
random_seed2,random,2,125,0.016732160337680022
random_seed2,random,2,126,0.016732160337680022
random_seed2,random,2,127,0.016732160337680022
random_seed2,random,2,128,0.016732160337680022
random_seed2,random,2,129,0.016732160337680022
random_seed2,random,2,130,0.016732160337680022
random_seed2,random,2,131,0.016732160337680022
random_seed2,random,2,132,0.016732160337680022
random_seed2,random,2,133,0.016732160337680022
random_seed2,random,2,134,0.016732160337680022
random_seed2,random,2,135,0.016732160337680022
random_seed2,random,2,136,0.016732160337680022
random_seed2,random,2,137,0.016732160337680022
random_seed2,random,2,138,0.016732160337680022
random_seed2,random,2,139,0.016732160337680022
random_seed2,random,2,140,0.016732160337680022
random_seed2,random,2,141,0.016732160337680022
random_seed2,random,2,142,0.016732160337680022
random_seed2,random,2,143,0.016732160337680022
random_seed2,random,2,144,0.016732160337680022
random_seed2,random,2,145,0.016732160337680022
random_seed2,random,2,146,0.016732160337680022
random_seed2,random,2,147,0.016732160337680022
random_seed2,random,2,148,0.016732160337680022
random_seed2,random,2,149,0.016732160337680022
random_seed2,random,2,150,0.016732160337680022
random_seed2,random,2,151,0.016732160337680022
random_seed2,random,2,152,0.016732160337680022
random_seed2,random,2,153,0.016732160337680022
random_seed2,random,2,154,0.016732160337680022
random_seed2,random,2,155,0.016732160337680022
random_seed2,random,2,156,0.016732160337680022
random_seed2,random,2,157,0.016732160337680022
random_seed2,random,2,158,0.016732160337680022
random_seed2,random,2,159,0.016732160337680022
random_seed2,random,2,160,0.016732160337680022
random_seed2,random,2,161,0.016732160337680022
random_seed2,random,2,162,0.016732160337680022
random_seed2,random,2,163,0.016732160337680022
random_seed2,random,2,164,0.016732160337680022
random_seed2,random,2,165,0.016732160337680022
random_seed2,random,2,166,0.016732160337680022
random_seed2,random,2,167,0.016732160337680022
random_seed2,random,2,168,0.016732160337680022
random_seed2,random,2,169,0.016732160337680022
random_seed2,random,2,170,0.016732160337680022
random_seed2,random,2,171,0.016732160337680022
random_seed2,random,2,172,0.016732160337680022
random_seed2,random,2,173,0.016732160337680022
random_seed2,random,2,174,0.016732160337680022
random_seed2,random,2,175,0.016732160337680022
random_seed2,random,2,176,0.016732160337680022
random_seed2,random,2,177,0.016732160337680022
random_seed2,random,2,178,0.016732160337680022
random_seed2,random,2,179,0.016732160337680022
random_seed2,random,2,180,0.016732160337680022
random_seed2,random,2,181,0.016732160337680022
random_seed2,random,2,182,0.016732160337680022
random_seed2,random,2,183,0.016732160337680022
random_seed2,random,2,184,0.016732160337680022
random_seed2,random,2,185,0.016732160337680022
random_seed2,random,2,186,0.016732160337680022
random_seed2,random,2,187,0.016732160337680022
random_seed2,random,2,188,0.016732160337680022
random_seed2,random,2,189,0.016732160337680022
random_seed2,random,2,190,0.016732160337680022
random_seed2,random,2,191,0.016732160337680022
random_seed2,random,2,192,0.016732160337680022
random_seed2,random,2,193,0.016732160337680022
random_seed2,random,2,194,0.016732160337680022
random_seed2,random,2,195,0.016732160337680022
random_seed2,random,2,196,0.016732160337680022
random_seed2,random,2,197,0.016732160337680022
random_seed2,random,2,198,0.016732160337680022
random_seed2,random,2,199,0.01673211081169226
random_seed2,random,2,200,0.01673211081169226
random_seed3,random,3,1,0.040459381009507404
random_seed3,random,3,2,0.017020352531143784
random_seed3,random,3,3,0.017020352531143784
random_seed3,random,3,4,0.017020352531143784
random_seed3,random,3,5,0.017020352531143784
random_seed3,random,3,6,0.017020352531143784
random_seed3,random,3,7,0.017020352531143784
random_seed3,random,3,8,0.017020352531143784
random_seed3,random,3,9,0.016751002544838176
random_seed3,random,3,10,0.016751002544838176
random_seed3,random,3,11,0.016751002544838176
random_seed3,random,3,12,0.016751002544838176
random_seed3,random,3,13,0.016751002544838176
random_seed3,random,3,14,0.016751002544838176
random_seed3,random,3,15,0.016751002544838176
random_seed3,random,3,16,0.016751002544838176
random_seed3,random,3,17,0.016751002544838176
random_seed3,random,3,18,0.016751002544838176
random_seed3,random,3,19,0.016751002544838176
random_seed3,random,3,20,0.016751002544838176
random_seed3,random,3,21,0.016751002544838176
random_seed3,random,3,22,0.016751002544838176
random_seed3,random,3,23,0.016751002544838176
random_seed3,random,3,24,0.016751002544838176
random_seed3,random,3,25,0.016751002544838176
random_seed3,random,3,26,0.016751002544838176
random_seed3,random,3,27,0.016751002544838176
random_seed3,random,3,28,0.016751002544838176
random_seed3,random,3,29,0.016751002544838176
random_seed3,random,3,30,0.016751002544838176
random_seed3,random,3,31,0.016751002544838176
random_seed3,random,3,32,0.016751002544838176
random_seed3,random,3,33,0.016751002544838176
random_seed3,random,3,34,0.016751002544838176
random_seed3,random,3,35,0.016751002544838176
random_seed3,random,3,36,0.016751002544838176
random_seed3,random,3,37,0.016751002544838176
random_seed3,random,3,38,0.016751002544838176
random_seed3,random,3,39,0.016751002544838176
random_seed3,random,3,40,0.016751002544838176
random_seed3,random,3,41,0.016751002544838176
random_seed3,random,3,42,0.016751002544838176
random_seed3,random,3,43,0.016751002544838176
random_seed3,random,3,44,0.016751002544838176
random_seed3,random,3,45,0.016751002544838176
random_seed3,random,3,46,0.016751002544838176
random_seed3,random,3,47,0.016751002544838176
random_seed3,random,3,48,0.016751002544838176
random_seed3,random,3,49,0.016751002544838176
random_seed3,random,3,50,0.016751002544838176
random_seed3,random,3,51,0.016751002544838176
random_seed3,random,3,52,0.016751002544838176
random_seed3,random,3,53,0.016751002544838176
random_seed3,random,3,54,0.016751002544838176
random_seed3,random,3,55,0.016751002544838176
random_seed3,random,3,56,0.016751002544838176
random_seed3,random,3,57,0.016751002544838176
random_seed3,random,3,58,0.016751002544838176
random_seed3,random,3,59,0.016751002544838176
random_seed3,random,3,60,0.016751002544838176
random_seed3,random,3,61,0.016751002544838176
random_seed3,random,3,62,0.016751002544838176
random_seed3,random,3,63,0.016751002544838176
random_seed3,random,3,64,0.016751002544838176
random_seed3,random,3,65,0.016751002544838176
random_seed3,random,3,66,0.016751002544838176
random_seed3,random,3,67,0.016751002544838176
random_seed3,random,3,68,0.016751002544838176
random_seed3,random,3,69,0.016751002544838176
random_seed3,random,3,70,0.016751002544838176
random_seed3,random,3,71,0.016751002544838176
random_seed3,random,3,72,0.016751002544838176
random_seed3,random,3,73,0.016751002544838176
random_seed3,random,3,74,0.016751002544838176
random_seed3,random,3,75,0.016751002544838176
random_seed3,random,3,76,0.016751002544838176
random_seed3,random,3,77,0.016751002544838176
random_seed3,random,3,78,0.016751002544838176
random_seed3,random,3,79,0.016751002544838176
random_seed3,random,3,80,0.016751002544838176
random_seed3,random,3,81,0.016751002544838176
random_seed3,random,3,82,0.016751002544838176
random_seed3,random,3,83,0.016751002544838176
random_seed3,random,3,84,0.016751002544838176
random_seed3,random,3,85,0.016751002544838176
random_seed3,random,3,86,0.016751002544838176
random_seed3,random,3,87,0.016751002544838176
random_seed3,random,3,88,0.016751002544838176
random_seed3,random,3,89,0.016751002544838176
random_seed3,random,3,90,0.016751002544838176
random_seed3,random,3,91,0.016751002544838176
random_seed3,random,3,92,0.016751002544838176
random_seed3,random,3,93,0.016751002544838176
random_seed3,random,3,94,0.016751002544838176
random_seed3,random,3,95,0.016751002544838176
random_seed3,random,3,96,0.016751002544838176
random_seed3,random,3,97,0.016751002544838176
random_seed3,random,3,98,0.016751002544838176
random_seed3,random,3,99,0.016751002544838176
random_seed3,random,3,100,0.016751002544838176
random_seed3,random,3,101,0.016751002544838176
random_seed3,random,3,102,0.016751002544838176
random_seed3,random,3,103,0.016751002544838176
random_seed3,random,3,104,0.016751002544838176
random_seed3,random,3,105,0.016751002544838176
random_seed3,random,3,106,0.016751002544838176
random_seed3,random,3,107,0.016751002544838176
random_seed3,random,3,108,0.016751002544838176
random_seed3,random,3,109,0.016751002544838176
random_seed3,random,3,110,0.016751002544838176
random_seed3,random,3,111,0.016751002544838176
random_seed3,random,3,112,0.016751002544838176
random_seed3,random,3,113,0.016751002544838176
random_seed3,random,3,114,0.016751002544838176
random_seed3,random,3,115,0.016751002544838176
random_seed3,random,3,116,0.016751002544838176
random_seed3,random,3,117,0.016751002544838176
random_seed3,random,3,118,0.016751002544838176
random_seed3,random,3,119,0.016751002544838176
random_seed3,random,3,120,0.016751002544838176
random_seed3,random,3,121,0.016751002544838176
random_seed3,random,3,122,0.016751002544838176
random_seed3,random,3,123,0.016751002544838176
random_seed3,random,3,124,0.016751002544838176
random_seed3,random,3,125,0.016751002544838176
random_seed3,random,3,126,0.016751002544838176
random_seed3,random,3,127,0.016751002544838176
random_seed3,random,3,128,0.016751002544838176
random_seed3,random,3,129,0.016751002544838176
random_seed3,random,3,130,0.016751002544838176
random_seed3,random,3,131,0.016751002544838176
random_seed3,random,3,132,0.016751002544838176
random_seed3,random,3,133,0.016751002544838176
random_seed3,random,3,134,0.016751002544838176
random_seed3,random,3,135,0.016751002544838176
random_seed3,random,3,136,0.016751002544838176
random_seed3,random,3,137,0.016751002544838176
random_seed3,random,3,138,0.016751002544838176
random_seed3,random,3,139,0.016751002544838176
random_seed3,random,3,140,0.016751002544838176
random_seed3,random,3,141,0.016751002544838176
random_seed3,random,3,142,0.016751002544838176
random_seed3,random,3,143,0.016751002544838176
random_seed3,random,3,144,0.016751002544838176
random_seed3,random,3,145,0.016751002544838176
random_seed3,random,3,146,0.016751002544838176
random_seed3,random,3,147,0.016751002544838176
random_seed3,random,3,148,0.016751002544838176
random_seed3,random,3,149,0.016751002544838176
random_seed3,random,3,150,0.016751002544838176
random_seed3,random,3,151,0.016751002544838176
random_seed3,random,3,152,0.016751002544838176
random_seed3,random,3,153,0.016751002544838176
random_seed3,random,3,154,0.016751002544838176
random_seed3,random,3,155,0.016751002544838176
random_seed3,random,3,156,0.016751002544838176
random_seed3,random,3,157,0.016751002544838176
random_seed3,random,3,158,0.016751002544838176
random_seed3,random,3,159,0.016751002544838176
random_seed3,random,3,160,0.016751002544838176
random_seed3,random,3,161,0.016751002544838176
random_seed3,random,3,162,0.016751002544838176
random_seed3,random,3,163,0.016751002544838176
random_seed3,random,3,164,0.016751002544838176
random_seed3,random,3,165,0.016751002544838176
random_seed3,random,3,166,0.016751002544838176
random_seed3,random,3,167,0.016751002544838176
random_seed3,random,3,168,0.016751002544838176
random_seed3,random,3,169,0.016751002544838176
random_seed3,random,3,170,0.016751002544838176
random_seed3,random,3,171,0.016751002544838176
random_seed3,random,3,172,0.016751002544838176
random_seed3,random,3,173,0.016751002544838176
random_seed3,random,3,174,0.016751002544838176
random_seed3,random,3,175,0.016751002544838176
random_seed3,random,3,176,0.016751002544838176
random_seed3,random,3,177,0.016751002544838176
random_seed3,random,3,178,0.016751002544838176
random_seed3,random,3,179,0.016751002544838176
random_seed3,random,3,180,0.016751002544838176
random_seed3,random,3,181,0.016751002544838176
random_seed3,random,3,182,0.016751002544838176
random_seed3,random,3,183,0.016751002544838176
random_seed3,random,3,184,0.016751002544838176
random_seed3,random,3,185,0.016751002544838176
random_seed3,random,3,186,0.016751002544838176
random_seed3,random,3,187,0.016751002544838176
random_seed3,random,3,188,0.016751002544838176
random_seed3,random,3,189,0.016751002544838176
random_seed3,random,3,190,0.016751002544838176
random_seed3,random,3,191,0.016751002544838176
random_seed3,random,3,192,0.016751002544838176
random_seed3,random,3,193,0.016751002544838176
random_seed3,random,3,194,0.016751002544838176
random_seed3,random,3,195,0.016751002544838176
random_seed3,random,3,196,0.016751002544838176
random_seed3,random,3,197,0.016751002544838176
random_seed3,random,3,198,0.016751002544838176
random_seed3,random,3,199,0.016751002544838176
random_seed3,random,3,200,0.016751002544838176
random_seed4,random,4,1,918.5944745135877
random_seed4,random,4,2,0.5067446750254012
random_seed4,random,4,3,0.5067446750254012
random_seed4,random,4,4,0.016735797263428914
random_seed4,random,4,5,0.016735797263428914
random_seed4,random,4,6,0.016735797263428914
random_seed4,random,4,7,0.016735797263428914
random_seed4,random,4,8,0.016735797263428914
random_seed4,random,4,9,0.016735797263428914
random_seed4,random,4,10,0.016735797263428914
random_seed4,random,4,11,0.016735797263428914
random_seed4,random,4,12,0.016735797263428914
random_seed4,random,4,13,0.016735797263428914
random_seed4,random,4,14,0.016735797263428914
random_seed4,random,4,15,0.016735797263428914
random_seed4,random,4,16,0.016735797263428914
random_seed4,random,4,17,0.016735797263428914
random_seed4,random,4,18,0.016735797263428914
random_seed4,random,4,19,0.016735797263428914
random_seed4,random,4,20,0.016735797263428914
random_seed4,random,4,21,0.016735797263428914
random_seed4,random,4,22,0.016735797263428914
random_seed4,random,4,23,0.016735797263428914
random_seed4,random,4,24,0.016735797263428914
random_seed4,random,4,25,0.016735797263428914
random_seed4,random,4,26,0.016735797263428914
random_seed4,random,4,27,0.016735797263428914
random_seed4,random,4,28,0.016735797263428914
random_seed4,random,4,29,0.016735797263428914
random_seed4,random,4,30,0.016735797263428914
random_seed4,random,4,31,0.016735797263428914
random_seed4,random,4,32,0.016735797263428914
random_seed4,random,4,33,0.016735797263428914
random_seed4,random,4,34,0.016735797263428914
random_seed4,random,4,35,0.016735797263428914
random_seed4,random,4,36,0.016735797263428914
random_seed4,random,4,37,0.016735797263428914
random_seed4,random,4,38,0.016735797263428914
random_seed4,random,4,39,0.016735797263428914
random_seed4,random,4,40,0.01673215598154028
random_seed4,random,4,41,0.01673215598154028
random_seed4,random,4,42,0.01673215598154028
random_seed4,random,4,43,0.01673215598154028
random_seed4,random,4,44,0.01673215598154028
random_seed4,random,4,45,0.01673215598154028
random_seed4,random,4,46,0.01673215598154028
random_seed4,random,4,47,0.01673215598154028
random_seed4,random,4,48,0.01673215598154028
random_seed4,random,4,49,0.01673215598154028
random_seed4,random,4,50,0.01673215598154028
random_seed4,random,4,51,0.01673215598154028
random_seed4,random,4,52,0.01673215598154028
random_seed4,random,4,53,0.01673215598154028
random_seed4,random,4,54,0.01673215598154028
random_seed4,random,4,55,0.01673215598154028
random_seed4,random,4,56,0.01673215598154028
random_seed4,random,4,57,0.01673215598154028
random_seed4,random,4,58,0.01673215598154028
random_seed4,random,4,59,0.01673215598154028
random_seed4,random,4,60,0.01673215598154028
random_seed4,random,4,61,0.01673215598154028
random_seed4,random,4,62,0.01673215598154028
random_seed4,random,4,63,0.01673215598154028
random_seed4,random,4,64,0.01673215598154028
random_seed4,random,4,65,0.01673215598154028
random_seed4,random,4,66,0.01673215598154028
random_seed4,random,4,67,0.01673215598154028
random_seed4,random,4,68,0.01673215598154028
random_seed4,random,4,69,0.01673215598154028
random_seed4,random,4,70,0.01673215598154028
random_seed4,random,4,71,0.01673215598154028
random_seed4,random,4,72,0.01673215598154028
random_seed4,random,4,73,0.01673215598154028
random_seed4,random,4,74,0.01673215598154028
random_seed4,random,4,75,0.01673215598154028
random_seed4,random,4,76,0.01673215598154028
random_seed4,random,4,77,0.01673215598154028
random_seed4,random,4,78,0.01673215598154028
random_seed4,random,4,79,0.01673215598154028
random_seed4,random,4,80,0.01673215598154028
random_seed4,random,4,81,0.01673215598154028
random_seed4,random,4,82,0.01673215598154028
random_seed4,random,4,83,0.01673215598154028
random_seed4,random,4,84,0.01673215598154028
random_seed4,random,4,85,0.01673215598154028
random_seed4,random,4,86,0.01673215598154028
random_seed4,random,4,87,0.01673215598154028
random_seed4,random,4,88,0.01673215598154028
random_seed4,random,4,89,0.01673215598154028
random_seed4,random,4,90,0.01673215598154028
random_seed4,random,4,91,0.01673215598154028
random_seed4,random,4,92,0.01673215598154028
random_seed4,random,4,93,0.01673215598154028
random_seed4,random,4,94,0.01673215598154028
random_seed4,random,4,95,0.01673215598154028
random_seed4,random,4,96,0.01673215598154028
random_seed4,random,4,97,0.01673215598154028
random_seed4,random,4,98,0.01673215598154028
random_seed4,random,4,99,0.01673215598154028
random_seed4,random,4,100,0.01673215598154028
random_seed4,random,4,101,0.01673215598154028
random_seed4,random,4,102,0.01673215598154028
random_seed4,random,4,103,0.01673215598154028
random_seed4,random,4,104,0.01673215598154028
random_seed4,random,4,105,0.01673215598154028
random_seed4,random,4,106,0.01673215598154028
random_seed4,random,4,107,0.01673215598154028
random_seed4,random,4,108,0.01673215598154028
random_seed4,random,4,109,0.01673215598154028
random_seed4,random,4,110,0.01673215598154028
random_seed4,random,4,111,0.01673215598154028
random_seed4,random,4,112,0.01673215598154028
random_seed4,random,4,113,0.01673215598154028
random_seed4,random,4,114,0.01673215598154028
random_seed4,random,4,115,0.01673215598154028
random_seed4,random,4,116,0.01673215598154028
random_seed4,random,4,117,0.01673215598154028
random_seed4,random,4,118,0.01673215598154028
random_seed4,random,4,119,0.01673215598154028
random_seed4,random,4,120,0.01673215598154028
random_seed4,random,4,121,0.01673215598154028
random_seed4,random,4,122,0.01673215598154028
random_seed4,random,4,123,0.016732114556793288
random_seed4,random,4,124,0.016732114556793288
random_seed4,random,4,125,0.016732114556793288
random_seed4,random,4,126,0.016732114556793288
random_seed4,random,4,127,0.016732114556793288
random_seed4,random,4,128,0.016732114556793288
random_seed4,random,4,129,0.016732114556793288
random_seed4,random,4,130,0.016732114556793288
random_seed4,random,4,131,0.016732114556793288
random_seed4,random,4,132,0.016732114556793288
random_seed4,random,4,133,0.016732114556793288
random_seed4,random,4,134,0.016732114556793288
random_seed4,random,4,135,0.016732114556793288
random_seed4,random,4,136,0.016732114556793288
random_seed4,random,4,137,0.016732114556793288
random_seed4,random,4,138,0.016732114556793288
random_seed4,random,4,139,0.016732114556793288
random_seed4,random,4,140,0.016732114556793288
random_seed4,random,4,141,0.016732114556793288
random_seed4,random,4,142,0.016732114556793288
random_seed4,random,4,143,0.016732114556793288
random_seed4,random,4,144,0.016732114556793288
random_seed4,random,4,145,0.016732114556793288
random_seed4,random,4,146,0.016732114556793288
random_seed4,random,4,147,0.016732114556793288
random_seed4,random,4,148,0.016732114556793288
random_seed4,random,4,149,0.016732114556793288
random_seed4,random,4,150,0.016732114556793288
random_seed4,random,4,151,0.016732114556793288
random_seed4,random,4,152,0.016732114556793288
random_seed4,random,4,153,0.016732114556793288
random_seed4,random,4,154,0.016732114556793288
random_seed4,random,4,155,0.016732114556793288
random_seed4,random,4,156,0.016732114556793288
random_seed4,random,4,157,0.016732114556793288
random_seed4,random,4,158,0.016732114556793288
random_seed4,random,4,159,0.016732114556793288
random_seed4,random,4,160,0.016732114556793288
random_seed4,random,4,161,0.016732114556793288
random_seed4,random,4,162,0.016732114556793288
random_seed4,random,4,163,0.016732114556793288
random_seed4,random,4,164,0.016732114556793288
random_seed4,random,4,165,0.016732114556793288
random_seed4,random,4,166,0.016732114556793288
random_seed4,random,4,167,0.016732114556793288
random_seed4,random,4,168,0.016732114556793288
random_seed4,random,4,169,0.016732114556793288
random_seed4,random,4,170,0.016732114556793288
random_seed4,random,4,171,0.016732114556793288
random_seed4,random,4,172,0.016732114556793288
random_seed4,random,4,173,0.016732114556793288
random_seed4,random,4,174,0.016732114556793288
random_seed4,random,4,175,0.016732114556793288
random_seed4,random,4,176,0.016732114556793288
random_seed4,random,4,177,0.016732114556793288
random_seed4,random,4,178,0.016732114556793288
random_seed4,random,4,179,0.016732114556793288
random_seed4,random,4,180,0.016732114556793288
random_seed4,random,4,181,0.016732114556793288
random_seed4,random,4,182,0.016732114556793288
random_seed4,random,4,183,0.016732114556793288
random_seed4,random,4,184,0.016732114556793288
random_seed4,random,4,185,0.016732114556793288
random_seed4,random,4,186,0.016732114556793288
random_seed4,random,4,187,0.016732114556793288
random_seed4,random,4,188,0.016732114556793288
random_seed4,random,4,189,0.016732114556793288
random_seed4,random,4,190,0.016732114556793288
random_seed4,random,4,191,0.016732114556793288
random_seed4,random,4,192,0.016732114556793288
random_seed4,random,4,193,0.016732114556793288
random_seed4,random,4,194,0.016732114556793288
random_seed4,random,4,195,0.016732114556793288
random_seed4,random,4,196,0.016732114556793288
random_seed4,random,4,197,0.016732114556793288
random_seed4,random,4,198,0.016732114556793288
random_seed4,random,4,199,0.016732114556793288
random_seed4,random,4,200,0.016732114556793288
random_seed5,random,5,1,0.02963315529117966
random_seed5,random,5,2,0.02963315529117966
random_seed5,random,5,3,0.02963315529117966
random_seed5,random,5,4,0.02963315529117966
random_seed5,random,5,5,0.016731921610293448
random_seed5,random,5,6,0.016731921610293448
random_seed5,random,5,7,0.016731921610293448
random_seed5,random,5,8,0.016731921610293448
random_seed5,random,5,9,0.016731921610293448
random_seed5,random,5,10,0.016731921610293448
random_seed5,random,5,11,0.016731921610293448
random_seed5,random,5,12,0.016731921610293448
random_seed5,random,5,13,0.016731921610293448
random_seed5,random,5,14,0.016731921610293448
random_seed5,random,5,15,0.016731921610293448
random_seed5,random,5,16,0.016731921610293448
random_seed5,random,5,17,0.016731921610293448
random_seed5,random,5,18,0.016731921610293448
random_seed5,random,5,19,0.016731921610293448
random_seed5,random,5,20,0.016731921610293448
random_seed5,random,5,21,0.016731921610293448
random_seed5,random,5,22,0.016731921610293448
random_seed5,random,5,23,0.016731921610293448
random_seed5,random,5,24,0.016731921610293448
random_seed5,random,5,25,0.016731921610293448
random_seed5,random,5,26,0.016731921610293448
random_seed5,random,5,27,0.016731921610293448
random_seed5,random,5,28,0.016731921610293448
random_seed5,random,5,29,0.016731921610293448
random_seed5,random,5,30,0.016731921610293448
random_seed5,random,5,31,0.016731921610293448
random_seed5,random,5,32,0.016731921610293448
random_seed5,random,5,33,0.016731921610293448
random_seed5,random,5,34,0.016731921610293448
random_seed5,random,5,35,0.016731921610293448
random_seed5,random,5,36,0.016731921610293448
random_seed5,random,5,37,0.016731921610293448
random_seed5,random,5,38,0.016731921610293448
random_seed5,random,5,39,0.016731921610293448
random_seed5,random,5,40,0.016731921610293448
random_seed5,random,5,41,0.016731921610293448
random_seed5,random,5,42,0.016731921610293448
random_seed5,random,5,43,0.016731921610293448
random_seed5,random,5,44,0.016731921610293448
random_seed5,random,5,45,0.016731921610293448
random_seed5,random,5,46,0.016731921610293448
random_seed5,random,5,47,0.016731921610293448
random_seed5,random,5,48,0.016731921610293448
random_seed5,random,5,49,0.016731921610293448
random_seed5,random,5,50,0.016731921610293448
random_seed5,random,5,51,0.016731921610293448
random_seed5,random,5,52,0.016731921610293448
random_seed5,random,5,53,0.016731921610293448
random_seed5,random,5,54,0.016731921610293448
random_seed5,random,5,55,0.016731921610293448
random_seed5,random,5,56,0.016731921610293448
random_seed5,random,5,57,0.016731921610293448
random_seed5,random,5,58,0.016731921610293448
random_seed5,random,5,59,0.016731921610293448
random_seed5,random,5,60,0.016731921610293448
random_seed5,random,5,61,0.016731921610293448
random_seed5,random,5,62,0.016731921610293448
random_seed5,random,5,63,0.016731921610293448
random_seed5,random,5,64,0.016731921610293448
random_seed5,random,5,65,0.016731921610293448
random_seed5,random,5,66,0.016731921610293448
random_seed5,random,5,67,0.016731921610293448
random_seed5,random,5,68,0.016731921610293448
random_seed5,random,5,69,0.016731921610293448
random_seed5,random,5,70,0.016731921610293448
random_seed5,random,5,71,0.016731921610293448
random_seed5,random,5,72,0.016731921610293448
random_seed5,random,5,73,0.016731921610293448
random_seed5,random,5,74,0.016731921610293448
random_seed5,random,5,75,0.016731921610293448
random_seed5,random,5,76,0.016731921610293448
random_seed5,random,5,77,0.016731921610293448
random_seed5,random,5,78,0.016731921610293448
random_seed5,random,5,79,0.016731921610293448
random_seed5,random,5,80,0.016731921610293448
random_seed5,random,5,81,0.016731921610293448
random_seed5,random,5,82,0.016731921610293448
random_seed5,random,5,83,0.016731921610293448
random_seed5,random,5,84,0.016731921610293448
random_seed5,random,5,85,0.016731921610293448
random_seed5,random,5,86,0.016731921610293448
random_seed5,random,5,87,0.016731921610293448
random_seed5,random,5,88,0.016731921610293448
random_seed5,random,5,89,0.016731921610293448
random_seed5,random,5,90,0.016731921610293448
random_seed5,random,5,91,0.016731921610293448
random_seed5,random,5,92,0.016731921610293448
random_seed5,random,5,93,0.016731921610293448
random_seed5,random,5,94,0.016731921610293448
random_seed5,random,5,95,0.016731921610293448
random_seed5,random,5,96,0.016731921610293448
random_seed5,random,5,97,0.016731921610293448
random_seed5,random,5,98,0.016731921610293448
random_seed5,random,5,99,0.016731921610293448
random_seed5,random,5,100,0.016731921610293448
random_seed5,random,5,101,0.016731921610293448
random_seed5,random,5,102,0.016731921610293448
random_seed5,random,5,103,0.016731921610293448
random_seed5,random,5,104,0.016731921610293448
random_seed5,random,5,105,0.016731921610293448
random_seed5,random,5,106,0.016731921610293448
random_seed5,random,5,107,0.016731921610293448
random_seed5,random,5,108,0.016731921610293448
random_seed5,random,5,109,0.016731921610293448
random_seed5,random,5,110,0.016731921610293448
random_seed5,random,5,111,0.016731921610293448
random_seed5,random,5,112,0.016731921610293448
random_seed5,random,5,113,0.016731921610293448
random_seed5,random,5,114,0.016731921610293448
random_seed5,random,5,115,0.016731921610293448
random_seed5,random,5,116,0.016731921610293448
random_seed5,random,5,117,0.016731921610293448
random_seed5,random,5,118,0.016731921610293448
random_seed5,random,5,119,0.016731921610293448
random_seed5,random,5,120,0.016731921610293448
random_seed5,random,5,121,0.016731921610293448
random_seed5,random,5,122,0.016731921610293448
random_seed5,random,5,123,0.016731921610293448
random_seed5,random,5,124,0.016731921610293448
random_seed5,random,5,125,0.016731921610293448
random_seed5,random,5,126,0.016731921610293448
random_seed5,random,5,127,0.016731921610293448
random_seed5,random,5,128,0.016731921610293448
random_seed5,random,5,129,0.016731921610293448
random_seed5,random,5,130,0.016731921610293448
random_seed5,random,5,131,0.016731921610293448
random_seed5,random,5,132,0.016731921610293448
random_seed5,random,5,133,0.016731921610293448
random_seed5,random,5,134,0.016731921610293448
random_seed5,random,5,135,0.016731921610293448
random_seed5,random,5,136,0.016731921610293448
random_seed5,random,5,137,0.016731921610293448
random_seed5,random,5,138,0.016731921610293448
random_seed5,random,5,139,0.016731921610293448
random_seed5,random,5,140,0.016731921610293448
random_seed5,random,5,141,0.016731921610293448
random_seed5,random,5,142,0.016731921610293448
random_seed5,random,5,143,0.016731921610293448
random_seed5,random,5,144,0.016731921610293448
random_seed5,random,5,145,0.016731921610293448
random_seed5,random,5,146,0.016731921610293448
random_seed5,random,5,147,0.016731921610293448
random_seed5,random,5,148,0.016731921610293448
random_seed5,random,5,149,0.016731921610293448
random_seed5,random,5,150,0.016731921610293448
random_seed5,random,5,151,0.016731921610293448
random_seed5,random,5,152,0.016731921610293448
random_seed5,random,5,153,0.016731921610293448
random_seed5,random,5,154,0.016731921610293448
random_seed5,random,5,155,0.016731921610293448
random_seed5,random,5,156,0.016731921610293448
random_seed5,random,5,157,0.016731921610293448
random_seed5,random,5,158,0.016731921610293448
random_seed5,random,5,159,0.016731921610293448
random_seed5,random,5,160,0.016731921610293448
random_seed5,random,5,161,0.016731921610293448
random_seed5,random,5,162,0.016731921610293448
random_seed5,random,5,163,0.016731921610293448
random_seed5,random,5,164,0.016731921610293448
random_seed5,random,5,165,0.016731921610293448
random_seed5,random,5,166,0.016731921610293448
random_seed5,random,5,167,0.016731921610293448
random_seed5,random,5,168,0.016731921610293448
random_seed5,random,5,169,0.016731921610293448
random_seed5,random,5,170,0.016731921610293448
random_seed5,random,5,171,0.016731921610293448
random_seed5,random,5,172,0.016731921610293448
random_seed5,random,5,173,0.016731921610293448
random_seed5,random,5,174,0.016731921610293448
random_seed5,random,5,175,0.016731921610293448
random_seed5,random,5,176,0.016731921610293448
random_seed5,random,5,177,0.016731921610293448
random_seed5,random,5,178,0.016731921610293448
random_seed5,random,5,179,0.016731921610293448
random_seed5,random,5,180,0.016731921610293448
random_seed5,random,5,181,0.016731921610293448
random_seed5,random,5,182,0.016731921610293448
random_seed5,random,5,183,0.016731921610293448
random_seed5,random,5,184,0.016731921610293448
random_seed5,random,5,185,0.016731921610293448
random_seed5,random,5,186,0.016731921610293448
random_seed5,random,5,187,0.016731921610293448
random_seed5,random,5,188,0.016731921610293448
random_seed5,random,5,189,0.016731921610293448
random_seed5,random,5,190,0.016731921610293448
random_seed5,random,5,191,0.016731921610293448
random_seed5,random,5,192,0.016731921610293448
random_seed5,random,5,193,0.016731921610293448
random_seed5,random,5,194,0.016731921610293448
random_seed5,random,5,195,0.016731921610293448
random_seed5,random,5,196,0.016731921610293448
random_seed5,random,5,197,0.016731921610293448
random_seed5,random,5,198,0.016731921610293448
random_seed5,random,5,199,0.016731921610293448
random_seed5,random,5,200,0.016731921610293448
random_seed6,random,6,1,9195.992919640934
random_seed6,random,6,2,0.01886614954099214
random_seed6,random,6,3,0.018349973287847564
random_seed6,random,6,4,0.018349973287847564
random_seed6,random,6,5,0.018349973287847564
random_seed6,random,6,6,0.018349973287847564
random_seed6,random,6,7,0.018349973287847564
random_seed6,random,6,8,0.018349973287847564
random_seed6,random,6,9,0.018349973287847564
random_seed6,random,6,10,0.018349973287847564
random_seed6,random,6,11,0.018349973287847564
random_seed6,random,6,12,0.018349973287847564
random_seed6,random,6,13,0.018349973287847564
random_seed6,random,6,14,0.018349973287847564
random_seed6,random,6,15,0.016833738020111365
random_seed6,random,6,16,0.016833738020111365
random_seed6,random,6,17,0.016833738020111365
random_seed6,random,6,18,0.016833738020111365
random_seed6,random,6,19,0.016833738020111365
random_seed6,random,6,20,0.016833738020111365
random_seed6,random,6,21,0.016833738020111365
random_seed6,random,6,22,0.016833738020111365
random_seed6,random,6,23,0.016833738020111365
random_seed6,random,6,24,0.016833738020111365
random_seed6,random,6,25,0.016833738020111365
random_seed6,random,6,26,0.016833738020111365
random_seed6,random,6,27,0.016833738020111365
random_seed6,random,6,28,0.016833738020111365
random_seed6,random,6,29,0.016833738020111365
random_seed6,random,6,30,0.016833738020111365
random_seed6,random,6,31,0.016833738020111365
random_seed6,random,6,32,0.016833738020111365
random_seed6,random,6,33,0.016833738020111365
random_seed6,random,6,34,0.016833738020111365
random_seed6,random,6,35,0.016833738020111365
random_seed6,random,6,36,0.016833738020111365
random_seed6,random,6,37,0.016833738020111365
random_seed6,random,6,38,0.016833738020111365
random_seed6,random,6,39,0.016747466343407146
random_seed6,random,6,40,0.016747466343407146
random_seed6,random,6,41,0.016747466343407146
random_seed6,random,6,42,0.016747466343407146
random_seed6,random,6,43,0.016747466343407146
random_seed6,random,6,44,0.016747466343407146
random_seed6,random,6,45,0.016747466343407146
random_seed6,random,6,46,0.016747466343407146
random_seed6,random,6,47,0.016747466343407146
random_seed6,random,6,48,0.016747466343407146
random_seed6,random,6,49,0.016747466343407146
random_seed6,random,6,50,0.016747466343407146
random_seed6,random,6,51,0.016747466343407146
random_seed6,random,6,52,0.016747466343407146
random_seed6,random,6,53,0.016747466343407146
random_seed6,random,6,54,0.016747466343407146
random_seed6,random,6,55,0.016747466343407146
random_seed6,random,6,56,0.016747466343407146
random_seed6,random,6,57,0.016747466343407146
random_seed6,random,6,58,0.016747466343407146
random_seed6,random,6,59,0.016747466343407146
random_seed6,random,6,60,0.016747466343407146
random_seed6,random,6,61,0.016747466343407146
random_seed6,random,6,62,0.016747466343407146
random_seed6,random,6,63,0.016747466343407146
random_seed6,random,6,64,0.016747466343407146
random_seed6,random,6,65,0.016747466343407146
random_seed6,random,6,66,0.016747466343407146
random_seed6,random,6,67,0.016747466343407146
random_seed6,random,6,68,0.016747466343407146
random_seed6,random,6,69,0.016747466343407146
random_seed6,random,6,70,0.016747466343407146
random_seed6,random,6,71,0.016747466343407146
random_seed6,random,6,72,0.016747466343407146
random_seed6,random,6,73,0.016747466343407146
random_seed6,random,6,74,0.016747466343407146
random_seed6,random,6,75,0.016747466343407146
random_seed6,random,6,76,0.016747466343407146
random_seed6,random,6,77,0.016747466343407146
random_seed6,random,6,78,0.016747466343407146
random_seed6,random,6,79,0.016747466343407146
random_seed6,random,6,80,0.016747466343407146
random_seed6,random,6,81,0.016747466343407146
random_seed6,random,6,82,0.016747466343407146
random_seed6,random,6,83,0.016747466343407146
random_seed6,random,6,84,0.016747466343407146
random_seed6,random,6,85,0.016747466343407146
random_seed6,random,6,86,0.016747466343407146
random_seed6,random,6,87,0.016747466343407146
random_seed6,random,6,88,0.016747466343407146
random_seed6,random,6,89,0.016747466343407146
random_seed6,random,6,90,0.016747466343407146
random_seed6,random,6,91,0.016747466343407146
random_seed6,random,6,92,0.016747466343407146
random_seed6,random,6,93,0.016747466343407146
random_seed6,random,6,94,0.016747466343407146
random_seed6,random,6,95,0.016747466343407146
random_seed6,random,6,96,0.016747466343407146
random_seed6,random,6,97,0.016747466343407146
random_seed6,random,6,98,0.016747466343407146
random_seed6,random,6,99,0.016747466343407146
random_seed6,random,6,100,0.016747466343407146
random_seed6,random,6,101,0.016747466343407146
random_seed6,random,6,102,0.016747466343407146
random_seed6,random,6,103,0.016747466343407146
random_seed6,random,6,104,0.016747466343407146
random_seed6,random,6,105,0.016747466343407146
random_seed6,random,6,106,0.016747466343407146
random_seed6,random,6,107,0.016747466343407146
random_seed6,random,6,108,0.016747466343407146
random_seed6,random,6,109,0.016747466343407146
random_seed6,random,6,110,0.016747466343407146
random_seed6,random,6,111,0.016747466343407146
random_seed6,random,6,112,0.016747466343407146
random_seed6,random,6,113,0.016747466343407146
random_seed6,random,6,114,0.016747466343407146
random_seed6,random,6,115,0.016747466343407146
random_seed6,random,6,116,0.016747466343407146
random_seed6,random,6,117,0.016747466343407146
random_seed6,random,6,118,0.016747466343407146
random_seed6,random,6,119,0.016747466343407146
random_seed6,random,6,120,0.016747466343407146
random_seed6,random,6,121,0.016747466343407146
random_seed6,random,6,122,0.016747466343407146
random_seed6,random,6,123,0.016747466343407146
random_seed6,random,6,124,0.016747466343407146
random_seed6,random,6,125,0.016747466343407146
random_seed6,random,6,126,0.016747466343407146
random_seed6,random,6,127,0.016747466343407146
random_seed6,random,6,128,0.016747466343407146
random_seed6,random,6,129,0.016747466343407146
random_seed6,random,6,130,0.016747466343407146
random_seed6,random,6,131,0.016747466343407146
random_seed6,random,6,132,0.016747466343407146
random_seed6,random,6,133,0.016747466343407146
random_seed6,random,6,134,0.016747466343407146
random_seed6,random,6,135,0.016747466343407146
random_seed6,random,6,136,0.016747466343407146
random_seed6,random,6,137,0.016747466343407146
random_seed6,random,6,138,0.016747466343407146
random_seed6,random,6,139,0.016747466343407146
random_seed6,random,6,140,0.016747466343407146
random_seed6,random,6,141,0.016747466343407146
random_seed6,random,6,142,0.016747466343407146
random_seed6,random,6,143,0.016747466343407146
random_seed6,random,6,144,0.016747466343407146
random_seed6,random,6,145,0.016747466343407146
random_seed6,random,6,146,0.016747466343407146
random_seed6,random,6,147,0.016747466343407146
random_seed6,random,6,148,0.016747466343407146
random_seed6,random,6,149,0.016747466343407146
random_seed6,random,6,150,0.016747466343407146
random_seed6,random,6,151,0.016747466343407146
random_seed6,random,6,152,0.016733325455110932
random_seed6,random,6,153,0.016733325455110932
random_seed6,random,6,154,0.016733325455110932
random_seed6,random,6,155,0.016733325455110932
random_seed6,random,6,156,0.016733325455110932
random_seed6,random,6,157,0.016733325455110932
random_seed6,random,6,158,0.016733325455110932
random_seed6,random,6,159,0.016733325455110932
random_seed6,random,6,160,0.016733325455110932
random_seed6,random,6,161,0.016733325455110932
random_seed6,random,6,162,0.016733325455110932
random_seed6,random,6,163,0.016733325455110932
random_seed6,random,6,164,0.016733325455110932
random_seed6,random,6,165,0.016733325455110932
random_seed6,random,6,166,0.016733325455110932
random_seed6,random,6,167,0.016733325455110932
random_seed6,random,6,168,0.016733325455110932
random_seed6,random,6,169,0.016733325455110932
random_seed6,random,6,170,0.016733325455110932
random_seed6,random,6,171,0.016733325455110932
random_seed6,random,6,172,0.016733325455110932
random_seed6,random,6,173,0.016733325455110932
random_seed6,random,6,174,0.016733325455110932
random_seed6,random,6,175,0.016733325455110932
random_seed6,random,6,176,0.016733325455110932
random_seed6,random,6,177,0.016733325455110932
random_seed6,random,6,178,0.016733325455110932
random_seed6,random,6,179,0.016733325455110932
random_seed6,random,6,180,0.016733325455110932
random_seed6,random,6,181,0.016733325455110932
random_seed6,random,6,182,0.016733325455110932
random_seed6,random,6,183,0.016733325455110932
random_seed6,random,6,184,0.016733325455110932
random_seed6,random,6,185,0.016733325455110932
random_seed6,random,6,186,0.016733325455110932
random_seed6,random,6,187,0.016733325455110932
random_seed6,random,6,188,0.016733325455110932
random_seed6,random,6,189,0.016733325455110932
random_seed6,random,6,190,0.016733325455110932
random_seed6,random,6,191,0.016733325455110932
random_seed6,random,6,192,0.016733325455110932
random_seed6,random,6,193,0.016733325455110932
random_seed6,random,6,194,0.016733325455110932
random_seed6,random,6,195,0.016733325455110932
random_seed6,random,6,196,0.016733325455110932
random_seed6,random,6,197,0.016733325455110932
random_seed6,random,6,198,0.016733325455110932
random_seed6,random,6,199,0.016733325455110932
random_seed6,random,6,200,0.016733325455110932
random_seed7,random,7,1,9297.910086073156
random_seed7,random,7,2,0.09953470705733529
random_seed7,random,7,3,0.09953470705733529
random_seed7,random,7,4,0.09953470705733529
random_seed7,random,7,5,0.09953470705733529
random_seed7,random,7,6,0.09953470705733529
random_seed7,random,7,7,0.01724385158624615
random_seed7,random,7,8,0.01724385158624615
random_seed7,random,7,9,0.01724385158624615
random_seed7,random,7,10,0.01724385158624615
random_seed7,random,7,11,0.01724385158624615
random_seed7,random,7,12,0.016958217716374926
random_seed7,random,7,13,0.016958217716374926
random_seed7,random,7,14,0.016958217716374926
random_seed7,random,7,15,0.016958217716374926
random_seed7,random,7,16,0.016958217716374926
random_seed7,random,7,17,0.016958217716374926
random_seed7,random,7,18,0.016958217716374926
random_seed7,random,7,19,0.016958217716374926
random_seed7,random,7,20,0.016958217716374926
random_seed7,random,7,21,0.016958217716374926
random_seed7,random,7,22,0.01681054750291825
random_seed7,random,7,23,0.01681054750291825
random_seed7,random,7,24,0.01681054750291825
random_seed7,random,7,25,0.01681054750291825
random_seed7,random,7,26,0.01681054750291825
random_seed7,random,7,27,0.01681054750291825
random_seed7,random,7,28,0.01681054750291825
random_seed7,random,7,29,0.01681054750291825
random_seed7,random,7,30,0.01681054750291825
random_seed7,random,7,31,0.01681054750291825
random_seed7,random,7,32,0.01681054750291825
random_seed7,random,7,33,0.01681054750291825
random_seed7,random,7,34,0.01679969720046748
random_seed7,random,7,35,0.01679969720046748
random_seed7,random,7,36,0.01679969720046748
random_seed7,random,7,37,0.01679969720046748
random_seed7,random,7,38,0.01679969720046748
random_seed7,random,7,39,0.01679969720046748
random_seed7,random,7,40,0.01676103238105175
random_seed7,random,7,41,0.01676103238105175
random_seed7,random,7,42,0.01676103238105175
random_seed7,random,7,43,0.01676103238105175
random_seed7,random,7,44,0.01676103238105175
random_seed7,random,7,45,0.01676103238105175
random_seed7,random,7,46,0.01676103238105175
random_seed7,random,7,47,0.01676103238105175
random_seed7,random,7,48,0.01676103238105175
random_seed7,random,7,49,0.01676103238105175
random_seed7,random,7,50,0.01676103238105175
random_seed7,random,7,51,0.01676103238105175
random_seed7,random,7,52,0.01676103238105175
random_seed7,random,7,53,0.01676103238105175
random_seed7,random,7,54,0.01676103238105175
random_seed7,random,7,55,0.01676103238105175
random_seed7,random,7,56,0.01676103238105175
random_seed7,random,7,57,0.01676103238105175
random_seed7,random,7,58,0.01676103238105175
random_seed7,random,7,59,0.01676103238105175
random_seed7,random,7,60,0.01676103238105175
random_seed7,random,7,61,0.016733589139994145
random_seed7,random,7,62,0.016733589139994145
random_seed7,random,7,63,0.016733589139994145
random_seed7,random,7,64,0.016733589139994145
random_seed7,random,7,65,0.016733589139994145
random_seed7,random,7,66,0.016733589139994145
random_seed7,random,7,67,0.016733589139994145
random_seed7,random,7,68,0.016733589139994145
random_seed7,random,7,69,0.016733589139994145
random_seed7,random,7,70,0.016733589139994145
random_seed7,random,7,71,0.016733589139994145
random_seed7,random,7,72,0.016733589139994145
random_seed7,random,7,73,0.016733589139994145
random_seed7,random,7,74,0.016733589139994145
random_seed7,random,7,75,0.016733589139994145
random_seed7,random,7,76,0.016733589139994145
random_seed7,random,7,77,0.016733589139994145
random_seed7,random,7,78,0.016733589139994145
random_seed7,random,7,79,0.016733589139994145
random_seed7,random,7,80,0.016733589139994145
random_seed7,random,7,81,0.016733589139994145
random_seed7,random,7,82,0.016733589139994145
random_seed7,random,7,83,0.016733589139994145
random_seed7,random,7,84,0.016733589139994145
random_seed7,random,7,85,0.016733589139994145
random_seed7,random,7,86,0.016733589139994145
random_seed7,random,7,87,0.016733589139994145
random_seed7,random,7,88,0.016733589139994145
random_seed7,random,7,89,0.016733589139994145
random_seed7,random,7,90,0.016733589139994145
random_seed7,random,7,91,0.016733589139994145
random_seed7,random,7,92,0.016733589139994145
random_seed7,random,7,93,0.016733589139994145
random_seed7,random,7,94,0.016733589139994145
random_seed7,random,7,95,0.016733589139994145
random_seed7,random,7,96,0.016733589139994145
random_seed7,random,7,97,0.016733589139994145
random_seed7,random,7,98,0.016733589139994145
random_seed7,random,7,99,0.016733589139994145
random_seed7,random,7,100,0.016733589139994145
random_seed7,random,7,101,0.016733589139994145
random_seed7,random,7,102,0.016733589139994145
random_seed7,random,7,103,0.016733589139994145
random_seed7,random,7,104,0.016733589139994145
random_seed7,random,7,105,0.016733589139994145
random_seed7,random,7,106,0.016733589139994145
random_seed7,random,7,107,0.016733589139994145
random_seed7,random,7,108,0.016733589139994145
random_seed7,random,7,109,0.016733589139994145
random_seed7,random,7,110,0.016733589139994145
random_seed7,random,7,111,0.016733589139994145
random_seed7,random,7,112,0.016733589139994145
random_seed7,random,7,113,0.016733589139994145
random_seed7,random,7,114,0.016733589139994145
random_seed7,random,7,115,0.016733589139994145
random_seed7,random,7,116,0.016733589139994145
random_seed7,random,7,117,0.016733589139994145
random_seed7,random,7,118,0.016733589139994145
random_seed7,random,7,119,0.016733589139994145
random_seed7,random,7,120,0.016733589139994145
random_seed7,random,7,121,0.016733589139994145
random_seed7,random,7,122,0.016733589139994145
random_seed7,random,7,123,0.016733589139994145
random_seed7,random,7,124,0.016733589139994145
random_seed7,random,7,125,0.016733589139994145
random_seed7,random,7,126,0.016733589139994145
random_seed7,random,7,127,0.016733589139994145
random_seed7,random,7,128,0.016733589139994145
random_seed7,random,7,129,0.016733589139994145
random_seed7,random,7,130,0.016733589139994145
random_seed7,random,7,131,0.016733589139994145
random_seed7,random,7,132,0.016733589139994145
random_seed7,random,7,133,0.016733589139994145
random_seed7,random,7,134,0.016733589139994145
random_seed7,random,7,135,0.016733589139994145
random_seed7,random,7,136,0.016733589139994145
random_seed7,random,7,137,0.016733589139994145
random_seed7,random,7,138,0.016733589139994145
random_seed7,random,7,139,0.016733589139994145
random_seed7,random,7,140,0.016733589139994145
random_seed7,random,7,141,0.016733589139994145
random_seed7,random,7,142,0.016733589139994145
random_seed7,random,7,143,0.016733589139994145
random_seed7,random,7,144,0.016733589139994145
random_seed7,random,7,145,0.016733589139994145
random_seed7,random,7,146,0.016733589139994145
random_seed7,random,7,147,0.016733589139994145
random_seed7,random,7,148,0.016733589139994145
random_seed7,random,7,149,0.016733589139994145
random_seed7,random,7,150,0.016733589139994145
random_seed7,random,7,151,0.016733589139994145
random_seed7,random,7,152,0.016733589139994145
random_seed7,random,7,153,0.016733589139994145
random_seed7,random,7,154,0.016733589139994145
random_seed7,random,7,155,0.016733589139994145
random_seed7,random,7,156,0.016733589139994145
random_seed7,random,7,157,0.016733589139994145
random_seed7,random,7,158,0.016733589139994145
random_seed7,random,7,159,0.016733589139994145
random_seed7,random,7,160,0.016733589139994145
random_seed7,random,7,161,0.016733589139994145
random_seed7,random,7,162,0.016733589139994145
random_seed7,random,7,163,0.016733589139994145
random_seed7,random,7,164,0.016733589139994145
random_seed7,random,7,165,0.016733589139994145
random_seed7,random,7,166,0.016733589139994145
random_seed7,random,7,167,0.016733589139994145
random_seed7,random,7,168,0.016733589139994145
random_seed7,random,7,169,0.016733589139994145
random_seed7,random,7,170,0.016733589139994145
random_seed7,random,7,171,0.016733589139994145
random_seed7,random,7,172,0.016733589139994145
random_seed7,random,7,173,0.016733589139994145
random_seed7,random,7,174,0.016733589139994145
random_seed7,random,7,175,0.016733589139994145
random_seed7,random,7,176,0.016733589139994145
random_seed7,random,7,177,0.016733589139994145
random_seed7,random,7,178,0.016733589139994145
random_seed7,random,7,179,0.016733589139994145
random_seed7,random,7,180,0.016733589139994145
random_seed7,random,7,181,0.016733589139994145
random_seed7,random,7,182,0.016733589139994145
random_seed7,random,7,183,0.016733589139994145
random_seed7,random,7,184,0.016733589139994145
random_seed7,random,7,185,0.016733589139994145
random_seed7,random,7,186,0.016733589139994145
random_seed7,random,7,187,0.016733589139994145
random_seed7,random,7,188,0.016733589139994145
random_seed7,random,7,189,0.016733589139994145
random_seed7,random,7,190,0.016732129217927015
random_seed7,random,7,191,0.016732129217927015
random_seed7,random,7,192,0.016732129217927015
random_seed7,random,7,193,0.016732129217927015
random_seed7,random,7,194,0.016732129217927015
random_seed7,random,7,195,0.016732129217927015
random_seed7,random,7,196,0.016732129217927015
random_seed7,random,7,197,0.016732129217927015
random_seed7,random,7,198,0.016732129217927015
random_seed7,random,7,199,0.016732129217927015
random_seed7,random,7,200,0.016732129217927015
random_seed8,random,8,1,65.72920693767578
random_seed8,random,8,2,65.72920693767578
random_seed8,random,8,3,0.16113540022645806
random_seed8,random,8,4,0.16113540022645806
random_seed8,random,8,5,0.016740007700821513
random_seed8,random,8,6,0.016740007700821513
random_seed8,random,8,7,0.016740007700821513
random_seed8,random,8,8,0.016740007700821513
random_seed8,random,8,9,0.016740007700821513
random_seed8,random,8,10,0.016740007700821513
random_seed8,random,8,11,0.016740007700821513
random_seed8,random,8,12,0.016740007700821513
random_seed8,random,8,13,0.016740007700821513
random_seed8,random,8,14,0.016740007700821513
random_seed8,random,8,15,0.01673849762035731
random_seed8,random,8,16,0.01673849762035731
random_seed8,random,8,17,0.01673849762035731
random_seed8,random,8,18,0.01673849762035731
random_seed8,random,8,19,0.01673849762035731
random_seed8,random,8,20,0.01673849762035731
random_seed8,random,8,21,0.01673849762035731
random_seed8,random,8,22,0.01673849762035731
random_seed8,random,8,23,0.01673849762035731
random_seed8,random,8,24,0.01673849762035731
random_seed8,random,8,25,0.01673849762035731
random_seed8,random,8,26,0.01673849762035731
random_seed8,random,8,27,0.01673849762035731
random_seed8,random,8,28,0.01673849762035731
random_seed8,random,8,29,0.01673849762035731
random_seed8,random,8,30,0.01673849762035731
random_seed8,random,8,31,0.01673849762035731
random_seed8,random,8,32,0.01673849762035731
random_seed8,random,8,33,0.01673849762035731
random_seed8,random,8,34,0.01673849762035731
random_seed8,random,8,35,0.01673849762035731
random_seed8,random,8,36,0.01673849762035731
random_seed8,random,8,37,0.01673849762035731
random_seed8,random,8,38,0.01673849762035731
random_seed8,random,8,39,0.01673849762035731
random_seed8,random,8,40,0.01673849762035731
random_seed8,random,8,41,0.016735614540202434
random_seed8,random,8,42,0.016735614540202434
random_seed8,random,8,43,0.016735614540202434
random_seed8,random,8,44,0.016735614540202434
random_seed8,random,8,45,0.016735614540202434
random_seed8,random,8,46,0.016735614540202434
random_seed8,random,8,47,0.016735614540202434
random_seed8,random,8,48,0.016735614540202434
random_seed8,random,8,49,0.016735614540202434
random_seed8,random,8,50,0.016735614540202434
random_seed8,random,8,51,0.016735614540202434
random_seed8,random,8,52,0.016735614540202434
random_seed8,random,8,53,0.016735614540202434
random_seed8,random,8,54,0.016735614540202434
random_seed8,random,8,55,0.016735614540202434
random_seed8,random,8,56,0.016735614540202434
random_seed8,random,8,57,0.016735614540202434
random_seed8,random,8,58,0.016735614540202434
random_seed8,random,8,59,0.016735614540202434
random_seed8,random,8,60,0.016735614540202434
random_seed8,random,8,61,0.016735614540202434
random_seed8,random,8,62,0.016735614540202434
random_seed8,random,8,63,0.016735614540202434
random_seed8,random,8,64,0.016735614540202434
random_seed8,random,8,65,0.016735614540202434
random_seed8,random,8,66,0.016735614540202434
random_seed8,random,8,67,0.016735614540202434
random_seed8,random,8,68,0.016735614540202434
random_seed8,random,8,69,0.016735614540202434
random_seed8,random,8,70,0.016735614540202434
random_seed8,random,8,71,0.016735614540202434
random_seed8,random,8,72,0.016735614540202434
random_seed8,random,8,73,0.016735614540202434
random_seed8,random,8,74,0.016735614540202434
random_seed8,random,8,75,0.016735614540202434
random_seed8,random,8,76,0.016735614540202434
random_seed8,random,8,77,0.016735614540202434
random_seed8,random,8,78,0.016735614540202434
random_seed8,random,8,79,0.016735614540202434
random_seed8,random,8,80,0.016735614540202434
random_seed8,random,8,81,0.016735614540202434
random_seed8,random,8,82,0.016735614540202434
random_seed8,random,8,83,0.016735614540202434
random_seed8,random,8,84,0.016735614540202434
random_seed8,random,8,85,0.016735614540202434
random_seed8,random,8,86,0.016735614540202434
random_seed8,random,8,87,0.016735614540202434
random_seed8,random,8,88,0.016735614540202434
random_seed8,random,8,89,0.016735614540202434
random_seed8,random,8,90,0.016735614540202434
random_seed8,random,8,91,0.016735614540202434
random_seed8,random,8,92,0.016735614540202434
random_seed8,random,8,93,0.016735614540202434
random_seed8,random,8,94,0.016735614540202434
random_seed8,random,8,95,0.016735614540202434
random_seed8,random,8,96,0.016735614540202434
random_seed8,random,8,97,0.016735614540202434
random_seed8,random,8,98,0.016735614540202434
random_seed8,random,8,99,0.016735614540202434
random_seed8,random,8,100,0.016735614540202434
random_seed8,random,8,101,0.016735614540202434
random_seed8,random,8,102,0.016735614540202434
random_seed8,random,8,103,0.016735614540202434
random_seed8,random,8,104,0.016735614540202434
random_seed8,random,8,105,0.016735614540202434
random_seed8,random,8,106,0.016735614540202434
random_seed8,random,8,107,0.016735614540202434
random_seed8,random,8,108,0.016735614540202434
random_seed8,random,8,109,0.016735614540202434
random_seed8,random,8,110,0.016735614540202434
random_seed8,random,8,111,0.016735614540202434
random_seed8,random,8,112,0.016735614540202434
random_seed8,random,8,113,0.016735614540202434
random_seed8,random,8,114,0.016735614540202434
random_seed8,random,8,115,0.016735614540202434
random_seed8,random,8,116,0.016735614540202434
random_seed8,random,8,117,0.016735614540202434
random_seed8,random,8,118,0.016735614540202434
random_seed8,random,8,119,0.016735614540202434
random_seed8,random,8,120,0.016735614540202434
random_seed8,random,8,121,0.016735614540202434
random_seed8,random,8,122,0.016735614540202434
random_seed8,random,8,123,0.016735614540202434
random_seed8,random,8,124,0.016735614540202434
random_seed8,random,8,125,0.016735614540202434
random_seed8,random,8,126,0.016735614540202434
random_seed8,random,8,127,0.016735614540202434
random_seed8,random,8,128,0.016735614540202434
random_seed8,random,8,129,0.016735614540202434
random_seed8,random,8,130,0.016735614540202434
random_seed8,random,8,131,0.016735614540202434
random_seed8,random,8,132,0.016735614540202434
random_seed8,random,8,133,0.016735614540202434
random_seed8,random,8,134,0.016735614540202434
random_seed8,random,8,135,0.016735614540202434
random_seed8,random,8,136,0.016735614540202434
random_seed8,random,8,137,0.016735614540202434
random_seed8,random,8,138,0.016735614540202434
random_seed8,random,8,139,0.016735614540202434
random_seed8,random,8,140,0.016735614540202434
random_seed8,random,8,141,0.016735614540202434
random_seed8,random,8,142,0.016735614540202434
random_seed8,random,8,143,0.016735614540202434
random_seed8,random,8,144,0.016735614540202434
random_seed8,random,8,145,0.016735614540202434
random_seed8,random,8,146,0.016735614540202434
random_seed8,random,8,147,0.016735614540202434
random_seed8,random,8,148,0.016735614540202434
random_seed8,random,8,149,0.016735614540202434
random_seed8,random,8,150,0.016735614540202434
random_seed8,random,8,151,0.016735614540202434
random_seed8,random,8,152,0.016735614540202434
random_seed8,random,8,153,0.016735614540202434
random_seed8,random,8,154,0.016735614540202434
random_seed8,random,8,155,0.016735614540202434
random_seed8,random,8,156,0.016735614540202434
random_seed8,random,8,157,0.016735614540202434
random_seed8,random,8,158,0.016735614540202434
random_seed8,random,8,159,0.016735614540202434
random_seed8,random,8,160,0.016735614540202434
random_seed8,random,8,161,0.016735614540202434
random_seed8,random,8,162,0.016735614540202434
random_seed8,random,8,163,0.016735614540202434
random_seed8,random,8,164,0.016735614540202434
random_seed8,random,8,165,0.016735614540202434
random_seed8,random,8,166,0.016735614540202434
random_seed8,random,8,167,0.016735614540202434
random_seed8,random,8,168,0.016735614540202434
random_seed8,random,8,169,0.016735614540202434
random_seed8,random,8,170,0.016735614540202434
random_seed8,random,8,171,0.016735614540202434
random_seed8,random,8,172,0.016735614540202434
random_seed8,random,8,173,0.016735614540202434
random_seed8,random,8,174,0.016735614540202434
random_seed8,random,8,175,0.016735614540202434
random_seed8,random,8,176,0.016735614540202434
random_seed8,random,8,177,0.016735614540202434
random_seed8,random,8,178,0.016735614540202434
random_seed8,random,8,179,0.016735614540202434
random_seed8,random,8,180,0.016735614540202434
random_seed8,random,8,181,0.016735614540202434
random_seed8,random,8,182,0.016735614540202434
random_seed8,random,8,183,0.016735614540202434
random_seed8,random,8,184,0.016735614540202434
random_seed8,random,8,185,0.016735614540202434
random_seed8,random,8,186,0.01673234073558478
random_seed8,random,8,187,0.01673234073558478
random_seed8,random,8,188,0.01673234073558478
random_seed8,random,8,189,0.01673234073558478
random_seed8,random,8,190,0.01673234073558478
random_seed8,random,8,191,0.01673234073558478
random_seed8,random,8,192,0.01673234073558478
random_seed8,random,8,193,0.01673234073558478
random_seed8,random,8,194,0.01673234073558478
random_seed8,random,8,195,0.01673234073558478
random_seed8,random,8,196,0.01673234073558478
random_seed8,random,8,197,0.01673234073558478
random_seed8,random,8,198,0.01673234073558478
random_seed8,random,8,199,0.01673234073558478
random_seed8,random,8,200,0.01673234073558478
random_seed9,random,9,1,0.0168293207270522
random_seed9,random,9,2,0.0168293207270522
random_seed9,random,9,3,0.0168293207270522
random_seed9,random,9,4,0.0168293207270522
random_seed9,random,9,5,0.016736537086713903
random_seed9,random,9,6,0.016736537086713903
random_seed9,random,9,7,0.016736537086713903
random_seed9,random,9,8,0.016736537086713903
random_seed9,random,9,9,0.016736537086713903
random_seed9,random,9,10,0.016736537086713903
random_seed9,random,9,11,0.016736537086713903
random_seed9,random,9,12,0.016736537086713903
random_seed9,random,9,13,0.016736537086713903
random_seed9,random,9,14,0.016735053520028003
random_seed9,random,9,15,0.016735053520028003
random_seed9,random,9,16,0.016735053520028003
random_seed9,random,9,17,0.016735053520028003
random_seed9,random,9,18,0.016735053520028003
random_seed9,random,9,19,0.016735053520028003
random_seed9,random,9,20,0.016735053520028003
random_seed9,random,9,21,0.016735053520028003
random_seed9,random,9,22,0.016735053520028003
random_seed9,random,9,23,0.016735053520028003
random_seed9,random,9,24,0.016735053520028003
random_seed9,random,9,25,0.016735053520028003
random_seed9,random,9,26,0.016735053520028003
random_seed9,random,9,27,0.016735053520028003
random_seed9,random,9,28,0.016735053520028003
random_seed9,random,9,29,0.016735053520028003
random_seed9,random,9,30,0.016735053520028003
random_seed9,random,9,31,0.016735053520028003
random_seed9,random,9,32,0.016735053520028003
random_seed9,random,9,33,0.016735053520028003
random_seed9,random,9,34,0.016735053520028003
random_seed9,random,9,35,0.016735053520028003
random_seed9,random,9,36,0.016735053520028003
random_seed9,random,9,37,0.016735053520028003
random_seed9,random,9,38,0.016735053520028003
random_seed9,random,9,39,0.016735053520028003
random_seed9,random,9,40,0.016735053520028003
random_seed9,random,9,41,0.016735053520028003
random_seed9,random,9,42,0.016735053520028003
random_seed9,random,9,43,0.016735053520028003
random_seed9,random,9,44,0.016735053520028003
random_seed9,random,9,45,0.016735053520028003
random_seed9,random,9,46,0.016735053520028003
random_seed9,random,9,47,0.016735053520028003
random_seed9,random,9,48,0.016735053520028003
random_seed9,random,9,49,0.016735053520028003
random_seed9,random,9,50,0.016735053520028003
random_seed9,random,9,51,0.016735053520028003
random_seed9,random,9,52,0.016735053520028003
random_seed9,random,9,53,0.016735053520028003
random_seed9,random,9,54,0.016735053520028003
random_seed9,random,9,55,0.016735053520028003
random_seed9,random,9,56,0.016735053520028003
random_seed9,random,9,57,0.016735053520028003
random_seed9,random,9,58,0.016735053520028003
random_seed9,random,9,59,0.016735053520028003
random_seed9,random,9,60,0.016735053520028003
random_seed9,random,9,61,0.016735053520028003
random_seed9,random,9,62,0.016735053520028003
random_seed9,random,9,63,0.016735053520028003
random_seed9,random,9,64,0.016735053520028003
random_seed9,random,9,65,0.016735053520028003
random_seed9,random,9,66,0.016735053520028003
random_seed9,random,9,67,0.016735053520028003
random_seed9,random,9,68,0.016735053520028003
random_seed9,random,9,69,0.016735053520028003
random_seed9,random,9,70,0.016735053520028003
random_seed9,random,9,71,0.016735053520028003
random_seed9,random,9,72,0.016735053520028003
random_seed9,random,9,73,0.016735053520028003
random_seed9,random,9,74,0.016735053520028003
random_seed9,random,9,75,0.016735053520028003
random_seed9,random,9,76,0.016732469740708585
random_seed9,random,9,77,0.016732469740708585
random_seed9,random,9,78,0.016732469740708585
random_seed9,random,9,79,0.016732469740708585
random_seed9,random,9,80,0.016732469740708585
random_seed9,random,9,81,0.016732469740708585
random_seed9,random,9,82,0.016732469740708585
random_seed9,random,9,83,0.016732469740708585
random_seed9,random,9,84,0.016732469740708585
random_seed9,random,9,85,0.016732469740708585
random_seed9,random,9,86,0.016732469740708585
random_seed9,random,9,87,0.016732469740708585
random_seed9,random,9,88,0.016732469740708585
random_seed9,random,9,89,0.016732469740708585
random_seed9,random,9,90,0.016732469740708585
random_seed9,random,9,91,0.016732469740708585
random_seed9,random,9,92,0.016732469740708585
random_seed9,random,9,93,0.016732469740708585
random_seed9,random,9,94,0.016732469740708585
random_seed9,random,9,95,0.016732469740708585
random_seed9,random,9,96,0.016732469740708585
random_seed9,random,9,97,0.016732469740708585
random_seed9,random,9,98,0.016732469740708585
random_seed9,random,9,99,0.016732469740708585
random_seed9,random,9,100,0.016732469740708585
random_seed9,random,9,101,0.016732469740708585
random_seed9,random,9,102,0.016732469740708585
random_seed9,random,9,103,0.016732469740708585
random_seed9,random,9,104,0.016732469740708585
random_seed9,random,9,105,0.016732469740708585
random_seed9,random,9,106,0.016732469740708585
random_seed9,random,9,107,0.016732469740708585
random_seed9,random,9,108,0.016732469740708585
random_seed9,random,9,109,0.016732469740708585
random_seed9,random,9,110,0.016732469740708585
random_seed9,random,9,111,0.016732469740708585
random_seed9,random,9,112,0.016732469740708585
random_seed9,random,9,113,0.016732469740708585
random_seed9,random,9,114,0.016732469740708585
random_seed9,random,9,115,0.016732469740708585
random_seed9,random,9,116,0.016732469740708585
random_seed9,random,9,117,0.016732469740708585
random_seed9,random,9,118,0.016732469740708585
random_seed9,random,9,119,0.016732469740708585
random_seed9,random,9,120,0.016732469740708585
random_seed9,random,9,121,0.016732469740708585
random_seed9,random,9,122,0.016732469740708585
random_seed9,random,9,123,0.016732469740708585
random_seed9,random,9,124,0.016732469740708585
random_seed9,random,9,125,0.016732469740708585
random_seed9,random,9,126,0.016732469740708585
random_seed9,random,9,127,0.016732469740708585
random_seed9,random,9,128,0.016732469740708585
random_seed9,random,9,129,0.016732469740708585
random_seed9,random,9,130,0.016732469740708585
random_seed9,random,9,131,0.016732469740708585
random_seed9,random,9,132,0.016732469740708585
random_seed9,random,9,133,0.016732469740708585
random_seed9,random,9,134,0.016732469740708585
random_seed9,random,9,135,0.016732469740708585
random_seed9,random,9,136,0.016732469740708585
random_seed9,random,9,137,0.016732469740708585
random_seed9,random,9,138,0.016732469740708585
random_seed9,random,9,139,0.016732469740708585
random_seed9,random,9,140,0.016732469740708585
random_seed9,random,9,141,0.016732469740708585
random_seed9,random,9,142,0.016732469740708585
random_seed9,random,9,143,0.016732469740708585
random_seed9,random,9,144,0.016732469740708585
random_seed9,random,9,145,0.016732469740708585
random_seed9,random,9,146,0.016732469740708585
random_seed9,random,9,147,0.016732469740708585
random_seed9,random,9,148,0.016732469740708585
random_seed9,random,9,149,0.016732469740708585
random_seed9,random,9,150,0.016732469740708585
random_seed9,random,9,151,0.016732469740708585
random_seed9,random,9,152,0.016732469740708585
random_seed9,random,9,153,0.016732469740708585
random_seed9,random,9,154,0.016732469740708585
random_seed9,random,9,155,0.016732469740708585
random_seed9,random,9,156,0.016732469740708585
random_seed9,random,9,157,0.016732469740708585
random_seed9,random,9,158,0.016732469740708585
random_seed9,random,9,159,0.016732469740708585
random_seed9,random,9,160,0.016732469740708585
random_seed9,random,9,161,0.016732469740708585
random_seed9,random,9,162,0.016732469740708585
random_seed9,random,9,163,0.016732469740708585
random_seed9,random,9,164,0.016732469740708585
random_seed9,random,9,165,0.016732469740708585
random_seed9,random,9,166,0.016732469740708585
random_seed9,random,9,167,0.016732469740708585
random_seed9,random,9,168,0.016732469740708585
random_seed9,random,9,169,0.016732469740708585
random_seed9,random,9,170,0.016732469740708585
random_seed9,random,9,171,0.016732469740708585
random_seed9,random,9,172,0.016732469740708585
random_seed9,random,9,173,0.016732469740708585
random_seed9,random,9,174,0.016732469740708585
random_seed9,random,9,175,0.016732469740708585
random_seed9,random,9,176,0.016732469740708585
random_seed9,random,9,177,0.016732469740708585
random_seed9,random,9,178,0.016732469740708585
random_seed9,random,9,179,0.016732469740708585
random_seed9,random,9,180,0.016732469740708585
random_seed9,random,9,181,0.016732469740708585
random_seed9,random,9,182,0.016732469740708585
random_seed9,random,9,183,0.016732469740708585
random_seed9,random,9,184,0.016732469740708585
random_seed9,random,9,185,0.016732469740708585
random_seed9,random,9,186,0.016732469740708585
random_seed9,random,9,187,0.016732469740708585
random_seed9,random,9,188,0.016732469740708585
random_seed9,random,9,189,0.016732469740708585
random_seed9,random,9,190,0.016732469740708585
random_seed9,random,9,191,0.016732469740708585
random_seed9,random,9,192,0.016732469740708585
random_seed9,random,9,193,0.016732469740708585
random_seed9,random,9,194,0.016732469740708585
random_seed9,random,9,195,0.016732469740708585
random_seed9,random,9,196,0.016732469740708585
random_seed9,random,9,197,0.016732469740708585
random_seed9,random,9,198,0.016732469740708585
random_seed9,random,9,199,0.016732469740708585
random_seed9,random,9,200,0.016732469740708585
random_seed10,random,10,1,1826.55322729941
random_seed10,random,10,2,1826.55322729941
random_seed10,random,10,3,0.016779848951112203
random_seed10,random,10,4,0.016779848951112203
random_seed10,random,10,5,0.016779848951112203
random_seed10,random,10,6,0.016779848951112203
random_seed10,random,10,7,0.016779848951112203
random_seed10,random,10,8,0.016779848951112203
random_seed10,random,10,9,0.016779848951112203
random_seed10,random,10,10,0.016779848951112203
random_seed10,random,10,11,0.016779848951112203
random_seed10,random,10,12,0.016779848951112203
random_seed10,random,10,13,0.016779848951112203
random_seed10,random,10,14,0.016779848951112203
random_seed10,random,10,15,0.016779848951112203
random_seed10,random,10,16,0.016779848951112203
random_seed10,random,10,17,0.016779848951112203
random_seed10,random,10,18,0.016779848951112203
random_seed10,random,10,19,0.016779848951112203
random_seed10,random,10,20,0.016779848951112203
random_seed10,random,10,21,0.016779848951112203
random_seed10,random,10,22,0.016779848951112203
random_seed10,random,10,23,0.016779848951112203
random_seed10,random,10,24,0.016779848951112203
random_seed10,random,10,25,0.016779848951112203
random_seed10,random,10,26,0.016779848951112203
random_seed10,random,10,27,0.016779848951112203
random_seed10,random,10,28,0.016779848951112203
random_seed10,random,10,29,0.016779848951112203
random_seed10,random,10,30,0.016779848951112203
random_seed10,random,10,31,0.016779848951112203
random_seed10,random,10,32,0.016779848951112203
random_seed10,random,10,33,0.016779848951112203
random_seed10,random,10,34,0.016779848951112203
random_seed10,random,10,35,0.016779848951112203
random_seed10,random,10,36,0.016779848951112203
random_seed10,random,10,37,0.016779848951112203
random_seed10,random,10,38,0.016779848951112203
random_seed10,random,10,39,0.016779848951112203
random_seed10,random,10,40,0.016779848951112203
random_seed10,random,10,41,0.016779848951112203
random_seed10,random,10,42,0.016779848951112203
random_seed10,random,10,43,0.016779848951112203
random_seed10,random,10,44,0.016779848951112203
random_seed10,random,10,45,0.016779848951112203
random_seed10,random,10,46,0.016779848951112203
random_seed10,random,10,47,0.016779848951112203
random_seed10,random,10,48,0.016779848951112203
random_seed10,random,10,49,0.016779848951112203
random_seed10,random,10,50,0.016779848951112203
random_seed10,random,10,51,0.016779848951112203
random_seed10,random,10,52,0.016779848951112203
random_seed10,random,10,53,0.016779848951112203
random_seed10,random,10,54,0.016779848951112203
random_seed10,random,10,55,0.016779848951112203
random_seed10,random,10,56,0.016779848951112203
random_seed10,random,10,57,0.016779848951112203
random_seed10,random,10,58,0.016779848951112203
random_seed10,random,10,59,0.016779848951112203
random_seed10,random,10,60,0.016779848951112203
random_seed10,random,10,61,0.016779848951112203
random_seed10,random,10,62,0.016779848951112203
random_seed10,random,10,63,0.016779848951112203
random_seed10,random,10,64,0.016779848951112203
random_seed10,random,10,65,0.016779848951112203
random_seed10,random,10,66,0.016779848951112203
random_seed10,random,10,67,0.016779848951112203
random_seed10,random,10,68,0.016779848951112203
random_seed10,random,10,69,0.016779848951112203
random_seed10,random,10,70,0.016779848951112203
random_seed10,random,10,71,0.016779848951112203
random_seed10,random,10,72,0.016779848951112203
random_seed10,random,10,73,0.016779848951112203
random_seed10,random,10,74,0.016779848951112203
random_seed10,random,10,75,0.016779848951112203
random_seed10,random,10,76,0.016779848951112203
random_seed10,random,10,77,0.016779848951112203
random_seed10,random,10,78,0.016779848951112203
random_seed10,random,10,79,0.016779848951112203
random_seed10,random,10,80,0.016779848951112203
random_seed10,random,10,81,0.016779848951112203
random_seed10,random,10,82,0.016779848951112203
random_seed10,random,10,83,0.016779848951112203
random_seed10,random,10,84,0.016779848951112203
random_seed10,random,10,85,0.016779848951112203
random_seed10,random,10,86,0.016779848951112203
random_seed10,random,10,87,0.016779848951112203
random_seed10,random,10,88,0.016779848951112203
random_seed10,random,10,89,0.016779848951112203
random_seed10,random,10,90,0.016779848951112203
random_seed10,random,10,91,0.016779848951112203
random_seed10,random,10,92,0.016779848951112203
random_seed10,random,10,93,0.016779848951112203
random_seed10,random,10,94,0.016779848951112203
random_seed10,random,10,95,0.016779848951112203
random_seed10,random,10,96,0.016779848951112203
random_seed10,random,10,97,0.016779848951112203
random_seed10,random,10,98,0.016779848951112203
random_seed10,random,10,99,0.016779848951112203
random_seed10,random,10,100,0.016779848951112203
random_seed10,random,10,101,0.016779848951112203
random_seed10,random,10,102,0.016745685274600526
random_seed10,random,10,103,0.016745685274600526
random_seed10,random,10,104,0.016745685274600526
random_seed10,random,10,105,0.016745685274600526
random_seed10,random,10,106,0.016745685274600526
random_seed10,random,10,107,0.016745685274600526
random_seed10,random,10,108,0.016745685274600526
random_seed10,random,10,109,0.016745685274600526
random_seed10,random,10,110,0.016745685274600526
random_seed10,random,10,111,0.016745685274600526
random_seed10,random,10,112,0.016745685274600526
random_seed10,random,10,113,0.016745685274600526
random_seed10,random,10,114,0.016745685274600526
random_seed10,random,10,115,0.016745685274600526
random_seed10,random,10,116,0.016745685274600526
random_seed10,random,10,117,0.016745685274600526
random_seed10,random,10,118,0.016745685274600526
random_seed10,random,10,119,0.016745685274600526
random_seed10,random,10,120,0.016745685274600526
random_seed10,random,10,121,0.016745685274600526
random_seed10,random,10,122,0.016745685274600526
random_seed10,random,10,123,0.016745685274600526
random_seed10,random,10,124,0.016745685274600526
random_seed10,random,10,125,0.016745685274600526
random_seed10,random,10,126,0.016745685274600526
random_seed10,random,10,127,0.016745685274600526
random_seed10,random,10,128,0.016745685274600526
random_seed10,random,10,129,0.016745685274600526
random_seed10,random,10,130,0.016745685274600526
random_seed10,random,10,131,0.016745685274600526
random_seed10,random,10,132,0.016745685274600526
random_seed10,random,10,133,0.016745685274600526
random_seed10,random,10,134,0.016745685274600526
random_seed10,random,10,135,0.016745685274600526
random_seed10,random,10,136,0.016745685274600526
random_seed10,random,10,137,0.016745685274600526
random_seed10,random,10,138,0.016745685274600526
random_seed10,random,10,139,0.016745685274600526
random_seed10,random,10,140,0.016745685274600526
random_seed10,random,10,141,0.016745685274600526
random_seed10,random,10,142,0.016745685274600526
random_seed10,random,10,143,0.016745685274600526
random_seed10,random,10,144,0.016745685274600526
random_seed10,random,10,145,0.016745685274600526
random_seed10,random,10,146,0.016745685274600526
random_seed10,random,10,147,0.016745685274600526
random_seed10,random,10,148,0.016745685274600526
random_seed10,random,10,149,0.016745685274600526
random_seed10,random,10,150,0.016745685274600526
random_seed10,random,10,151,0.016745685274600526
random_seed10,random,10,152,0.016745685274600526
random_seed10,random,10,153,0.016745685274600526
random_seed10,random,10,154,0.016745685274600526
random_seed10,random,10,155,0.016745685274600526
random_seed10,random,10,156,0.016745685274600526
random_seed10,random,10,157,0.016745685274600526
random_seed10,random,10,158,0.016745685274600526
random_seed10,random,10,159,0.016745685274600526
random_seed10,random,10,160,0.016745685274600526
random_seed10,random,10,161,0.016745685274600526
random_seed10,random,10,162,0.016745685274600526
random_seed10,random,10,163,0.016745685274600526
random_seed10,random,10,164,0.016745685274600526
random_seed10,random,10,165,0.016745685274600526
random_seed10,random,10,166,0.016745685274600526
random_seed10,random,10,167,0.016745685274600526
random_seed10,random,10,168,0.016745685274600526
random_seed10,random,10,169,0.016745685274600526
random_seed10,random,10,170,0.016745685274600526
random_seed10,random,10,171,0.016745685274600526
random_seed10,random,10,172,0.016745685274600526
random_seed10,random,10,173,0.016745685274600526
random_seed10,random,10,174,0.016745685274600526
random_seed10,random,10,175,0.016745685274600526
random_seed10,random,10,176,0.016745685274600526
random_seed10,random,10,177,0.016745685274600526
random_seed10,random,10,178,0.016745685274600526
random_seed10,random,10,179,0.016745685274600526
random_seed10,random,10,180,0.016745685274600526
random_seed10,random,10,181,0.016745685274600526
random_seed10,random,10,182,0.016745685274600526
random_seed10,random,10,183,0.016745685274600526
random_seed10,random,10,184,0.016745685274600526
random_seed10,random,10,185,0.016745685274600526
random_seed10,random,10,186,0.016745685274600526
random_seed10,random,10,187,0.016745685274600526
random_seed10,random,10,188,0.016745685274600526
random_seed10,random,10,189,0.016745685274600526
random_seed10,random,10,190,0.016745685274600526
random_seed10,random,10,191,0.016745685274600526
random_seed10,random,10,192,0.016745685274600526
random_seed10,random,10,193,0.016745685274600526
random_seed10,random,10,194,0.016745685274600526
random_seed10,random,10,195,0.016745685274600526
random_seed10,random,10,196,0.016745685274600526
random_seed10,random,10,197,0.016745685274600526
random_seed10,random,10,198,0.016738577170759748
random_seed10,random,10,199,0.016738577170759748
random_seed10,random,10,200,0.016738577170759748
ga_arith_seed1,ga,1,1,9354.373315548184
ga_arith_seed1,ga,1,2,0.03165146581718769
ga_arith_seed1,ga,1,3,0.03165146581718769
ga_arith_seed1,ga,1,4,0.03165146581718769
ga_arith_seed1,ga,1,5,0.03165146581718769
ga_arith_seed1,ga,1,6,0.03165146581718769
ga_arith_seed1,ga,1,7,0.03165146581718769
ga_arith_seed1,ga,1,8,0.03165146581718769
ga_arith_seed1,ga,1,9,0.03165146581718769
ga_arith_seed1,ga,1,10,0.03165146581718769
ga_arith_seed1,ga,1,11,0.03165146581718769
ga_arith_seed1,ga,1,12,0.03165146581718769
ga_arith_seed1,ga,1,13,0.03165146581718769
ga_arith_seed1,ga,1,14,0.03165146581718769
ga_arith_seed1,ga,1,15,0.03165146581718769
ga_arith_seed1,ga,1,16,0.03165146581718769
ga_arith_seed1,ga,1,17,0.018663987291015125
ga_arith_seed1,ga,1,18,0.018663987291015125
ga_arith_seed1,ga,1,19,0.018663987291015125
ga_arith_seed1,ga,1,20,0.016827097118572085
ga_arith_seed1,ga,1,21,0.016827097118572085
ga_arith_seed1,ga,1,22,0.016827097118572085
ga_arith_seed1,ga,1,23,0.016827097118572085
ga_arith_seed1,ga,1,24,0.016827097118572085
ga_arith_seed1,ga,1,25,0.016827097118572085
ga_arith_seed1,ga,1,26,0.016827097118572085
ga_arith_seed1,ga,1,27,0.016827097118572085
ga_arith_seed1,ga,1,28,0.016827097118572085
ga_arith_seed1,ga,1,29,0.016827097118572085
ga_arith_seed1,ga,1,30,0.016827097118572085
ga_arith_seed1,ga,1,31,0.016827097118572085
ga_arith_seed1,ga,1,32,0.016827097118572085
ga_arith_seed1,ga,1,33,0.016827097118572085
ga_arith_seed1,ga,1,34,0.016827097118572085
ga_arith_seed1,ga,1,35,0.016827097118572085
ga_arith_seed1,ga,1,36,0.016827097118572085
ga_arith_seed1,ga,1,37,0.016827097118572085
ga_arith_seed1,ga,1,38,0.016827097118572085
ga_arith_seed1,ga,1,39,0.016827097118572085
ga_arith_seed1,ga,1,40,0.016827097118572085
ga_arith_seed1,ga,1,41,0.016827097118572085
ga_arith_seed1,ga,1,42,0.016827097118572085
ga_arith_seed1,ga,1,43,0.016827097118572085
ga_arith_seed1,ga,1,44,0.016827097118572085
ga_arith_seed1,ga,1,45,0.016827097118572085
ga_arith_seed1,ga,1,46,0.016762146528997584
ga_arith_seed1,ga,1,47,0.016762146528997584
ga_arith_seed1,ga,1,48,0.016741761685257782
ga_arith_seed1,ga,1,49,0.016741761685257782
ga_arith_seed1,ga,1,50,0.016741761685257782
ga_arith_seed1,ga,1,51,0.016741761685257782
ga_arith_seed1,ga,1,52,0.016741761685257782
ga_arith_seed1,ga,1,53,0.016741761685257782
ga_arith_seed1,ga,1,54,0.016741761685257782
ga_arith_seed1,ga,1,55,0.016737640957460005
ga_arith_seed1,ga,1,56,0.016737640957460005
ga_arith_seed1,ga,1,57,0.016737640957460005
ga_arith_seed1,ga,1,58,0.016737640957460005
ga_arith_seed1,ga,1,59,0.016737640957460005
ga_arith_seed1,ga,1,60,0.016737640957460005
ga_arith_seed1,ga,1,61,0.016737640957460005
ga_arith_seed1,ga,1,62,0.016737640957460005
ga_arith_seed1,ga,1,63,0.016737640957460005
ga_arith_seed1,ga,1,64,0.016737640957460005
ga_arith_seed1,ga,1,65,0.016737640957460005
ga_arith_seed1,ga,1,66,0.016737640957460005
ga_arith_seed1,ga,1,67,0.016737640957460005
ga_arith_seed1,ga,1,68,0.016737640957460005
ga_arith_seed1,ga,1,69,0.016737640957460005
ga_arith_seed1,ga,1,70,0.016737640957246825
ga_arith_seed1,ga,1,71,0.016731944314594887
ga_arith_seed1,ga,1,72,0.016731944314594887
ga_arith_seed1,ga,1,73,0.016731944314594887
ga_arith_seed1,ga,1,74,0.016731944314594887
ga_arith_seed1,ga,1,75,0.016731944314594887
ga_arith_seed1,ga,1,76,0.016731944314594887
ga_arith_seed1,ga,1,77,0.016731944314594887
ga_arith_seed1,ga,1,78,0.016731944314594887
ga_arith_seed1,ga,1,79,0.016731944314594887
ga_arith_seed1,ga,1,80,0.016731944314594887
ga_arith_seed1,ga,1,81,0.016731944314594887
ga_arith_seed1,ga,1,82,0.016731944314594887
ga_arith_seed1,ga,1,83,0.016731944314594887
ga_arith_seed1,ga,1,84,0.016731944314594887
ga_arith_seed1,ga,1,85,0.016731944314594887
ga_arith_seed1,ga,1,86,0.016731944314594887
ga_arith_seed1,ga,1,87,0.016731944314594887
ga_arith_seed1,ga,1,88,0.016731944314594887
ga_arith_seed1,ga,1,89,0.016731944314594887
ga_arith_seed1,ga,1,90,0.016731944314594887
ga_arith_seed1,ga,1,91,0.016731944314594887
ga_arith_seed1,ga,1,92,0.016731944314594887
ga_arith_seed1,ga,1,93,0.016731944314594887
ga_arith_seed1,ga,1,94,0.016731944314594887
ga_arith_seed1,ga,1,95,0.016731944314594887
ga_arith_seed1,ga,1,96,0.016731944314594887
ga_arith_seed1,ga,1,97,0.016731943555030878
ga_arith_seed1,ga,1,98,0.016731943555030878
ga_arith_seed1,ga,1,99,0.016731943555030878
ga_arith_seed1,ga,1,100,0.016731943555030878
ga_arith_seed1,ga,1,101,0.016731943555030878
ga_arith_seed1,ga,1,102,0.016731943555030878
ga_arith_seed1,ga,1,103,0.016731943555030878
ga_arith_seed1,ga,1,104,0.016731943555030878
ga_arith_seed1,ga,1,105,0.016731943555030878
ga_arith_seed1,ga,1,106,0.016731943555030878
ga_arith_seed1,ga,1,107,0.016731943555030878
ga_arith_seed1,ga,1,108,0.016731943555030878
ga_arith_seed1,ga,1,109,0.016731943555030878
ga_arith_seed1,ga,1,110,0.016731943555030878
ga_arith_seed1,ga,1,111,0.016731943555030878
ga_arith_seed1,ga,1,112,0.016731943555030878
ga_arith_seed1,ga,1,113,0.016731943555030878
ga_arith_seed1,ga,1,114,0.016731943555030878
ga_arith_seed1,ga,1,115,0.016731943555030878
ga_arith_seed1,ga,1,116,0.016731943555030878
ga_arith_seed1,ga,1,117,0.016731943555030878
ga_arith_seed1,ga,1,118,0.016731928909726915
ga_arith_seed1,ga,1,119,0.016731928909726915
ga_arith_seed1,ga,1,120,0.016731928909726915
ga_arith_seed1,ga,1,121,0.016731928909726915
ga_arith_seed1,ga,1,122,0.016731928909726915
ga_arith_seed1,ga,1,123,0.016731928909726915
ga_arith_seed1,ga,1,124,0.016731928909726915
ga_arith_seed1,ga,1,125,0.016731928909726915
ga_arith_seed1,ga,1,126,0.016731928909726915
ga_arith_seed1,ga,1,127,0.016731928909726915
ga_arith_seed1,ga,1,128,0.016731928909726915
ga_arith_seed1,ga,1,129,0.016731920814933306
ga_arith_seed1,ga,1,130,0.016731920814933306
ga_arith_seed1,ga,1,131,0.016731920814933306
ga_arith_seed1,ga,1,132,0.016731920814933306
ga_arith_seed1,ga,1,133,0.016731920814933306
ga_arith_seed1,ga,1,134,0.016731920814933306
ga_arith_seed1,ga,1,135,0.016731920814933306
ga_arith_seed1,ga,1,136,0.016731920814933306
ga_arith_seed1,ga,1,137,0.016731920814933306
ga_arith_seed1,ga,1,138,0.016731920814933306
ga_arith_seed1,ga,1,139,0.016731920814933306
ga_arith_seed1,ga,1,140,0.016731920814933306
ga_arith_seed1,ga,1,141,0.016731920814933306
ga_arith_seed1,ga,1,142,0.016731920814933306
ga_arith_seed1,ga,1,143,0.016731920814933306
ga_arith_seed1,ga,1,144,0.016731920814933306
ga_arith_seed1,ga,1,145,0.016731920814933306
ga_arith_seed1,ga,1,146,0.016731920814933306
ga_arith_seed1,ga,1,147,0.016731920814933306
ga_arith_seed1,ga,1,148,0.016731920814933306
ga_arith_seed1,ga,1,149,0.016731920814933306
ga_arith_seed1,ga,1,150,0.016731920814933306
ga_arith_seed1,ga,1,151,0.016731910154571383
ga_arith_seed1,ga,1,152,0.016731910154571383
ga_arith_seed1,ga,1,153,0.016731910154571383
ga_arith_seed1,ga,1,154,0.016731910154571383
ga_arith_seed1,ga,1,155,0.016731910154571383
ga_arith_seed1,ga,1,156,0.016731910154571383
ga_arith_seed1,ga,1,157,0.016731910154571383
ga_arith_seed1,ga,1,158,0.016731910154571383
ga_arith_seed1,ga,1,159,0.016731910154571383
ga_arith_seed1,ga,1,160,0.016731910154571383
ga_arith_seed1,ga,1,161,0.016731910154571383
ga_arith_seed1,ga,1,162,0.016731910154571383
ga_arith_seed1,ga,1,163,0.016731910154571383
ga_arith_seed1,ga,1,164,0.016731910154571383
ga_arith_seed1,ga,1,165,0.016731910154571383
ga_arith_seed1,ga,1,166,0.016731910154571383
ga_arith_seed1,ga,1,167,0.016731910154571383
ga_arith_seed1,ga,1,168,0.016731910154571383
ga_arith_seed1,ga,1,169,0.016731910154571383
ga_arith_seed1,ga,1,170,0.016731910154571383
ga_arith_seed1,ga,1,171,0.016731910154571383
ga_arith_seed1,ga,1,172,0.016731910154571383
ga_arith_seed1,ga,1,173,0.016731910154571383
ga_arith_seed1,ga,1,174,0.016731910154571383
ga_arith_seed1,ga,1,175,0.016731910154571383
ga_arith_seed1,ga,1,176,0.016731909326823707
ga_arith_seed1,ga,1,177,0.016731909326823707
ga_arith_seed1,ga,1,178,0.016731909326823707
ga_arith_seed1,ga,1,179,0.016731909326823707
ga_arith_seed1,ga,1,180,0.016731909326823707
ga_arith_seed1,ga,1,181,0.016731909326823707
ga_arith_seed1,ga,1,182,0.016731909326823707
ga_arith_seed1,ga,1,183,0.016731909326823707
ga_arith_seed1,ga,1,184,0.016731909326823707
ga_arith_seed1,ga,1,185,0.016731909326823707
ga_arith_seed1,ga,1,186,0.016731909326823707
ga_arith_seed1,ga,1,187,0.016731909326823707
ga_arith_seed1,ga,1,188,0.016731909326823707
ga_arith_seed1,ga,1,189,0.016731909326823707
ga_arith_seed1,ga,1,190,0.016731909326823707
ga_arith_seed1,ga,1,191,0.016731909326823707
ga_arith_seed1,ga,1,192,0.016731909326823707
ga_arith_seed1,ga,1,193,0.016731909326823707
ga_arith_seed1,ga,1,194,0.016731909326823707
ga_arith_seed1,ga,1,195,0.016731909326823707
ga_arith_seed1,ga,1,196,0.016731909326823707
ga_arith_seed1,ga,1,197,0.016731909326823707
ga_arith_seed1,ga,1,198,0.016731909326823707
ga_arith_seed1,ga,1,199,0.016731909326823707
ga_arith_seed1,ga,1,200,0.016731909326823707
ga_arith_seed2,ga,2,1,9499.291436730055
ga_arith_seed2,ga,2,2,5208.29388603086
ga_arith_seed2,ga,2,3,5208.29388603086
ga_arith_seed2,ga,2,4,0.018201216657368926
ga_arith_seed2,ga,2,5,0.018201216657368926
ga_arith_seed2,ga,2,6,0.018201216657368926
ga_arith_seed2,ga,2,7,0.018201216657368926
ga_arith_seed2,ga,2,8,0.018201216657368926
ga_arith_seed2,ga,2,9,0.018201216657368926
ga_arith_seed2,ga,2,10,0.018201216657368926
ga_arith_seed2,ga,2,11,0.016735945379076803
ga_arith_seed2,ga,2,12,0.016735945379076803
ga_arith_seed2,ga,2,13,0.016732160337680022
ga_arith_seed2,ga,2,14,0.016732160337680022
ga_arith_seed2,ga,2,15,0.016732160337680022
ga_arith_seed2,ga,2,16,0.016732160337680022
ga_arith_seed2,ga,2,17,0.016732160337680022
ga_arith_seed2,ga,2,18,0.016732160337680022
ga_arith_seed2,ga,2,19,0.016732160337680022
ga_arith_seed2,ga,2,20,0.016732160337680022
ga_arith_seed2,ga,2,21,0.016732160337680022
ga_arith_seed2,ga,2,22,0.016732160337680022
ga_arith_seed2,ga,2,23,0.016732160337680022
ga_arith_seed2,ga,2,24,0.016732160337680022
ga_arith_seed2,ga,2,25,0.016732160337680022
ga_arith_seed2,ga,2,26,0.016732160337680022
ga_arith_seed2,ga,2,27,0.016732160337680022
ga_arith_seed2,ga,2,28,0.016732160337680022
ga_arith_seed2,ga,2,29,0.016732160337680022
ga_arith_seed2,ga,2,30,0.016732160337680022
ga_arith_seed2,ga,2,31,0.016732160337680022
ga_arith_seed2,ga,2,32,0.016732160337680022
ga_arith_seed2,ga,2,33,0.016732160337680022
ga_arith_seed2,ga,2,34,0.016732158995632556
ga_arith_seed2,ga,2,35,0.016732158995632556
ga_arith_seed2,ga,2,36,0.016732158995632556
ga_arith_seed2,ga,2,37,0.016732158995632556
ga_arith_seed2,ga,2,38,0.016732158995632556
ga_arith_seed2,ga,2,39,0.016732158995632556
ga_arith_seed2,ga,2,40,0.016732158995632556
ga_arith_seed2,ga,2,41,0.016732158995632556
ga_arith_seed2,ga,2,42,0.016732158995632556
ga_arith_seed2,ga,2,43,0.016732158995632556
ga_arith_seed2,ga,2,44,0.016732158995632556
ga_arith_seed2,ga,2,45,0.016732158995632556
ga_arith_seed2,ga,2,46,0.016732158995632556
ga_arith_seed2,ga,2,47,0.016732158995632556
ga_arith_seed2,ga,2,48,0.016732158995632556
ga_arith_seed2,ga,2,49,0.016732158995632556
ga_arith_seed2,ga,2,50,0.01673197061175731
ga_arith_seed2,ga,2,51,0.01673197061175731
ga_arith_seed2,ga,2,52,0.01673197061175731
ga_arith_seed2,ga,2,53,0.01673197061175731
ga_arith_seed2,ga,2,54,0.01673197061175731
ga_arith_seed2,ga,2,55,0.01673197061175731
ga_arith_seed2,ga,2,56,0.01673197061175731
ga_arith_seed2,ga,2,57,0.01673197061175731
ga_arith_seed2,ga,2,58,0.01673197061175731
ga_arith_seed2,ga,2,59,0.01673197061175731
ga_arith_seed2,ga,2,60,0.01673197061175731
ga_arith_seed2,ga,2,61,0.01673197061175731
ga_arith_seed2,ga,2,62,0.016731909971159798
ga_arith_seed2,ga,2,63,0.016731909971159798
ga_arith_seed2,ga,2,64,0.016731909971159798
ga_arith_seed2,ga,2,65,0.016731909971159798
ga_arith_seed2,ga,2,66,0.016731909971159798
ga_arith_seed2,ga,2,67,0.016731909971159798
ga_arith_seed2,ga,2,68,0.016731909971159798
ga_arith_seed2,ga,2,69,0.016731909971159798
ga_arith_seed2,ga,2,70,0.016731909971159798
ga_arith_seed2,ga,2,71,0.016731909971159798
ga_arith_seed2,ga,2,72,0.016731909971159798
ga_arith_seed2,ga,2,73,0.016731909971159798
ga_arith_seed2,ga,2,74,0.016731909971159798
ga_arith_seed2,ga,2,75,0.016731909971159798
ga_arith_seed2,ga,2,76,0.016731909971159798
ga_arith_seed2,ga,2,77,0.016731909971159798
ga_arith_seed2,ga,2,78,0.016731909971159798
ga_arith_seed2,ga,2,79,0.016731909971159798
ga_arith_seed2,ga,2,80,0.016731909971159798
ga_arith_seed2,ga,2,81,0.016731909971159798
ga_arith_seed2,ga,2,82,0.016731909971159798
ga_arith_seed2,ga,2,83,0.016731909971159798
ga_arith_seed2,ga,2,84,0.016731909971159798
ga_arith_seed2,ga,2,85,0.016731909971159798
ga_arith_seed2,ga,2,86,0.01673190997050274
ga_arith_seed2,ga,2,87,0.01673190997050274
ga_arith_seed2,ga,2,88,0.01673190997050274
ga_arith_seed2,ga,2,89,0.01673190997050274
ga_arith_seed2,ga,2,90,0.01673190997050274
ga_arith_seed2,ga,2,91,0.01673190997050274
ga_arith_seed2,ga,2,92,0.01673190997050274
ga_arith_seed2,ga,2,93,0.01673190997050274
ga_arith_seed2,ga,2,94,0.01673190997050274
ga_arith_seed2,ga,2,95,0.01673190997050274
ga_arith_seed2,ga,2,96,0.01673190997050274
ga_arith_seed2,ga,2,97,0.01673190997050274
ga_arith_seed2,ga,2,98,0.01673190997050274
ga_arith_seed2,ga,2,99,0.01673190997050274
ga_arith_seed2,ga,2,100,0.01673190997050274
ga_arith_seed2,ga,2,101,0.01673190997050274
ga_arith_seed2,ga,2,102,0.01673190997050274
ga_arith_seed2,ga,2,103,0.01673190997050274
ga_arith_seed2,ga,2,104,0.01673190997050274
ga_arith_seed2,ga,2,105,0.01673190997050274
ga_arith_seed2,ga,2,106,0.01673190997050274
ga_arith_seed2,ga,2,107,0.01673190997050274
ga_arith_seed2,ga,2,108,0.01673190997050274
ga_arith_seed2,ga,2,109,0.01673190997050274
ga_arith_seed2,ga,2,110,0.01673190997050274
ga_arith_seed2,ga,2,111,0.01673190997050274
ga_arith_seed2,ga,2,112,0.01673190997050274
ga_arith_seed2,ga,2,113,0.01673190997050274
ga_arith_seed2,ga,2,114,0.01673190997050274
ga_arith_seed2,ga,2,115,0.01673190997050274
ga_arith_seed2,ga,2,116,0.01673190997050274
ga_arith_seed2,ga,2,117,0.01673190997050274
ga_arith_seed2,ga,2,118,0.01673190997050274
ga_arith_seed2,ga,2,119,0.01673190997050274
ga_arith_seed2,ga,2,120,0.01673190997050274
ga_arith_seed2,ga,2,121,0.01673190997050274
ga_arith_seed2,ga,2,122,0.01673190997050274
ga_arith_seed2,ga,2,123,0.01673190997050274
ga_arith_seed2,ga,2,124,0.01673190997050274
ga_arith_seed2,ga,2,125,0.01673190997050274
ga_arith_seed2,ga,2,126,0.01673190997050274
ga_arith_seed2,ga,2,127,0.01673190997050274
ga_arith_seed2,ga,2,128,0.01673190997050274
ga_arith_seed2,ga,2,129,0.01673190997050274
ga_arith_seed2,ga,2,130,0.01673190997050274
ga_arith_seed2,ga,2,131,0.01673190997050274
ga_arith_seed2,ga,2,132,0.01673190997050274
ga_arith_seed2,ga,2,133,0.01673190997050274
ga_arith_seed2,ga,2,134,0.01673190997050274
ga_arith_seed2,ga,2,135,0.01673190997050274
ga_arith_seed2,ga,2,136,0.01673190997050274
ga_arith_seed2,ga,2,137,0.01673190997050274
ga_arith_seed2,ga,2,138,0.01673190997050274
ga_arith_seed2,ga,2,139,0.01673190997050274
ga_arith_seed2,ga,2,140,0.01673190997050274
ga_arith_seed2,ga,2,141,0.01673190997050274
ga_arith_seed2,ga,2,142,0.01673190997050274
ga_arith_seed2,ga,2,143,0.01673190997050274
ga_arith_seed2,ga,2,144,0.01673190997050274
ga_arith_seed2,ga,2,145,0.01673190997050274
ga_arith_seed2,ga,2,146,0.01673190997050274
ga_arith_seed2,ga,2,147,0.01673190997050274
ga_arith_seed2,ga,2,148,0.01673190997050274
ga_arith_seed2,ga,2,149,0.01673190997050274
ga_arith_seed2,ga,2,150,0.01673190997050274
ga_arith_seed2,ga,2,151,0.01673190997050274
ga_arith_seed2,ga,2,152,0.01673190997050274
ga_arith_seed2,ga,2,153,0.01673190997050274
ga_arith_seed2,ga,2,154,0.01673190997050274
ga_arith_seed2,ga,2,155,0.01673190997050274
ga_arith_seed2,ga,2,156,0.01673190997050274
ga_arith_seed2,ga,2,157,0.01673190997050274
ga_arith_seed2,ga,2,158,0.01673190997050274
ga_arith_seed2,ga,2,159,0.01673190997050274
ga_arith_seed2,ga,2,160,0.01673190997050274
ga_arith_seed2,ga,2,161,0.01673190997050274
ga_arith_seed2,ga,2,162,0.01673190997050274
ga_arith_seed2,ga,2,163,0.01673190997050274
ga_arith_seed2,ga,2,164,0.01673190997050274
ga_arith_seed2,ga,2,165,0.01673190997050274
ga_arith_seed2,ga,2,166,0.01673190997050274
ga_arith_seed2,ga,2,167,0.01673190997050274
ga_arith_seed2,ga,2,168,0.01673190997050274
ga_arith_seed2,ga,2,169,0.01673190997050274
ga_arith_seed2,ga,2,170,0.01673190997050274
ga_arith_seed2,ga,2,171,0.01673190997050274
ga_arith_seed2,ga,2,172,0.01673190997050274
ga_arith_seed2,ga,2,173,0.01673190997050274
ga_arith_seed2,ga,2,174,0.01673190997050274
ga_arith_seed2,ga,2,175,0.01673190997050274
ga_arith_seed2,ga,2,176,0.01673190997050274
ga_arith_seed2,ga,2,177,0.01673190997050274
ga_arith_seed2,ga,2,178,0.01673190997050274
ga_arith_seed2,ga,2,179,0.01673190997050274
ga_arith_seed2,ga,2,180,0.01673190997050274
ga_arith_seed2,ga,2,181,0.01673190997050274
ga_arith_seed2,ga,2,182,0.01673190997050274
ga_arith_seed2,ga,2,183,0.01673190997050274
ga_arith_seed2,ga,2,184,0.01673190997050274
ga_arith_seed2,ga,2,185,0.016731909969374313
ga_arith_seed2,ga,2,186,0.016731909969374313
ga_arith_seed2,ga,2,187,0.016731909969374313
ga_arith_seed2,ga,2,188,0.016731909969374313
ga_arith_seed2,ga,2,189,0.016731909969374313
ga_arith_seed2,ga,2,190,0.016731909969374313
ga_arith_seed2,ga,2,191,0.016731909969374313
ga_arith_seed2,ga,2,192,0.016731909969374313
ga_arith_seed2,ga,2,193,0.016731909969374313
ga_arith_seed2,ga,2,194,0.016731909969374313
ga_arith_seed2,ga,2,195,0.016731909969374313
ga_arith_seed2,ga,2,196,0.016731909969374313
ga_arith_seed2,ga,2,197,0.016731909969374313
ga_arith_seed2,ga,2,198,0.016731909969374313
ga_arith_seed2,ga,2,199,0.016731909969374313
ga_arith_seed2,ga,2,200,0.016731909969374313
ga_arith_seed3,ga,3,1,0.040459381009507404
ga_arith_seed3,ga,3,2,0.017020352531143784
ga_arith_seed3,ga,3,3,0.017020352531143784
ga_arith_seed3,ga,3,4,0.017020352531143784
ga_arith_seed3,ga,3,5,0.017020352531143784
ga_arith_seed3,ga,3,6,0.017020352531143784
ga_arith_seed3,ga,3,7,0.017020352531143784
ga_arith_seed3,ga,3,8,0.017020352531143784
ga_arith_seed3,ga,3,9,0.016751002544838176
ga_arith_seed3,ga,3,10,0.016751002544838176
ga_arith_seed3,ga,3,11,0.016751002544838176
ga_arith_seed3,ga,3,12,0.016751002544838176
ga_arith_seed3,ga,3,13,0.016751002544838176
ga_arith_seed3,ga,3,14,0.016751002544838176
ga_arith_seed3,ga,3,15,0.016751002544838176
ga_arith_seed3,ga,3,16,0.016751002544838176
ga_arith_seed3,ga,3,17,0.016751002544838176
ga_arith_seed3,ga,3,18,0.016751002544838176
ga_arith_seed3,ga,3,19,0.016751002544838176
ga_arith_seed3,ga,3,20,0.016751002544838176
ga_arith_seed3,ga,3,21,0.016751002544838176
ga_arith_seed3,ga,3,22,0.016751002544838176
ga_arith_seed3,ga,3,23,0.016751002544838176
ga_arith_seed3,ga,3,24,0.016751002544838176
ga_arith_seed3,ga,3,25,0.016751002544838176
ga_arith_seed3,ga,3,26,0.016751002544838176
ga_arith_seed3,ga,3,27,0.016751002544838176
ga_arith_seed3,ga,3,28,0.016751002544838176
ga_arith_seed3,ga,3,29,0.016751002544838176
ga_arith_seed3,ga,3,30,0.016751002544838176
ga_arith_seed3,ga,3,31,0.016751002544838176
ga_arith_seed3,ga,3,32,0.016751002544838176
ga_arith_seed3,ga,3,33,0.016751002544838176
ga_arith_seed3,ga,3,34,0.016751002544838176
ga_arith_seed3,ga,3,35,0.016751002544838176
ga_arith_seed3,ga,3,36,0.016751002544838176
ga_arith_seed3,ga,3,37,0.016751002544838176
ga_arith_seed3,ga,3,38,0.016751002544838176
ga_arith_seed3,ga,3,39,0.01674826541990893
ga_arith_seed3,ga,3,40,0.01674826541990893
ga_arith_seed3,ga,3,41,0.01674826541990893
ga_arith_seed3,ga,3,42,0.01673356539356832
ga_arith_seed3,ga,3,43,0.01673356539356832
ga_arith_seed3,ga,3,44,0.01673356539356832
ga_arith_seed3,ga,3,45,0.01673356539356832
ga_arith_seed3,ga,3,46,0.01673356539356832
ga_arith_seed3,ga,3,47,0.01673356539356832
ga_arith_seed3,ga,3,48,0.01673356539356832
ga_arith_seed3,ga,3,49,0.01673356539356832
ga_arith_seed3,ga,3,50,0.01673356539356832
ga_arith_seed3,ga,3,51,0.01673356539356832
ga_arith_seed3,ga,3,52,0.01673356539356832
ga_arith_seed3,ga,3,53,0.01673356539356832
ga_arith_seed3,ga,3,54,0.01673356539356832
ga_arith_seed3,ga,3,55,0.01673356539356832
ga_arith_seed3,ga,3,56,0.01673356539356832
ga_arith_seed3,ga,3,57,0.016731924975185178
ga_arith_seed3,ga,3,58,0.016731924975185178
ga_arith_seed3,ga,3,59,0.016731924975185178
ga_arith_seed3,ga,3,60,0.016731924975185178
ga_arith_seed3,ga,3,61,0.016731924975185178
ga_arith_seed3,ga,3,62,0.016731924975185178
ga_arith_seed3,ga,3,63,0.016731924975185178
ga_arith_seed3,ga,3,64,0.016731924975185178
ga_arith_seed3,ga,3,65,0.016731924975185178
ga_arith_seed3,ga,3,66,0.016731924975185178
ga_arith_seed3,ga,3,67,0.016731924975185178
ga_arith_seed3,ga,3,68,0.016731924975185178
ga_arith_seed3,ga,3,69,0.016731924975185178
ga_arith_seed3,ga,3,70,0.016731924975185178
ga_arith_seed3,ga,3,71,0.016731924975185178
ga_arith_seed3,ga,3,72,0.016731924975185178
ga_arith_seed3,ga,3,73,0.016731924975185178
ga_arith_seed3,ga,3,74,0.016731924975185178
ga_arith_seed3,ga,3,75,0.016731924975185178
ga_arith_seed3,ga,3,76,0.016731924975185178
ga_arith_seed3,ga,3,77,0.016731924975185178
ga_arith_seed3,ga,3,78,0.016731924975185178
ga_arith_seed3,ga,3,79,0.016731924975185178
ga_arith_seed3,ga,3,80,0.016731924975185178
ga_arith_seed3,ga,3,81,0.016731924975185178
ga_arith_seed3,ga,3,82,0.016731924975185178
ga_arith_seed3,ga,3,83,0.016731924975185178
ga_arith_seed3,ga,3,84,0.016731924975185178
ga_arith_seed3,ga,3,85,0.016731924975185178
ga_arith_seed3,ga,3,86,0.016731924975185178
ga_arith_seed3,ga,3,87,0.016731924975185178
ga_arith_seed3,ga,3,88,0.016731924975185178
ga_arith_seed3,ga,3,89,0.016731924975185178
ga_arith_seed3,ga,3,90,0.016731924975185178
ga_arith_seed3,ga,3,91,0.016731924975185178
ga_arith_seed3,ga,3,92,0.016731924975185178
ga_arith_seed3,ga,3,93,0.016731924975185178
ga_arith_seed3,ga,3,94,0.016731924975185178
ga_arith_seed3,ga,3,95,0.016731924975185178
ga_arith_seed3,ga,3,96,0.016731924975185178
ga_arith_seed3,ga,3,97,0.016731924975185178
ga_arith_seed3,ga,3,98,0.016731924975185178
ga_arith_seed3,ga,3,99,0.016731924975185178
ga_arith_seed3,ga,3,100,0.016731924975185178
ga_arith_seed3,ga,3,101,0.016731924975185178
ga_arith_seed3,ga,3,102,0.016731924975185178
ga_arith_seed3,ga,3,103,0.016731924975185178
ga_arith_seed3,ga,3,104,0.016731924975185178
ga_arith_seed3,ga,3,105,0.016731924975185178
ga_arith_seed3,ga,3,106,0.016731924975185178
ga_arith_seed3,ga,3,107,0.016731924975185178
ga_arith_seed3,ga,3,108,0.016731924975185178
ga_arith_seed3,ga,3,109,0.016731924863918925
ga_arith_seed3,ga,3,110,0.016731924863918925
ga_arith_seed3,ga,3,111,0.016731924863918925
ga_arith_seed3,ga,3,112,0.016731924863918925
ga_arith_seed3,ga,3,113,0.016731924863918925
ga_arith_seed3,ga,3,114,0.016731924863918925
ga_arith_seed3,ga,3,115,0.016731924863918925
ga_arith_seed3,ga,3,116,0.016731924863918925
ga_arith_seed3,ga,3,117,0.016731924863918925
ga_arith_seed3,ga,3,118,0.016731924863918925
ga_arith_seed3,ga,3,119,0.016731924863918925
ga_arith_seed3,ga,3,120,0.016731924863918925
ga_arith_seed3,ga,3,121,0.016731924863918925
ga_arith_seed3,ga,3,122,0.016731924863918925
ga_arith_seed3,ga,3,123,0.016731924863918925
ga_arith_seed3,ga,3,124,0.016731924863918925
ga_arith_seed3,ga,3,125,0.016731924863918925
ga_arith_seed3,ga,3,126,0.016731909850466055
ga_arith_seed3,ga,3,127,0.016731909850466055
ga_arith_seed3,ga,3,128,0.016731909850466055
ga_arith_seed3,ga,3,129,0.016731909850466055
ga_arith_seed3,ga,3,130,0.016731909850466055
ga_arith_seed3,ga,3,131,0.016731909850466055
ga_arith_seed3,ga,3,132,0.016731909850466055
ga_arith_seed3,ga,3,133,0.016731909850466055
ga_arith_seed3,ga,3,134,0.016731909850466055
ga_arith_seed3,ga,3,135,0.016731909850466055
ga_arith_seed3,ga,3,136,0.016731909850466055
ga_arith_seed3,ga,3,137,0.01673190984052869
ga_arith_seed3,ga,3,138,0.01673190984052869
ga_arith_seed3,ga,3,139,0.01673190984052869
ga_arith_seed3,ga,3,140,0.01673190984052869
ga_arith_seed3,ga,3,141,0.01673190984052869
ga_arith_seed3,ga,3,142,0.01673190984052869
ga_arith_seed3,ga,3,143,0.01673190984052869
ga_arith_seed3,ga,3,144,0.01673190984052869
ga_arith_seed3,ga,3,145,0.01673190984052869
ga_arith_seed3,ga,3,146,0.01673190984052869
ga_arith_seed3,ga,3,147,0.01673190984052869
ga_arith_seed3,ga,3,148,0.01673190984052869
ga_arith_seed3,ga,3,149,0.01673190984052869
ga_arith_seed3,ga,3,150,0.01673190984052869
ga_arith_seed3,ga,3,151,0.01673190984052869
ga_arith_seed3,ga,3,152,0.01673190984052869
ga_arith_seed3,ga,3,153,0.01673190984052869
ga_arith_seed3,ga,3,154,0.01673190984052869
ga_arith_seed3,ga,3,155,0.01673190984052869
ga_arith_seed3,ga,3,156,0.01673190984052869
ga_arith_seed3,ga,3,157,0.01673190984052869
ga_arith_seed3,ga,3,158,0.01673190984052869
ga_arith_seed3,ga,3,159,0.01673190984052869
ga_arith_seed3,ga,3,160,0.01673190984052869
ga_arith_seed3,ga,3,161,0.01673190984052869
ga_arith_seed3,ga,3,162,0.01673190984052869
ga_arith_seed3,ga,3,163,0.01673190984052869
ga_arith_seed3,ga,3,164,0.01673190984052869
ga_arith_seed3,ga,3,165,0.01673190984052869
ga_arith_seed3,ga,3,166,0.01673190964287985
ga_arith_seed3,ga,3,167,0.01673190964287985
ga_arith_seed3,ga,3,168,0.01673190964287985
ga_arith_seed3,ga,3,169,0.01673190964287985
ga_arith_seed3,ga,3,170,0.01673190964287985
ga_arith_seed3,ga,3,171,0.01673190964287985
ga_arith_seed3,ga,3,172,0.01673190964287985
ga_arith_seed3,ga,3,173,0.01673190964287985
ga_arith_seed3,ga,3,174,0.01673190964287985
ga_arith_seed3,ga,3,175,0.01673190964287985
ga_arith_seed3,ga,3,176,0.01673190964287985
ga_arith_seed3,ga,3,177,0.01673190964287985
ga_arith_seed3,ga,3,178,0.01673190964287985
ga_arith_seed3,ga,3,179,0.01673190964287985
ga_arith_seed3,ga,3,180,0.01673190964287985
ga_arith_seed3,ga,3,181,0.01673190964287985
ga_arith_seed3,ga,3,182,0.01673190964287985
ga_arith_seed3,ga,3,183,0.01673190964287985
ga_arith_seed3,ga,3,184,0.01673190964287985
ga_arith_seed3,ga,3,185,0.01673190964287985
ga_arith_seed3,ga,3,186,0.01673190964287985
ga_arith_seed3,ga,3,187,0.01673190964287985
ga_arith_seed3,ga,3,188,0.01673190964287985
ga_arith_seed3,ga,3,189,0.016731909543230828
ga_arith_seed3,ga,3,190,0.016731909543230828
ga_arith_seed3,ga,3,191,0.016731909543230828
ga_arith_seed3,ga,3,192,0.016731909543230828
ga_arith_seed3,ga,3,193,0.016731909543230828
ga_arith_seed3,ga,3,194,0.016731909543230828
ga_arith_seed3,ga,3,195,0.016731909543230828
ga_arith_seed3,ga,3,196,0.016731909543230828
ga_arith_seed3,ga,3,197,0.016731909543230828
ga_arith_seed3,ga,3,198,0.016731909543230828
ga_arith_seed3,ga,3,199,0.016731909543230828
ga_arith_seed3,ga,3,200,0.016731909543230828
ga_arith_seed4,ga,4,1,918.5944745135877
ga_arith_seed4,ga,4,2,0.5067446750254012
ga_arith_seed4,ga,4,3,0.5067446750254012
ga_arith_seed4,ga,4,4,0.016735797263428914
ga_arith_seed4,ga,4,5,0.016735797263428914
ga_arith_seed4,ga,4,6,0.016735797263428914
ga_arith_seed4,ga,4,7,0.016735797263428914
ga_arith_seed4,ga,4,8,0.016735797263428914
ga_arith_seed4,ga,4,9,0.016735797263428914
ga_arith_seed4,ga,4,10,0.016735797263428914
ga_arith_seed4,ga,4,11,0.016735797263428914
ga_arith_seed4,ga,4,12,0.016735797263428914
ga_arith_seed4,ga,4,13,0.016735797263428914
ga_arith_seed4,ga,4,14,0.016735797263428914
ga_arith_seed4,ga,4,15,0.016735797263428914
ga_arith_seed4,ga,4,16,0.016735797263428914
ga_arith_seed4,ga,4,17,0.016735797263428914
ga_arith_seed4,ga,4,18,0.016735797263428914
ga_arith_seed4,ga,4,19,0.016735797263428914
ga_arith_seed4,ga,4,20,0.016735797263428914
ga_arith_seed4,ga,4,21,0.016735797263428914
ga_arith_seed4,ga,4,22,0.016735797263428914
ga_arith_seed4,ga,4,23,0.016735797263428914
ga_arith_seed4,ga,4,24,0.016735797263428914
ga_arith_seed4,ga,4,25,0.016735797263428914
ga_arith_seed4,ga,4,26,0.016735797263428914
ga_arith_seed4,ga,4,27,0.016735797263428914
ga_arith_seed4,ga,4,28,0.016735797263428914
ga_arith_seed4,ga,4,29,0.016735797263428914
ga_arith_seed4,ga,4,30,0.016735797263428914
ga_arith_seed4,ga,4,31,0.016735797263428914
ga_arith_seed4,ga,4,32,0.016735797263428914
ga_arith_seed4,ga,4,33,0.016735797263428914
ga_arith_seed4,ga,4,34,0.016735797263428914
ga_arith_seed4,ga,4,35,0.016735797263428914
ga_arith_seed4,ga,4,36,0.016735797263428914
ga_arith_seed4,ga,4,37,0.016735797263428914
ga_arith_seed4,ga,4,38,0.016735797263428914
ga_arith_seed4,ga,4,39,0.016735797263428914
ga_arith_seed4,ga,4,40,0.016735797263428914
ga_arith_seed4,ga,4,41,0.016735797263428914
ga_arith_seed4,ga,4,42,0.016735797263428914
ga_arith_seed4,ga,4,43,0.016735797263428914
ga_arith_seed4,ga,4,44,0.016735797263428914
ga_arith_seed4,ga,4,45,0.016735797263428914
ga_arith_seed4,ga,4,46,0.016735797263428914
ga_arith_seed4,ga,4,47,0.016735797263428914
ga_arith_seed4,ga,4,48,0.016735797263428914
ga_arith_seed4,ga,4,49,0.016735797263428914
ga_arith_seed4,ga,4,50,0.016735797263428914
ga_arith_seed4,ga,4,51,0.016732180992373814
ga_arith_seed4,ga,4,52,0.016732180992373814
ga_arith_seed4,ga,4,53,0.016732180992373814
ga_arith_seed4,ga,4,54,0.016732180992373814
ga_arith_seed4,ga,4,55,0.016732180992373814
ga_arith_seed4,ga,4,56,0.016732180992373814
ga_arith_seed4,ga,4,57,0.016732180992373814
ga_arith_seed4,ga,4,58,0.016732180992373814
ga_arith_seed4,ga,4,59,0.016732180992373814
ga_arith_seed4,ga,4,60,0.016732180992373814
ga_arith_seed4,ga,4,61,0.016732180992373814
ga_arith_seed4,ga,4,62,0.016732180992373814
ga_arith_seed4,ga,4,63,0.016732180992373814
ga_arith_seed4,ga,4,64,0.016732180992373814
ga_arith_seed4,ga,4,65,0.016732180992373814
ga_arith_seed4,ga,4,66,0.016732180992373814
ga_arith_seed4,ga,4,67,0.016732180992373814
ga_arith_seed4,ga,4,68,0.016731910196901387
ga_arith_seed4,ga,4,69,0.016731910196901387
ga_arith_seed4,ga,4,70,0.016731910196901387
ga_arith_seed4,ga,4,71,0.016731910196901387
ga_arith_seed4,ga,4,72,0.016731910196901387
ga_arith_seed4,ga,4,73,0.016731910196901387
ga_arith_seed4,ga,4,74,0.016731910196901387
ga_arith_seed4,ga,4,75,0.016731910196901387
ga_arith_seed4,ga,4,76,0.016731910196901387
ga_arith_seed4,ga,4,77,0.016731910196901387
ga_arith_seed4,ga,4,78,0.016731910196901387
ga_arith_seed4,ga,4,79,0.016731910196901387
ga_arith_seed4,ga,4,80,0.016731910196901387
ga_arith_seed4,ga,4,81,0.016731910196901387
ga_arith_seed4,ga,4,82,0.016731910196901387
ga_arith_seed4,ga,4,83,0.016731910196901387
ga_arith_seed4,ga,4,84,0.016731910196901387
ga_arith_seed4,ga,4,85,0.016731910196901387
ga_arith_seed4,ga,4,86,0.016731910196901387
ga_arith_seed4,ga,4,87,0.016731910196901387
ga_arith_seed4,ga,4,88,0.016731910196901387
ga_arith_seed4,ga,4,89,0.016731910196901387
ga_arith_seed4,ga,4,90,0.016731910196901387
ga_arith_seed4,ga,4,91,0.016731910196901387
ga_arith_seed4,ga,4,92,0.016731910196901387
ga_arith_seed4,ga,4,93,0.016731910196901387
ga_arith_seed4,ga,4,94,0.016731910196901387
ga_arith_seed4,ga,4,95,0.016731910196901387
ga_arith_seed4,ga,4,96,0.016731910196901387
ga_arith_seed4,ga,4,97,0.016731910196901387
ga_arith_seed4,ga,4,98,0.016731910196901387
ga_arith_seed4,ga,4,99,0.016731910196901387
ga_arith_seed4,ga,4,100,0.016731910196901387
ga_arith_seed4,ga,4,101,0.016731910196901387
ga_arith_seed4,ga,4,102,0.016731910196901387
ga_arith_seed4,ga,4,103,0.016731910196901387
ga_arith_seed4,ga,4,104,0.016731910196901387
ga_arith_seed4,ga,4,105,0.016731910104208197
ga_arith_seed4,ga,4,106,0.016731910104208197
ga_arith_seed4,ga,4,107,0.016731910104208197
ga_arith_seed4,ga,4,108,0.016731910104208197
ga_arith_seed4,ga,4,109,0.016731910104208197
ga_arith_seed4,ga,4,110,0.016731910104208197
ga_arith_seed4,ga,4,111,0.016731910104208197
ga_arith_seed4,ga,4,112,0.016731910104208197
ga_arith_seed4,ga,4,113,0.016731909766908307
ga_arith_seed4,ga,4,114,0.016731909766908307
ga_arith_seed4,ga,4,115,0.016731909766908307
ga_arith_seed4,ga,4,116,0.016731909766908307
ga_arith_seed4,ga,4,117,0.016731909766908307
ga_arith_seed4,ga,4,118,0.016731909766908307
ga_arith_seed4,ga,4,119,0.016731909653730746
ga_arith_seed4,ga,4,120,0.016731909653730746
ga_arith_seed4,ga,4,121,0.016731909653730746
ga_arith_seed4,ga,4,122,0.016731909653730746
ga_arith_seed4,ga,4,123,0.016731909653730746
ga_arith_seed4,ga,4,124,0.016731909653730746
ga_arith_seed4,ga,4,125,0.016731909653730746
ga_arith_seed4,ga,4,126,0.016731909653730746
ga_arith_seed4,ga,4,127,0.016731909653730746
ga_arith_seed4,ga,4,128,0.016731909653730746
ga_arith_seed4,ga,4,129,0.016731909653730746
ga_arith_seed4,ga,4,130,0.016731909653730746
ga_arith_seed4,ga,4,131,0.016731909653730746
ga_arith_seed4,ga,4,132,0.016731909653730746
ga_arith_seed4,ga,4,133,0.016731909653730746
ga_arith_seed4,ga,4,134,0.016731909653730746
ga_arith_seed4,ga,4,135,0.016731909653730746
ga_arith_seed4,ga,4,136,0.016731909653730746
ga_arith_seed4,ga,4,137,0.016731909653730746
ga_arith_seed4,ga,4,138,0.016731909653730746
ga_arith_seed4,ga,4,139,0.016731909653730746
ga_arith_seed4,ga,4,140,0.016731909653730746
ga_arith_seed4,ga,4,141,0.016731909653730746
ga_arith_seed4,ga,4,142,0.016731909653730746
ga_arith_seed4,ga,4,143,0.016731909604477454
ga_arith_seed4,ga,4,144,0.016731909604477454
ga_arith_seed4,ga,4,145,0.016731909604477454
ga_arith_seed4,ga,4,146,0.016731909604477454
ga_arith_seed4,ga,4,147,0.016731909604477454
ga_arith_seed4,ga,4,148,0.016731909545872403
ga_arith_seed4,ga,4,149,0.016731909545872403
ga_arith_seed4,ga,4,150,0.016731909545872403
ga_arith_seed4,ga,4,151,0.016731909545872403
ga_arith_seed4,ga,4,152,0.016731909545872403
ga_arith_seed4,ga,4,153,0.016731909545872403
ga_arith_seed4,ga,4,154,0.016731909545872403
ga_arith_seed4,ga,4,155,0.016731909545872403
ga_arith_seed4,ga,4,156,0.016731909545872403
ga_arith_seed4,ga,4,157,0.016731909545872403
ga_arith_seed4,ga,4,158,0.01673190941942068
ga_arith_seed4,ga,4,159,0.01673190941942068
ga_arith_seed4,ga,4,160,0.01673190941942068
ga_arith_seed4,ga,4,161,0.01673190941942068
ga_arith_seed4,ga,4,162,0.01673190941942068
ga_arith_seed4,ga,4,163,0.01673190941942068
ga_arith_seed4,ga,4,164,0.01673190941942068
ga_arith_seed4,ga,4,165,0.01673190941942068
ga_arith_seed4,ga,4,166,0.01673190941942068
ga_arith_seed4,ga,4,167,0.01673190941942068
ga_arith_seed4,ga,4,168,0.01673190941942068
ga_arith_seed4,ga,4,169,0.01673190941942068
ga_arith_seed4,ga,4,170,0.01673190941942068
ga_arith_seed4,ga,4,171,0.01673190941942068
ga_arith_seed4,ga,4,172,0.01673190941942068
ga_arith_seed4,ga,4,173,0.01673190941942068
ga_arith_seed4,ga,4,174,0.01673190941942068
ga_arith_seed4,ga,4,175,0.01673190941942068
ga_arith_seed4,ga,4,176,0.01673190941942068
ga_arith_seed4,ga,4,177,0.01673190941942068
ga_arith_seed4,ga,4,178,0.01673190941942068
ga_arith_seed4,ga,4,179,0.01673190941942068
ga_arith_seed4,ga,4,180,0.01673190941942068
ga_arith_seed4,ga,4,181,0.01673190941942068
ga_arith_seed4,ga,4,182,0.01673190941942068
ga_arith_seed4,ga,4,183,0.01673190941942068
ga_arith_seed4,ga,4,184,0.01673190941942068
ga_arith_seed4,ga,4,185,0.01673190941942068
ga_arith_seed4,ga,4,186,0.01673190941942068
ga_arith_seed4,ga,4,187,0.01673190941942068
ga_arith_seed4,ga,4,188,0.01673190941942068
ga_arith_seed4,ga,4,189,0.01673190941942068
ga_arith_seed4,ga,4,190,0.01673190941942068
ga_arith_seed4,ga,4,191,0.01673190941942068
ga_arith_seed4,ga,4,192,0.01673190941942068
ga_arith_seed4,ga,4,193,0.01673190941942068
ga_arith_seed4,ga,4,194,0.01673190941942068
ga_arith_seed4,ga,4,195,0.01673190941942068
ga_arith_seed4,ga,4,196,0.01673190941942068
ga_arith_seed4,ga,4,197,0.01673190941942068
ga_arith_seed4,ga,4,198,0.01673190941942068
ga_arith_seed4,ga,4,199,0.01673190941942068
ga_arith_seed4,ga,4,200,0.01673190941942068
ga_arith_seed5,ga,5,1,0.02963315529117966
ga_arith_seed5,ga,5,2,0.02963315529117966
ga_arith_seed5,ga,5,3,0.02963315529117966
ga_arith_seed5,ga,5,4,0.02963315529117966
ga_arith_seed5,ga,5,5,0.016731921610293448
ga_arith_seed5,ga,5,6,0.016731921610293448
ga_arith_seed5,ga,5,7,0.016731921610293448
ga_arith_seed5,ga,5,8,0.016731921610293448
ga_arith_seed5,ga,5,9,0.016731921610293448
ga_arith_seed5,ga,5,10,0.016731921610293448
ga_arith_seed5,ga,5,11,0.016731921610293448
ga_arith_seed5,ga,5,12,0.016731921610293448
ga_arith_seed5,ga,5,13,0.016731921610293448
ga_arith_seed5,ga,5,14,0.016731921610293448
ga_arith_seed5,ga,5,15,0.016731921610293448
ga_arith_seed5,ga,5,16,0.016731921610293448
ga_arith_seed5,ga,5,17,0.016731921610293448
ga_arith_seed5,ga,5,18,0.016731921610293448
ga_arith_seed5,ga,5,19,0.016731921610293448
ga_arith_seed5,ga,5,20,0.016731921610293448
ga_arith_seed5,ga,5,21,0.016731921610293448
ga_arith_seed5,ga,5,22,0.016731921610293448
ga_arith_seed5,ga,5,23,0.016731921610293448
ga_arith_seed5,ga,5,24,0.016731921610293448
ga_arith_seed5,ga,5,25,0.016731921610293448
ga_arith_seed5,ga,5,26,0.016731921610293448
ga_arith_seed5,ga,5,27,0.016731921610293448
ga_arith_seed5,ga,5,28,0.016731921610293448
ga_arith_seed5,ga,5,29,0.016731921610293448
ga_arith_seed5,ga,5,30,0.016731921610293448
ga_arith_seed5,ga,5,31,0.016731921610293448
ga_arith_seed5,ga,5,32,0.016731921610293448
ga_arith_seed5,ga,5,33,0.016731921610293448
ga_arith_seed5,ga,5,34,0.016731921610293448
ga_arith_seed5,ga,5,35,0.016731921610293448
ga_arith_seed5,ga,5,36,0.016731921610293448
ga_arith_seed5,ga,5,37,0.016731921610293448
ga_arith_seed5,ga,5,38,0.016731921610293448
ga_arith_seed5,ga,5,39,0.016731921610293448
ga_arith_seed5,ga,5,40,0.016731921610293448
ga_arith_seed5,ga,5,41,0.016731921610293448
ga_arith_seed5,ga,5,42,0.016731921610293448
ga_arith_seed5,ga,5,43,0.016731921610293448
ga_arith_seed5,ga,5,44,0.016731921610293448
ga_arith_seed5,ga,5,45,0.016731921610293448
ga_arith_seed5,ga,5,46,0.016731921610293448
ga_arith_seed5,ga,5,47,0.016731921610293448
ga_arith_seed5,ga,5,48,0.016731921610293448
ga_arith_seed5,ga,5,49,0.016731921610293448
ga_arith_seed5,ga,5,50,0.016731921610293448
ga_arith_seed5,ga,5,51,0.016731921610293448
ga_arith_seed5,ga,5,52,0.016731921610293448
ga_arith_seed5,ga,5,53,0.016731921610293448
ga_arith_seed5,ga,5,54,0.016731921610293448
ga_arith_seed5,ga,5,55,0.016731921610293448
ga_arith_seed5,ga,5,56,0.016731921610293448
ga_arith_seed5,ga,5,57,0.016731921610293448
ga_arith_seed5,ga,5,58,0.016731921610293448
ga_arith_seed5,ga,5,59,0.016731921610293448
ga_arith_seed5,ga,5,60,0.016731921610293448
ga_arith_seed5,ga,5,61,0.016731921610293448
ga_arith_seed5,ga,5,62,0.016731921610293448
ga_arith_seed5,ga,5,63,0.016731921610293448
ga_arith_seed5,ga,5,64,0.016731921610293448
ga_arith_seed5,ga,5,65,0.016731921610293448
ga_arith_seed5,ga,5,66,0.016731921610293448
ga_arith_seed5,ga,5,67,0.016731921610293448
ga_arith_seed5,ga,5,68,0.016731921610293448
ga_arith_seed5,ga,5,69,0.016731921610293448
ga_arith_seed5,ga,5,70,0.016731921610293448
ga_arith_seed5,ga,5,71,0.016731921610293448
ga_arith_seed5,ga,5,72,0.016731921610293448
ga_arith_seed5,ga,5,73,0.016731921610293448
ga_arith_seed5,ga,5,74,0.016731921610293448
ga_arith_seed5,ga,5,75,0.016731921610293448
ga_arith_seed5,ga,5,76,0.016731921610293448
ga_arith_seed5,ga,5,77,0.016731921610293448
ga_arith_seed5,ga,5,78,0.016731921610293448
ga_arith_seed5,ga,5,79,0.016731921610293448
ga_arith_seed5,ga,5,80,0.016731921610293448
ga_arith_seed5,ga,5,81,0.016731921610293448
ga_arith_seed5,ga,5,82,0.016731921610293448
ga_arith_seed5,ga,5,83,0.016731921610293448
ga_arith_seed5,ga,5,84,0.016731921610293448
ga_arith_seed5,ga,5,85,0.016731921610293448
ga_arith_seed5,ga,5,86,0.016731912285466652
ga_arith_seed5,ga,5,87,0.016731912285466652
ga_arith_seed5,ga,5,88,0.016731912285466652
ga_arith_seed5,ga,5,89,0.016731912285466652
ga_arith_seed5,ga,5,90,0.016731912285466652
ga_arith_seed5,ga,5,91,0.016731912285466652
ga_arith_seed5,ga,5,92,0.016731912285466652
ga_arith_seed5,ga,5,93,0.016731912285466652
ga_arith_seed5,ga,5,94,0.016731912285466652
ga_arith_seed5,ga,5,95,0.016731912285466652
ga_arith_seed5,ga,5,96,0.016731912285466652
ga_arith_seed5,ga,5,97,0.016731912285466652
ga_arith_seed5,ga,5,98,0.016731912285466652
ga_arith_seed5,ga,5,99,0.016731912285466652
ga_arith_seed5,ga,5,100,0.016731912285466652
ga_arith_seed5,ga,5,101,0.016731912285466652
ga_arith_seed5,ga,5,102,0.016731912285466652
ga_arith_seed5,ga,5,103,0.016731912285466652
ga_arith_seed5,ga,5,104,0.016731912285466652
ga_arith_seed5,ga,5,105,0.016731912285466652
ga_arith_seed5,ga,5,106,0.016731912285466652
ga_arith_seed5,ga,5,107,0.016731912285466652
ga_arith_seed5,ga,5,108,0.016731912285466652
ga_arith_seed5,ga,5,109,0.016731912285466652
ga_arith_seed5,ga,5,110,0.016731912285466652
ga_arith_seed5,ga,5,111,0.016731912285466652
ga_arith_seed5,ga,5,112,0.016731912285466652
ga_arith_seed5,ga,5,113,0.016731912285466652
ga_arith_seed5,ga,5,114,0.016731912285466652
ga_arith_seed5,ga,5,115,0.016731912285466652
ga_arith_seed5,ga,5,116,0.016731912285466652
ga_arith_seed5,ga,5,117,0.016731912285466652
ga_arith_seed5,ga,5,118,0.016731912285466652
ga_arith_seed5,ga,5,119,0.016731912285466652
ga_arith_seed5,ga,5,120,0.016731912285466652
ga_arith_seed5,ga,5,121,0.016731912285466652
ga_arith_seed5,ga,5,122,0.016731912285466652
ga_arith_seed5,ga,5,123,0.016731912285466652
ga_arith_seed5,ga,5,124,0.016731912285466652
ga_arith_seed5,ga,5,125,0.016731912285466652
ga_arith_seed5,ga,5,126,0.016731912088830733
ga_arith_seed5,ga,5,127,0.016731911989521273
ga_arith_seed5,ga,5,128,0.016731911989521273
ga_arith_seed5,ga,5,129,0.016731911989521273
ga_arith_seed5,ga,5,130,0.016731911989521273
ga_arith_seed5,ga,5,131,0.016731911989521273
ga_arith_seed5,ga,5,132,0.016731911989521273
ga_arith_seed5,ga,5,133,0.016731911989521273
ga_arith_seed5,ga,5,134,0.016731911989521273
ga_arith_seed5,ga,5,135,0.016731911989521273
ga_arith_seed5,ga,5,136,0.016731911989521273
ga_arith_seed5,ga,5,137,0.016731911989521273
ga_arith_seed5,ga,5,138,0.016731911989521273
ga_arith_seed5,ga,5,139,0.016731911989521273
ga_arith_seed5,ga,5,140,0.016731911989521273
ga_arith_seed5,ga,5,141,0.016731911989521273
ga_arith_seed5,ga,5,142,0.016731911989521273
ga_arith_seed5,ga,5,143,0.016731911989521273
ga_arith_seed5,ga,5,144,0.016731911989521273
ga_arith_seed5,ga,5,145,0.016731911989521273
ga_arith_seed5,ga,5,146,0.016731911989521273
ga_arith_seed5,ga,5,147,0.016731911989521273
ga_arith_seed5,ga,5,148,0.016731911989521273
ga_arith_seed5,ga,5,149,0.016731911989521273
ga_arith_seed5,ga,5,150,0.016731911989521273
ga_arith_seed5,ga,5,151,0.016731911989521273
ga_arith_seed5,ga,5,152,0.016731911989521273
ga_arith_seed5,ga,5,153,0.016731911989521273
ga_arith_seed5,ga,5,154,0.016731911989521273
ga_arith_seed5,ga,5,155,0.016731911989521273
ga_arith_seed5,ga,5,156,0.016731911989521273
ga_arith_seed5,ga,5,157,0.016731911989521273
ga_arith_seed5,ga,5,158,0.016731911989521273
ga_arith_seed5,ga,5,159,0.016731911981525155
ga_arith_seed5,ga,5,160,0.016731911981525155
ga_arith_seed5,ga,5,161,0.016731911981525155
ga_arith_seed5,ga,5,162,0.016731911981525155
ga_arith_seed5,ga,5,163,0.016731911981525155
ga_arith_seed5,ga,5,164,0.016731911981525155
ga_arith_seed5,ga,5,165,0.016731911981525155
ga_arith_seed5,ga,5,166,0.016731911981525155
ga_arith_seed5,ga,5,167,0.016731911981525155
ga_arith_seed5,ga,5,168,0.016731911981525155
ga_arith_seed5,ga,5,169,0.016731911981525155
ga_arith_seed5,ga,5,170,0.016731911981525155
ga_arith_seed5,ga,5,171,0.016731911981525155
ga_arith_seed5,ga,5,172,0.016731911981525155
ga_arith_seed5,ga,5,173,0.016731911981525155
ga_arith_seed5,ga,5,174,0.016731911981525155
ga_arith_seed5,ga,5,175,0.016731911981525155
ga_arith_seed5,ga,5,176,0.016731911981525155
ga_arith_seed5,ga,5,177,0.016731911981525155
ga_arith_seed5,ga,5,178,0.016731911979223517
ga_arith_seed5,ga,5,179,0.016731911979223517
ga_arith_seed5,ga,5,180,0.016731911979223517
ga_arith_seed5,ga,5,181,0.016731911979223517
ga_arith_seed5,ga,5,182,0.016731911979223517
ga_arith_seed5,ga,5,183,0.016731911979223517
ga_arith_seed5,ga,5,184,0.016731911979223517
ga_arith_seed5,ga,5,185,0.016731911979223517
ga_arith_seed5,ga,5,186,0.016731911979223517
ga_arith_seed5,ga,5,187,0.016731911979223517
ga_arith_seed5,ga,5,188,0.016731911979223517
ga_arith_seed5,ga,5,189,0.016731911979223517
ga_arith_seed5,ga,5,190,0.016731911979223517
ga_arith_seed5,ga,5,191,0.016731911979223517
ga_arith_seed5,ga,5,192,0.016731911979223517
ga_arith_seed5,ga,5,193,0.01673191197164488
ga_arith_seed5,ga,5,194,0.01673191197164488
ga_arith_seed5,ga,5,195,0.01673191197164488
ga_arith_seed5,ga,5,196,0.01673191197164488
ga_arith_seed5,ga,5,197,0.01673191197164488
ga_arith_seed5,ga,5,198,0.01673191197164488
ga_arith_seed5,ga,5,199,0.01673191197164488
ga_arith_seed5,ga,5,200,0.01673191197164488
ga_arith_seed6,ga,6,1,9195.992919640934
ga_arith_seed6,ga,6,2,0.01886614954099214
ga_arith_seed6,ga,6,3,0.018349973287847564
ga_arith_seed6,ga,6,4,0.018349973287847564
ga_arith_seed6,ga,6,5,0.018349973287847564
ga_arith_seed6,ga,6,6,0.018349973287847564
ga_arith_seed6,ga,6,7,0.018349973287847564
ga_arith_seed6,ga,6,8,0.018349973287847564
ga_arith_seed6,ga,6,9,0.018349973287847564
ga_arith_seed6,ga,6,10,0.018349973287847564
ga_arith_seed6,ga,6,11,0.018349973287847564
ga_arith_seed6,ga,6,12,0.018349973287847564
ga_arith_seed6,ga,6,13,0.018349973287847564
ga_arith_seed6,ga,6,14,0.018349973287847564
ga_arith_seed6,ga,6,15,0.016833738020111365
ga_arith_seed6,ga,6,16,0.016833738020111365
ga_arith_seed6,ga,6,17,0.016833738020111365
ga_arith_seed6,ga,6,18,0.016833738020111365
ga_arith_seed6,ga,6,19,0.016833738020111365
ga_arith_seed6,ga,6,20,0.016833738020111365
ga_arith_seed6,ga,6,21,0.016833738020111365
ga_arith_seed6,ga,6,22,0.016833738020111365
ga_arith_seed6,ga,6,23,0.016833738020111365
ga_arith_seed6,ga,6,24,0.016833738020111365
ga_arith_seed6,ga,6,25,0.016833738020111365
ga_arith_seed6,ga,6,26,0.016833738020111365
ga_arith_seed6,ga,6,27,0.016833738020111365
ga_arith_seed6,ga,6,28,0.016833738020111365
ga_arith_seed6,ga,6,29,0.016740675652767566
ga_arith_seed6,ga,6,30,0.016740675652767566
ga_arith_seed6,ga,6,31,0.016740675652767566
ga_arith_seed6,ga,6,32,0.016740675652767566
ga_arith_seed6,ga,6,33,0.016740675652767566
ga_arith_seed6,ga,6,34,0.016740675652767566
ga_arith_seed6,ga,6,35,0.016740675652767566
ga_arith_seed6,ga,6,36,0.016740675652767566
ga_arith_seed6,ga,6,37,0.016736462017826755
ga_arith_seed6,ga,6,38,0.016736462017826755
ga_arith_seed6,ga,6,39,0.016732423789859823
ga_arith_seed6,ga,6,40,0.016732423789859823
ga_arith_seed6,ga,6,41,0.016732423789859823
ga_arith_seed6,ga,6,42,0.016732423789859823
ga_arith_seed6,ga,6,43,0.016732423789859823
ga_arith_seed6,ga,6,44,0.016732423789859823
ga_arith_seed6,ga,6,45,0.016732423789859823
ga_arith_seed6,ga,6,46,0.016732423789859823
ga_arith_seed6,ga,6,47,0.016732423789859823
ga_arith_seed6,ga,6,48,0.016732423789859823
ga_arith_seed6,ga,6,49,0.016732423789859823
ga_arith_seed6,ga,6,50,0.016732423789859823
ga_arith_seed6,ga,6,51,0.016732423789859823
ga_arith_seed6,ga,6,52,0.016732423789859823
ga_arith_seed6,ga,6,53,0.016732423789859823
ga_arith_seed6,ga,6,54,0.016732423789859823
ga_arith_seed6,ga,6,55,0.016732423789859823
ga_arith_seed6,ga,6,56,0.016732423789859823
ga_arith_seed6,ga,6,57,0.016732423789859823
ga_arith_seed6,ga,6,58,0.016732423789859823
ga_arith_seed6,ga,6,59,0.016732423789859823
ga_arith_seed6,ga,6,60,0.01673220916771224
ga_arith_seed6,ga,6,61,0.01673220916771224
ga_arith_seed6,ga,6,62,0.01673220916771224
ga_arith_seed6,ga,6,63,0.01673220916771224
ga_arith_seed6,ga,6,64,0.01673220916771224
ga_arith_seed6,ga,6,65,0.01673220916771224
ga_arith_seed6,ga,6,66,0.01673220916771224
ga_arith_seed6,ga,6,67,0.01673220916771224
ga_arith_seed6,ga,6,68,0.01673220916771224
ga_arith_seed6,ga,6,69,0.01673220916771224
ga_arith_seed6,ga,6,70,0.01673220916771224
ga_arith_seed6,ga,6,71,0.01673200475207346
ga_arith_seed6,ga,6,72,0.01673200475207346
ga_arith_seed6,ga,6,73,0.01673200475207346
ga_arith_seed6,ga,6,74,0.01673200475207346
ga_arith_seed6,ga,6,75,0.01673200475207346
ga_arith_seed6,ga,6,76,0.01673200475207346
ga_arith_seed6,ga,6,77,0.01673191380714876
ga_arith_seed6,ga,6,78,0.01673191380714876
ga_arith_seed6,ga,6,79,0.01673191380714876
ga_arith_seed6,ga,6,80,0.01673191380714876
ga_arith_seed6,ga,6,81,0.01673191380714876
ga_arith_seed6,ga,6,82,0.01673191380714876
ga_arith_seed6,ga,6,83,0.01673191380714876
ga_arith_seed6,ga,6,84,0.01673191380714876
ga_arith_seed6,ga,6,85,0.01673191380714876
ga_arith_seed6,ga,6,86,0.01673191380714876
ga_arith_seed6,ga,6,87,0.01673191380714876
ga_arith_seed6,ga,6,88,0.01673191380714876
ga_arith_seed6,ga,6,89,0.016731909637256993
ga_arith_seed6,ga,6,90,0.016731909637256993
ga_arith_seed6,ga,6,91,0.016731909637256993
ga_arith_seed6,ga,6,92,0.016731909637256993
ga_arith_seed6,ga,6,93,0.016731909637256993
ga_arith_seed6,ga,6,94,0.016731909637256993
ga_arith_seed6,ga,6,95,0.016731909637256993
ga_arith_seed6,ga,6,96,0.016731909637256993
ga_arith_seed6,ga,6,97,0.016731909637256993
ga_arith_seed6,ga,6,98,0.016731909637256993
ga_arith_seed6,ga,6,99,0.016731909637256993
ga_arith_seed6,ga,6,100,0.016731909637256993
ga_arith_seed6,ga,6,101,0.016731909637256993
ga_arith_seed6,ga,6,102,0.016731909637256993
ga_arith_seed6,ga,6,103,0.016731909637256993
ga_arith_seed6,ga,6,104,0.016731909637256993
ga_arith_seed6,ga,6,105,0.016731909637256993
ga_arith_seed6,ga,6,106,0.016731909637256993
ga_arith_seed6,ga,6,107,0.016731909637256993
ga_arith_seed6,ga,6,108,0.016731909637256993
ga_arith_seed6,ga,6,109,0.016731909637256993
ga_arith_seed6,ga,6,110,0.016731909637256993
ga_arith_seed6,ga,6,111,0.016731909637256993
ga_arith_seed6,ga,6,112,0.016731909637256993
ga_arith_seed6,ga,6,113,0.016731909637256993
ga_arith_seed6,ga,6,114,0.016731909637256993
ga_arith_seed6,ga,6,115,0.016731909637256993
ga_arith_seed6,ga,6,116,0.016731909637256993
ga_arith_seed6,ga,6,117,0.016731909637256993
ga_arith_seed6,ga,6,118,0.016731909637256993
ga_arith_seed6,ga,6,119,0.016731909637256993
ga_arith_seed6,ga,6,120,0.016731909637256993
ga_arith_seed6,ga,6,121,0.016731909637256993
ga_arith_seed6,ga,6,122,0.016731909637256993
ga_arith_seed6,ga,6,123,0.016731909637256993
ga_arith_seed6,ga,6,124,0.016731909637256993
ga_arith_seed6,ga,6,125,0.016731909637256993
ga_arith_seed6,ga,6,126,0.016731909637256993
ga_arith_seed6,ga,6,127,0.016731909637256993
ga_arith_seed6,ga,6,128,0.016731909637256993
ga_arith_seed6,ga,6,129,0.016731909637256993
ga_arith_seed6,ga,6,130,0.016731909637256993
ga_arith_seed6,ga,6,131,0.016731909637256993
ga_arith_seed6,ga,6,132,0.016731909637256993
ga_arith_seed6,ga,6,133,0.016731909635311064
ga_arith_seed6,ga,6,134,0.016731909635311064
ga_arith_seed6,ga,6,135,0.016731909635311064
ga_arith_seed6,ga,6,136,0.016731909635311064
ga_arith_seed6,ga,6,137,0.016731909635311064
ga_arith_seed6,ga,6,138,0.016731909635311064
ga_arith_seed6,ga,6,139,0.016731909635311064
ga_arith_seed6,ga,6,140,0.016731909635311064
ga_arith_seed6,ga,6,141,0.016731909635311064
ga_arith_seed6,ga,6,142,0.016731909635311064
ga_arith_seed6,ga,6,143,0.016731909635311064
ga_arith_seed6,ga,6,144,0.016731909635311064
ga_arith_seed6,ga,6,145,0.016731909635311064
ga_arith_seed6,ga,6,146,0.016731909635311064
ga_arith_seed6,ga,6,147,0.016731909635311064
ga_arith_seed6,ga,6,148,0.016731909635311064
ga_arith_seed6,ga,6,149,0.016731909635311064
ga_arith_seed6,ga,6,150,0.016731909523320817
ga_arith_seed6,ga,6,151,0.016731909523320817
ga_arith_seed6,ga,6,152,0.016731909523320817
ga_arith_seed6,ga,6,153,0.016731909523320817
ga_arith_seed6,ga,6,154,0.016731909523320817
ga_arith_seed6,ga,6,155,0.016731909523320817
ga_arith_seed6,ga,6,156,0.016731909523320817
ga_arith_seed6,ga,6,157,0.016731909523320817
ga_arith_seed6,ga,6,158,0.016731909523320817
ga_arith_seed6,ga,6,159,0.016731909523320817
ga_arith_seed6,ga,6,160,0.016731909523320817
ga_arith_seed6,ga,6,161,0.016731909523320817
ga_arith_seed6,ga,6,162,0.016731909523320817
ga_arith_seed6,ga,6,163,0.016731909523320817
ga_arith_seed6,ga,6,164,0.016731909523320817
ga_arith_seed6,ga,6,165,0.016731909523320817
ga_arith_seed6,ga,6,166,0.016731909523320817
ga_arith_seed6,ga,6,167,0.016731909523320817
ga_arith_seed6,ga,6,168,0.016731909523320817
ga_arith_seed6,ga,6,169,0.016731909523320817
ga_arith_seed6,ga,6,170,0.016731909523320817
ga_arith_seed6,ga,6,171,0.016731909523320817
ga_arith_seed6,ga,6,172,0.016731909523320817
ga_arith_seed6,ga,6,173,0.016731909523320817
ga_arith_seed6,ga,6,174,0.016731909523320817
ga_arith_seed6,ga,6,175,0.016731909523320817
ga_arith_seed6,ga,6,176,0.016731909523320817
ga_arith_seed6,ga,6,177,0.016731909523320817
ga_arith_seed6,ga,6,178,0.016731909523320817
ga_arith_seed6,ga,6,179,0.016731909523320817
ga_arith_seed6,ga,6,180,0.016731909523320817
ga_arith_seed6,ga,6,181,0.016731909523320817
ga_arith_seed6,ga,6,182,0.016731909523320817
ga_arith_seed6,ga,6,183,0.016731909523320817
ga_arith_seed6,ga,6,184,0.016731909523320817
ga_arith_seed6,ga,6,185,0.016731909523320817
ga_arith_seed6,ga,6,186,0.016731909523320817
ga_arith_seed6,ga,6,187,0.016731909523320817
ga_arith_seed6,ga,6,188,0.016731909523320817
ga_arith_seed6,ga,6,189,0.016731909523320817
ga_arith_seed6,ga,6,190,0.016731909523320817
ga_arith_seed6,ga,6,191,0.016731909523320817
ga_arith_seed6,ga,6,192,0.016731909523320817
ga_arith_seed6,ga,6,193,0.016731909523320817
ga_arith_seed6,ga,6,194,0.016731909523320817
ga_arith_seed6,ga,6,195,0.016731909523320817
ga_arith_seed6,ga,6,196,0.016731909523320817
ga_arith_seed6,ga,6,197,0.016731909523320817
ga_arith_seed6,ga,6,198,0.016731909523320817
ga_arith_seed6,ga,6,199,0.016731909493476253
ga_arith_seed6,ga,6,200,0.016731909493476253
ga_arith_seed7,ga,7,1,9297.910086073156
ga_arith_seed7,ga,7,2,0.09953470705733529
ga_arith_seed7,ga,7,3,0.09953470705733529
ga_arith_seed7,ga,7,4,0.09953470705733529
ga_arith_seed7,ga,7,5,0.09953470705733529
ga_arith_seed7,ga,7,6,0.09953470705733529
ga_arith_seed7,ga,7,7,0.01724385158624615
ga_arith_seed7,ga,7,8,0.01724385158624615
ga_arith_seed7,ga,7,9,0.01724385158624615
ga_arith_seed7,ga,7,10,0.01724385158624615
ga_arith_seed7,ga,7,11,0.01724385158624615
ga_arith_seed7,ga,7,12,0.016958217716374926
ga_arith_seed7,ga,7,13,0.016958217716374926
ga_arith_seed7,ga,7,14,0.016958217716374926
ga_arith_seed7,ga,7,15,0.016958217716374926
ga_arith_seed7,ga,7,16,0.016958217716374926
ga_arith_seed7,ga,7,17,0.016958217716374926
ga_arith_seed7,ga,7,18,0.016958217716374926
ga_arith_seed7,ga,7,19,0.016958217716374926
ga_arith_seed7,ga,7,20,0.016958217716374926
ga_arith_seed7,ga,7,21,0.016958217716374926
ga_arith_seed7,ga,7,22,0.016958217716374926
ga_arith_seed7,ga,7,23,0.016958217716374926
ga_arith_seed7,ga,7,24,0.016958217716374926
ga_arith_seed7,ga,7,25,0.016958217716374926
ga_arith_seed7,ga,7,26,0.016958217716374926
ga_arith_seed7,ga,7,27,0.016958217716374926
ga_arith_seed7,ga,7,28,0.016958217716374926
ga_arith_seed7,ga,7,29,0.016958217716374926
ga_arith_seed7,ga,7,30,0.016958217716374926
ga_arith_seed7,ga,7,31,0.016958217716374926
ga_arith_seed7,ga,7,32,0.016958217716374926
ga_arith_seed7,ga,7,33,0.016958217716374926
ga_arith_seed7,ga,7,34,0.016958217716374926
ga_arith_seed7,ga,7,35,0.016958217716374926
ga_arith_seed7,ga,7,36,0.016958217716374926
ga_arith_seed7,ga,7,37,0.016958217716374926
ga_arith_seed7,ga,7,38,0.016958217716374926
ga_arith_seed7,ga,7,39,0.016958217716374926
ga_arith_seed7,ga,7,40,0.016958217716374926
ga_arith_seed7,ga,7,41,0.016958217716374926
ga_arith_seed7,ga,7,42,0.01683503818131341
ga_arith_seed7,ga,7,43,0.01683503818131341
ga_arith_seed7,ga,7,44,0.01683503818131341
ga_arith_seed7,ga,7,45,0.01683503818131341
ga_arith_seed7,ga,7,46,0.01683503818131341
ga_arith_seed7,ga,7,47,0.01683503818131341
ga_arith_seed7,ga,7,48,0.01683503818131341
ga_arith_seed7,ga,7,49,0.01683503818131341
ga_arith_seed7,ga,7,50,0.01683503818131341
ga_arith_seed7,ga,7,51,0.01683503818131341
ga_arith_seed7,ga,7,52,0.01683503818131341
ga_arith_seed7,ga,7,53,0.01683503818131341
ga_arith_seed7,ga,7,54,0.01683503818131341
ga_arith_seed7,ga,7,55,0.01683503818131341
ga_arith_seed7,ga,7,56,0.01683503818131341
ga_arith_seed7,ga,7,57,0.016781934297595117
ga_arith_seed7,ga,7,58,0.016781934297595117
ga_arith_seed7,ga,7,59,0.016781934297595117
ga_arith_seed7,ga,7,60,0.016781934297595117
ga_arith_seed7,ga,7,61,0.016781934297595117
ga_arith_seed7,ga,7,62,0.016781934297595117
ga_arith_seed7,ga,7,63,0.016781934297595117
ga_arith_seed7,ga,7,64,0.016781934297595117
ga_arith_seed7,ga,7,65,0.016781934297595117
ga_arith_seed7,ga,7,66,0.016781934297595117
ga_arith_seed7,ga,7,67,0.016781934297595117
ga_arith_seed7,ga,7,68,0.016781934297595117
ga_arith_seed7,ga,7,69,0.016781934297595117
ga_arith_seed7,ga,7,70,0.016781934297595117
ga_arith_seed7,ga,7,71,0.016781934297595117
ga_arith_seed7,ga,7,72,0.016781934297595117
ga_arith_seed7,ga,7,73,0.016781934297595117
ga_arith_seed7,ga,7,74,0.016781934297595117
ga_arith_seed7,ga,7,75,0.0167365480544528
ga_arith_seed7,ga,7,76,0.0167365480544528
ga_arith_seed7,ga,7,77,0.0167365480544528
ga_arith_seed7,ga,7,78,0.0167365480544528
ga_arith_seed7,ga,7,79,0.0167365480544528
ga_arith_seed7,ga,7,80,0.0167365480544528
ga_arith_seed7,ga,7,81,0.0167365480544528
ga_arith_seed7,ga,7,82,0.0167365480544528
ga_arith_seed7,ga,7,83,0.0167365480544528
ga_arith_seed7,ga,7,84,0.0167365480544528
ga_arith_seed7,ga,7,85,0.0167365480544528
ga_arith_seed7,ga,7,86,0.0167365480544528
ga_arith_seed7,ga,7,87,0.0167365480544528
ga_arith_seed7,ga,7,88,0.0167365480544528
ga_arith_seed7,ga,7,89,0.0167365480544528
ga_arith_seed7,ga,7,90,0.0167365480544528
ga_arith_seed7,ga,7,91,0.0167365480544528
ga_arith_seed7,ga,7,92,0.0167365480544528
ga_arith_seed7,ga,7,93,0.01673502428440528
ga_arith_seed7,ga,7,94,0.01673502428440528
ga_arith_seed7,ga,7,95,0.01673502428440528
ga_arith_seed7,ga,7,96,0.01673502428440528
ga_arith_seed7,ga,7,97,0.01673502428440528
ga_arith_seed7,ga,7,98,0.01673502428440528
ga_arith_seed7,ga,7,99,0.01673502428440528
ga_arith_seed7,ga,7,100,0.01673502428440528
ga_arith_seed7,ga,7,101,0.01673502428440528
ga_arith_seed7,ga,7,102,0.01673502428440528
ga_arith_seed7,ga,7,103,0.01673237386098419
ga_arith_seed7,ga,7,104,0.01673237386098419
ga_arith_seed7,ga,7,105,0.01673237386098419
ga_arith_seed7,ga,7,106,0.01673237386098419
ga_arith_seed7,ga,7,107,0.01673237386098419
ga_arith_seed7,ga,7,108,0.01673237386098419
ga_arith_seed7,ga,7,109,0.01673237386098419
ga_arith_seed7,ga,7,110,0.01673237386098419
ga_arith_seed7,ga,7,111,0.01673237386098419
ga_arith_seed7,ga,7,112,0.016732245195536843
ga_arith_seed7,ga,7,113,0.016732245195536843
ga_arith_seed7,ga,7,114,0.016732245195536843
ga_arith_seed7,ga,7,115,0.016732245195536843
ga_arith_seed7,ga,7,116,0.016732245195536843
ga_arith_seed7,ga,7,117,0.016732245195536843
ga_arith_seed7,ga,7,118,0.016732245195536843
ga_arith_seed7,ga,7,119,0.016732245195536843
ga_arith_seed7,ga,7,120,0.016732245195536843
ga_arith_seed7,ga,7,121,0.016732245195536843
ga_arith_seed7,ga,7,122,0.016731929950288594
ga_arith_seed7,ga,7,123,0.016731929950288594
ga_arith_seed7,ga,7,124,0.016731929950288594
ga_arith_seed7,ga,7,125,0.016731929950288594
ga_arith_seed7,ga,7,126,0.016731929950288594
ga_arith_seed7,ga,7,127,0.016731929950288594
ga_arith_seed7,ga,7,128,0.016731929950288594
ga_arith_seed7,ga,7,129,0.016731929950288594
ga_arith_seed7,ga,7,130,0.016731929950288594
ga_arith_seed7,ga,7,131,0.016731929950288594
ga_arith_seed7,ga,7,132,0.016731929950288594
ga_arith_seed7,ga,7,133,0.016731929950288594
ga_arith_seed7,ga,7,134,0.016731929950288594
ga_arith_seed7,ga,7,135,0.016731929950288594
ga_arith_seed7,ga,7,136,0.016731929950288594
ga_arith_seed7,ga,7,137,0.016731929950288594
ga_arith_seed7,ga,7,138,0.016731929950288594
ga_arith_seed7,ga,7,139,0.016731929950288594
ga_arith_seed7,ga,7,140,0.016731929950288594
ga_arith_seed7,ga,7,141,0.016731929950288594
ga_arith_seed7,ga,7,142,0.016731929950288594
ga_arith_seed7,ga,7,143,0.016731929950288594
ga_arith_seed7,ga,7,144,0.016731929950288594
ga_arith_seed7,ga,7,145,0.016731929950288594
ga_arith_seed7,ga,7,146,0.016731929950288594
ga_arith_seed7,ga,7,147,0.016731929950288594
ga_arith_seed7,ga,7,148,0.016731929950288594
ga_arith_seed7,ga,7,149,0.016731929950288594
ga_arith_seed7,ga,7,150,0.016731929950288594
ga_arith_seed7,ga,7,151,0.016731929950288594
ga_arith_seed7,ga,7,152,0.016731929950288594
ga_arith_seed7,ga,7,153,0.016731929950288594
ga_arith_seed7,ga,7,154,0.016731929950288594
ga_arith_seed7,ga,7,155,0.016731929950288594
ga_arith_seed7,ga,7,156,0.016731929950288594
ga_arith_seed7,ga,7,157,0.016731929950288594
ga_arith_seed7,ga,7,158,0.016731929950288594
ga_arith_seed7,ga,7,159,0.016731929950288594
ga_arith_seed7,ga,7,160,0.016731929950288594
ga_arith_seed7,ga,7,161,0.016731929950288594
ga_arith_seed7,ga,7,162,0.016731929950288594
ga_arith_seed7,ga,7,163,0.016731929950288594
ga_arith_seed7,ga,7,164,0.016731929950288594
ga_arith_seed7,ga,7,165,0.016731929950288594
ga_arith_seed7,ga,7,166,0.016731929950288594
ga_arith_seed7,ga,7,167,0.016731929950288594
ga_arith_seed7,ga,7,168,0.016731929950288594
ga_arith_seed7,ga,7,169,0.016731929950288594
ga_arith_seed7,ga,7,170,0.016731929950288594
ga_arith_seed7,ga,7,171,0.016731929950288594
ga_arith_seed7,ga,7,172,0.016731929950288594
ga_arith_seed7,ga,7,173,0.016731929950288594
ga_arith_seed7,ga,7,174,0.016731929950288594
ga_arith_seed7,ga,7,175,0.016731929950288594
ga_arith_seed7,ga,7,176,0.016731929950288594
ga_arith_seed7,ga,7,177,0.016731929950288594
ga_arith_seed7,ga,7,178,0.016731929950288594
ga_arith_seed7,ga,7,179,0.016731929950288594
ga_arith_seed7,ga,7,180,0.016731929950288594
ga_arith_seed7,ga,7,181,0.016731929950288594
ga_arith_seed7,ga,7,182,0.016731929950288594
ga_arith_seed7,ga,7,183,0.016731929950288594
ga_arith_seed7,ga,7,184,0.016731929950288594
ga_arith_seed7,ga,7,185,0.016731929950288594
ga_arith_seed7,ga,7,186,0.016731929950288594
ga_arith_seed7,ga,7,187,0.016731929950288594
ga_arith_seed7,ga,7,188,0.016731929950288594
ga_arith_seed7,ga,7,189,0.016731929950288594
ga_arith_seed7,ga,7,190,0.016731929950288594
ga_arith_seed7,ga,7,191,0.016731929950288594
ga_arith_seed7,ga,7,192,0.016731929950288594
ga_arith_seed7,ga,7,193,0.016731929950288594
ga_arith_seed7,ga,7,194,0.016731929950288594
ga_arith_seed7,ga,7,195,0.016731929950288594
ga_arith_seed7,ga,7,196,0.016731929950288594
ga_arith_seed7,ga,7,197,0.016731929950288594
ga_arith_seed7,ga,7,198,0.016731929950288594
ga_arith_seed7,ga,7,199,0.016731929950288594
ga_arith_seed7,ga,7,200,0.016731929950288594
ga_arith_seed8,ga,8,1,65.72920693767578
ga_arith_seed8,ga,8,2,65.72920693767578
ga_arith_seed8,ga,8,3,0.16113540022645806
ga_arith_seed8,ga,8,4,0.16113540022645806
ga_arith_seed8,ga,8,5,0.016740007700821513
ga_arith_seed8,ga,8,6,0.016740007700821513
ga_arith_seed8,ga,8,7,0.016740007700821513
ga_arith_seed8,ga,8,8,0.016740007700821513
ga_arith_seed8,ga,8,9,0.016740007700821513
ga_arith_seed8,ga,8,10,0.016740007700821513
ga_arith_seed8,ga,8,11,0.016740007700821513
ga_arith_seed8,ga,8,12,0.016740007700821513
ga_arith_seed8,ga,8,13,0.016740007700821513
ga_arith_seed8,ga,8,14,0.016740007700821513
ga_arith_seed8,ga,8,15,0.01673849762035731
ga_arith_seed8,ga,8,16,0.01673849762035731
ga_arith_seed8,ga,8,17,0.01673849762035731
ga_arith_seed8,ga,8,18,0.01673849762035731
ga_arith_seed8,ga,8,19,0.01673849762035731
ga_arith_seed8,ga,8,20,0.01673849762035731
ga_arith_seed8,ga,8,21,0.01673849762035731
ga_arith_seed8,ga,8,22,0.01673849762035731
ga_arith_seed8,ga,8,23,0.01673849762035731
ga_arith_seed8,ga,8,24,0.01673849762035731
ga_arith_seed8,ga,8,25,0.01673849762035731
ga_arith_seed8,ga,8,26,0.016736833055147234
ga_arith_seed8,ga,8,27,0.016736833055147234
ga_arith_seed8,ga,8,28,0.016736833055147234
ga_arith_seed8,ga,8,29,0.016736833055147234
ga_arith_seed8,ga,8,30,0.016736833055147234
ga_arith_seed8,ga,8,31,0.016736833055147234
ga_arith_seed8,ga,8,32,0.016736833055147234
ga_arith_seed8,ga,8,33,0.016736833055147234
ga_arith_seed8,ga,8,34,0.016736833055147234
ga_arith_seed8,ga,8,35,0.016736833055147234
ga_arith_seed8,ga,8,36,0.016735259857479416
ga_arith_seed8,ga,8,37,0.01673262306404775
ga_arith_seed8,ga,8,38,0.01673262306404775
ga_arith_seed8,ga,8,39,0.01673262306404775
ga_arith_seed8,ga,8,40,0.01673262306404775
ga_arith_seed8,ga,8,41,0.01673262306404775
ga_arith_seed8,ga,8,42,0.01673262306404775
ga_arith_seed8,ga,8,43,0.01673262306404775
ga_arith_seed8,ga,8,44,0.01673262306404775
ga_arith_seed8,ga,8,45,0.01673262306404775
ga_arith_seed8,ga,8,46,0.01673262306404775
ga_arith_seed8,ga,8,47,0.01673262306404775
ga_arith_seed8,ga,8,48,0.01673262306404775
ga_arith_seed8,ga,8,49,0.01673262306404775
ga_arith_seed8,ga,8,50,0.01673262306404775
ga_arith_seed8,ga,8,51,0.01673262306404775
ga_arith_seed8,ga,8,52,0.01673262306404775
ga_arith_seed8,ga,8,53,0.01673262306404775
ga_arith_seed8,ga,8,54,0.01673262306404775
ga_arith_seed8,ga,8,55,0.01673262306404775
ga_arith_seed8,ga,8,56,0.01673262306404775
ga_arith_seed8,ga,8,57,0.01673262306404775
ga_arith_seed8,ga,8,58,0.016731970119682735
ga_arith_seed8,ga,8,59,0.016731970119682735
ga_arith_seed8,ga,8,60,0.016731970119682735
ga_arith_seed8,ga,8,61,0.016731970119682735
ga_arith_seed8,ga,8,62,0.016731970119682735
ga_arith_seed8,ga,8,63,0.016731970119682735
ga_arith_seed8,ga,8,64,0.016731970119682735
ga_arith_seed8,ga,8,65,0.016731970119682735
ga_arith_seed8,ga,8,66,0.016731970119682735
ga_arith_seed8,ga,8,67,0.016731970119682735
ga_arith_seed8,ga,8,68,0.016731970119682735
ga_arith_seed8,ga,8,69,0.016731970119682735
ga_arith_seed8,ga,8,70,0.016731970119682735
ga_arith_seed8,ga,8,71,0.016731970119682735
ga_arith_seed8,ga,8,72,0.016731970119682735
ga_arith_seed8,ga,8,73,0.016731970119682735
ga_arith_seed8,ga,8,74,0.016731970119682735
ga_arith_seed8,ga,8,75,0.01673192019087296
ga_arith_seed8,ga,8,76,0.01673192019087296
ga_arith_seed8,ga,8,77,0.01673192019087296
ga_arith_seed8,ga,8,78,0.01673192019087296
ga_arith_seed8,ga,8,79,0.01673192019087296
ga_arith_seed8,ga,8,80,0.01673192019087296
ga_arith_seed8,ga,8,81,0.01673192019087296
ga_arith_seed8,ga,8,82,0.01673192019087296
ga_arith_seed8,ga,8,83,0.01673192019087296
ga_arith_seed8,ga,8,84,0.01673192019087296
ga_arith_seed8,ga,8,85,0.01673192019087296
ga_arith_seed8,ga,8,86,0.01673192019087296
ga_arith_seed8,ga,8,87,0.01673192019087296
ga_arith_seed8,ga,8,88,0.016731910133210133
ga_arith_seed8,ga,8,89,0.016731910133210133
ga_arith_seed8,ga,8,90,0.016731910133210133
ga_arith_seed8,ga,8,91,0.016731910133210133
ga_arith_seed8,ga,8,92,0.016731910133210133
ga_arith_seed8,ga,8,93,0.016731910133210133
ga_arith_seed8,ga,8,94,0.016731910133210133
ga_arith_seed8,ga,8,95,0.016731910129989428
ga_arith_seed8,ga,8,96,0.016731910129989428
ga_arith_seed8,ga,8,97,0.016731910129989428
ga_arith_seed8,ga,8,98,0.016731910129989428
ga_arith_seed8,ga,8,99,0.016731910129989428
ga_arith_seed8,ga,8,100,0.016731910129989428
ga_arith_seed8,ga,8,101,0.016731910129989428
ga_arith_seed8,ga,8,102,0.016731910129989428
ga_arith_seed8,ga,8,103,0.016731910129989428
ga_arith_seed8,ga,8,104,0.016731909931504498
ga_arith_seed8,ga,8,105,0.016731909931504498
ga_arith_seed8,ga,8,106,0.016731909931504498
ga_arith_seed8,ga,8,107,0.016731909931504498
ga_arith_seed8,ga,8,108,0.016731909931504498
ga_arith_seed8,ga,8,109,0.016731909931504498
ga_arith_seed8,ga,8,110,0.016731909931504498
ga_arith_seed8,ga,8,111,0.016731909931504498
ga_arith_seed8,ga,8,112,0.016731909931504498
ga_arith_seed8,ga,8,113,0.016731909931504498
ga_arith_seed8,ga,8,114,0.016731909931504498
ga_arith_seed8,ga,8,115,0.016731909931504498
ga_arith_seed8,ga,8,116,0.016731909931504498
ga_arith_seed8,ga,8,117,0.016731909931504498
ga_arith_seed8,ga,8,118,0.016731909931504498
ga_arith_seed8,ga,8,119,0.016731909931504498
ga_arith_seed8,ga,8,120,0.016731909931504498
ga_arith_seed8,ga,8,121,0.016731909931504498
ga_arith_seed8,ga,8,122,0.016731909931504498
ga_arith_seed8,ga,8,123,0.016731909931504498
ga_arith_seed8,ga,8,124,0.016731909931504498
ga_arith_seed8,ga,8,125,0.016731909931504498
ga_arith_seed8,ga,8,126,0.016731909931504498
ga_arith_seed8,ga,8,127,0.01673190949686811
ga_arith_seed8,ga,8,128,0.01673190949686811
ga_arith_seed8,ga,8,129,0.01673190949686811
ga_arith_seed8,ga,8,130,0.01673190949686811
ga_arith_seed8,ga,8,131,0.016731909351758154
ga_arith_seed8,ga,8,132,0.016731909351758154
ga_arith_seed8,ga,8,133,0.016731909351758154
ga_arith_seed8,ga,8,134,0.016731909351758154
ga_arith_seed8,ga,8,135,0.016731909351758154
ga_arith_seed8,ga,8,136,0.016731909351758154
ga_arith_seed8,ga,8,137,0.016731909351758154
ga_arith_seed8,ga,8,138,0.016731909351758154
ga_arith_seed8,ga,8,139,0.016731909351758154
ga_arith_seed8,ga,8,140,0.016731909351758154
ga_arith_seed8,ga,8,141,0.016731909351758154
ga_arith_seed8,ga,8,142,0.016731909351758154
ga_arith_seed8,ga,8,143,0.016731909351758154
ga_arith_seed8,ga,8,144,0.016731909351758154
ga_arith_seed8,ga,8,145,0.016731909351758154
ga_arith_seed8,ga,8,146,0.016731909351758154
ga_arith_seed8,ga,8,147,0.016731909351758154
ga_arith_seed8,ga,8,148,0.016731909351758154
ga_arith_seed8,ga,8,149,0.016731909351758154
ga_arith_seed8,ga,8,150,0.016731909351758154
ga_arith_seed8,ga,8,151,0.016731909351758154
ga_arith_seed8,ga,8,152,0.016731909351758154
ga_arith_seed8,ga,8,153,0.016731909351758154
ga_arith_seed8,ga,8,154,0.016731909351758154
ga_arith_seed8,ga,8,155,0.016731909351758154
ga_arith_seed8,ga,8,156,0.016731909351758154
ga_arith_seed8,ga,8,157,0.016731909351758154
ga_arith_seed8,ga,8,158,0.016731909351758154
ga_arith_seed8,ga,8,159,0.016731909351758154
ga_arith_seed8,ga,8,160,0.016731909351758154
ga_arith_seed8,ga,8,161,0.016731909351758154
ga_arith_seed8,ga,8,162,0.016731909351758154
ga_arith_seed8,ga,8,163,0.016731909351758154
ga_arith_seed8,ga,8,164,0.016731909351758154
ga_arith_seed8,ga,8,165,0.016731909351758154
ga_arith_seed8,ga,8,166,0.016731909351758154
ga_arith_seed8,ga,8,167,0.016731909351758154
ga_arith_seed8,ga,8,168,0.016731909351758154
ga_arith_seed8,ga,8,169,0.016731909351758154
ga_arith_seed8,ga,8,170,0.016731909351758154
ga_arith_seed8,ga,8,171,0.016731909351758154
ga_arith_seed8,ga,8,172,0.016731909351758154
ga_arith_seed8,ga,8,173,0.016731909351758154
ga_arith_seed8,ga,8,174,0.016731909351758154
ga_arith_seed8,ga,8,175,0.016731909351758154
ga_arith_seed8,ga,8,176,0.016731909351758154
ga_arith_seed8,ga,8,177,0.016731909351758154
ga_arith_seed8,ga,8,178,0.016731909351758154
ga_arith_seed8,ga,8,179,0.016731909351758154
ga_arith_seed8,ga,8,180,0.016731909351758154
ga_arith_seed8,ga,8,181,0.016731909351758154
ga_arith_seed8,ga,8,182,0.016731909351758154
ga_arith_seed8,ga,8,183,0.016731909351758154
ga_arith_seed8,ga,8,184,0.016731909351758154
ga_arith_seed8,ga,8,185,0.016731909351758154
ga_arith_seed8,ga,8,186,0.016731909351758154
ga_arith_seed8,ga,8,187,0.016731909351758154
ga_arith_seed8,ga,8,188,0.016731909351758154
ga_arith_seed8,ga,8,189,0.016731909351758154
ga_arith_seed8,ga,8,190,0.016731909351758154
ga_arith_seed8,ga,8,191,0.016731909351758154
ga_arith_seed8,ga,8,192,0.016731909351758154
ga_arith_seed8,ga,8,193,0.016731909351758154
ga_arith_seed8,ga,8,194,0.016731909351758154
ga_arith_seed8,ga,8,195,0.016731909351758154
ga_arith_seed8,ga,8,196,0.016731909351758154
ga_arith_seed8,ga,8,197,0.016731909351758154
ga_arith_seed8,ga,8,198,0.016731909351758154
ga_arith_seed8,ga,8,199,0.016731909351758154
ga_arith_seed8,ga,8,200,0.016731909351758154
ga_arith_seed9,ga,9,1,0.0168293207270522
ga_arith_seed9,ga,9,2,0.0168293207270522
ga_arith_seed9,ga,9,3,0.0168293207270522
ga_arith_seed9,ga,9,4,0.0168293207270522
ga_arith_seed9,ga,9,5,0.016736537086713903
ga_arith_seed9,ga,9,6,0.016736537086713903
ga_arith_seed9,ga,9,7,0.016736537086713903
ga_arith_seed9,ga,9,8,0.016736537086713903
ga_arith_seed9,ga,9,9,0.016736537086713903
ga_arith_seed9,ga,9,10,0.016736537086713903
ga_arith_seed9,ga,9,11,0.016736537086713903
ga_arith_seed9,ga,9,12,0.016736537086713903
ga_arith_seed9,ga,9,13,0.016736537086713903
ga_arith_seed9,ga,9,14,0.016735053520028003
ga_arith_seed9,ga,9,15,0.016735053520028003
ga_arith_seed9,ga,9,16,0.016735053520028003
ga_arith_seed9,ga,9,17,0.016735053520028003
ga_arith_seed9,ga,9,18,0.016735053520028003
ga_arith_seed9,ga,9,19,0.016735053520028003
ga_arith_seed9,ga,9,20,0.016735053520028003
ga_arith_seed9,ga,9,21,0.016735053520028003
ga_arith_seed9,ga,9,22,0.016735053520028003
ga_arith_seed9,ga,9,23,0.016735053520028003
ga_arith_seed9,ga,9,24,0.016735053520028003
ga_arith_seed9,ga,9,25,0.016735053520028003
ga_arith_seed9,ga,9,26,0.016735053520028003
ga_arith_seed9,ga,9,27,0.016735053520028003
ga_arith_seed9,ga,9,28,0.016735053520028003
ga_arith_seed9,ga,9,29,0.016735053520028003
ga_arith_seed9,ga,9,30,0.016735053520028003
ga_arith_seed9,ga,9,31,0.016735053520028003
ga_arith_seed9,ga,9,32,0.016735053520028003
ga_arith_seed9,ga,9,33,0.016735053520028003
ga_arith_seed9,ga,9,34,0.016735053520028003
ga_arith_seed9,ga,9,35,0.016735053520028003
ga_arith_seed9,ga,9,36,0.016735053520028003
ga_arith_seed9,ga,9,37,0.016735053520028003
ga_arith_seed9,ga,9,38,0.016735053520028003
ga_arith_seed9,ga,9,39,0.016735053520028003
ga_arith_seed9,ga,9,40,0.016732579328571393
ga_arith_seed9,ga,9,41,0.016732579328571393
ga_arith_seed9,ga,9,42,0.016732579328571393
ga_arith_seed9,ga,9,43,0.016732579328571393
ga_arith_seed9,ga,9,44,0.016732579328571393
ga_arith_seed9,ga,9,45,0.016732579328571393
ga_arith_seed9,ga,9,46,0.016732579328571393
ga_arith_seed9,ga,9,47,0.016732579328571393
ga_arith_seed9,ga,9,48,0.016732579328571393
ga_arith_seed9,ga,9,49,0.016732579328571393
ga_arith_seed9,ga,9,50,0.016732579328571393
ga_arith_seed9,ga,9,51,0.016732579328571393
ga_arith_seed9,ga,9,52,0.016732579328571393
ga_arith_seed9,ga,9,53,0.016732579328571393
ga_arith_seed9,ga,9,54,0.016732579328571393
ga_arith_seed9,ga,9,55,0.01673213924339226
ga_arith_seed9,ga,9,56,0.01673213924339226
ga_arith_seed9,ga,9,57,0.01673213924339226
ga_arith_seed9,ga,9,58,0.01673213924339226
ga_arith_seed9,ga,9,59,0.01673213924339226
ga_arith_seed9,ga,9,60,0.01673213924339226
ga_arith_seed9,ga,9,61,0.01673213924339226
ga_arith_seed9,ga,9,62,0.01673213924339226
ga_arith_seed9,ga,9,63,0.01673213924339226
ga_arith_seed9,ga,9,64,0.01673213924339226
ga_arith_seed9,ga,9,65,0.01673213924339226
ga_arith_seed9,ga,9,66,0.016732109361405224
ga_arith_seed9,ga,9,67,0.016732109361405224
ga_arith_seed9,ga,9,68,0.016732109361405224
ga_arith_seed9,ga,9,69,0.016732109361405224
ga_arith_seed9,ga,9,70,0.016732109361405224
ga_arith_seed9,ga,9,71,0.016732077244987882
ga_arith_seed9,ga,9,72,0.016732077244987882
ga_arith_seed9,ga,9,73,0.016732077244987882
ga_arith_seed9,ga,9,74,0.016732077244987882
ga_arith_seed9,ga,9,75,0.016732077244987882
ga_arith_seed9,ga,9,76,0.016732077244987882
ga_arith_seed9,ga,9,77,0.016732077244987882
ga_arith_seed9,ga,9,78,0.016732077244987882
ga_arith_seed9,ga,9,79,0.016732077244987882
ga_arith_seed9,ga,9,80,0.016732077244987882
ga_arith_seed9,ga,9,81,0.016732077244987882
ga_arith_seed9,ga,9,82,0.016732077244987882
ga_arith_seed9,ga,9,83,0.016732077244987882
ga_arith_seed9,ga,9,84,0.016732077244987882
ga_arith_seed9,ga,9,85,0.016731915479119074
ga_arith_seed9,ga,9,86,0.016731915479119074
ga_arith_seed9,ga,9,87,0.016731915479119074
ga_arith_seed9,ga,9,88,0.016731915479119074
ga_arith_seed9,ga,9,89,0.016731915479119074
ga_arith_seed9,ga,9,90,0.016731915479119074
ga_arith_seed9,ga,9,91,0.016731915479119074
ga_arith_seed9,ga,9,92,0.016731915479119074
ga_arith_seed9,ga,9,93,0.016731915479119074
ga_arith_seed9,ga,9,94,0.016731915479119074
ga_arith_seed9,ga,9,95,0.016731915479119074
ga_arith_seed9,ga,9,96,0.016731915479119074
ga_arith_seed9,ga,9,97,0.016731915479119074
ga_arith_seed9,ga,9,98,0.016731915479119074
ga_arith_seed9,ga,9,99,0.016731915479119074
ga_arith_seed9,ga,9,100,0.0167319136687767
ga_arith_seed9,ga,9,101,0.0167319136687767
ga_arith_seed9,ga,9,102,0.0167319136687767
ga_arith_seed9,ga,9,103,0.0167319136687767
ga_arith_seed9,ga,9,104,0.0167319136687767
ga_arith_seed9,ga,9,105,0.0167319136687767
ga_arith_seed9,ga,9,106,0.0167319136687767
ga_arith_seed9,ga,9,107,0.0167319136687767
ga_arith_seed9,ga,9,108,0.0167319136687767
ga_arith_seed9,ga,9,109,0.0167319136687767
ga_arith_seed9,ga,9,110,0.0167319136687767
ga_arith_seed9,ga,9,111,0.0167319136687767
ga_arith_seed9,ga,9,112,0.0167319136687767
ga_arith_seed9,ga,9,113,0.0167319136687767
ga_arith_seed9,ga,9,114,0.0167319136687767
ga_arith_seed9,ga,9,115,0.0167319136687767
ga_arith_seed9,ga,9,116,0.0167319136687767
ga_arith_seed9,ga,9,117,0.0167319136687767
ga_arith_seed9,ga,9,118,0.0167319136687767
ga_arith_seed9,ga,9,119,0.0167319136687767
ga_arith_seed9,ga,9,120,0.0167319136687767
ga_arith_seed9,ga,9,121,0.0167319136687767
ga_arith_seed9,ga,9,122,0.0167319136687767
ga_arith_seed9,ga,9,123,0.0167319136687767
ga_arith_seed9,ga,9,124,0.0167319136687767
ga_arith_seed9,ga,9,125,0.0167319136687767
ga_arith_seed9,ga,9,126,0.0167319136687767
ga_arith_seed9,ga,9,127,0.0167319136687767
ga_arith_seed9,ga,9,128,0.0167319136687767
ga_arith_seed9,ga,9,129,0.0167319136687767
ga_arith_seed9,ga,9,130,0.0167319136687767
ga_arith_seed9,ga,9,131,0.0167319136687767
ga_arith_seed9,ga,9,132,0.0167319136687767
ga_arith_seed9,ga,9,133,0.0167319136687767
ga_arith_seed9,ga,9,134,0.0167319136687767
ga_arith_seed9,ga,9,135,0.0167319136687767
ga_arith_seed9,ga,9,136,0.0167319136687767
ga_arith_seed9,ga,9,137,0.0167319136687767
ga_arith_seed9,ga,9,138,0.0167319136687767
ga_arith_seed9,ga,9,139,0.0167319136687767
ga_arith_seed9,ga,9,140,0.0167319136687767
ga_arith_seed9,ga,9,141,0.0167319136687767
ga_arith_seed9,ga,9,142,0.0167319136687767
ga_arith_seed9,ga,9,143,0.0167319136687767
ga_arith_seed9,ga,9,144,0.0167319136687767
ga_arith_seed9,ga,9,145,0.0167319136687767
ga_arith_seed9,ga,9,146,0.0167319136687767
ga_arith_seed9,ga,9,147,0.0167319136687767
ga_arith_seed9,ga,9,148,0.0167319136687767
ga_arith_seed9,ga,9,149,0.0167319136687767
ga_arith_seed9,ga,9,150,0.0167319136687767
ga_arith_seed9,ga,9,151,0.0167319136687767
ga_arith_seed9,ga,9,152,0.0167319136687767
ga_arith_seed9,ga,9,153,0.0167319136687767
ga_arith_seed9,ga,9,154,0.0167319136687767
ga_arith_seed9,ga,9,155,0.0167319136687767
ga_arith_seed9,ga,9,156,0.0167319136687767
ga_arith_seed9,ga,9,157,0.0167319136687767
ga_arith_seed9,ga,9,158,0.0167319136687767
ga_arith_seed9,ga,9,159,0.0167319136687767
ga_arith_seed9,ga,9,160,0.0167319136687767
ga_arith_seed9,ga,9,161,0.0167319136687767
ga_arith_seed9,ga,9,162,0.0167319136687767
ga_arith_seed9,ga,9,163,0.0167319136687767
ga_arith_seed9,ga,9,164,0.0167319136687767
ga_arith_seed9,ga,9,165,0.0167319136687767
ga_arith_seed9,ga,9,166,0.0167319136687767
ga_arith_seed9,ga,9,167,0.0167319136687767
ga_arith_seed9,ga,9,168,0.0167319136687767
ga_arith_seed9,ga,9,169,0.0167319136687767
ga_arith_seed9,ga,9,170,0.016731911183022266
ga_arith_seed9,ga,9,171,0.016731911183022266
ga_arith_seed9,ga,9,172,0.016731911183022266
ga_arith_seed9,ga,9,173,0.016731911183022266
ga_arith_seed9,ga,9,174,0.016731911183022266
ga_arith_seed9,ga,9,175,0.016731911183022266
ga_arith_seed9,ga,9,176,0.016731911183022266
ga_arith_seed9,ga,9,177,0.016731911183022266
ga_arith_seed9,ga,9,178,0.016731911183022266
ga_arith_seed9,ga,9,179,0.016731911183022266
ga_arith_seed9,ga,9,180,0.016731911183022266
ga_arith_seed9,ga,9,181,0.016731911183022266
ga_arith_seed9,ga,9,182,0.016731911183022266
ga_arith_seed9,ga,9,183,0.016731911183022266
ga_arith_seed9,ga,9,184,0.016731911183022266
ga_arith_seed9,ga,9,185,0.016731911183022266
ga_arith_seed9,ga,9,186,0.016731911183022266
ga_arith_seed9,ga,9,187,0.016731911183022266
ga_arith_seed9,ga,9,188,0.016731911183022266
ga_arith_seed9,ga,9,189,0.016731911183022266
ga_arith_seed9,ga,9,190,0.016731911183022266
ga_arith_seed9,ga,9,191,0.016731911183022266
ga_arith_seed9,ga,9,192,0.016731911183022266
ga_arith_seed9,ga,9,193,0.016731911183022266
ga_arith_seed9,ga,9,194,0.016731911183022266
ga_arith_seed9,ga,9,195,0.016731911183022266
ga_arith_seed9,ga,9,196,0.016731911183022266
ga_arith_seed9,ga,9,197,0.016731911183022266
ga_arith_seed9,ga,9,198,0.016731911183022266
ga_arith_seed9,ga,9,199,0.016731911183022266
ga_arith_seed9,ga,9,200,0.016731911183022266
ga_blx_arith_seed10,ga,10,1,1826.55322729941
ga_blx_arith_seed10,ga,10,2,1826.55322729941
ga_blx_arith_seed10,ga,10,3,0.016779848951112203
ga_blx_arith_seed10,ga,10,4,0.016779848951112203
ga_blx_arith_seed10,ga,10,5,0.016779848951112203
ga_blx_arith_seed10,ga,10,6,0.016779848951112203
ga_blx_arith_seed10,ga,10,7,0.016779848951112203
ga_blx_arith_seed10,ga,10,8,0.016779848951112203
ga_blx_arith_seed10,ga,10,9,0.016779848951112203
ga_blx_arith_seed10,ga,10,10,0.016779848951112203
ga_blx_arith_seed10,ga,10,11,0.016779848951112203
ga_blx_arith_seed10,ga,10,12,0.016779848951112203
ga_blx_arith_seed10,ga,10,13,0.016779848951112203
ga_blx_arith_seed10,ga,10,14,0.016779848951112203
ga_blx_arith_seed10,ga,10,15,0.016779848951112203
ga_blx_arith_seed10,ga,10,16,0.016779848951112203
ga_blx_arith_seed10,ga,10,17,0.016779848951112203
ga_blx_arith_seed10,ga,10,18,0.016779848951112203
ga_blx_arith_seed10,ga,10,19,0.016779848951112203
ga_blx_arith_seed10,ga,10,20,0.016779848951112203
ga_blx_arith_seed10,ga,10,21,0.016779848951112203
ga_blx_arith_seed10,ga,10,22,0.016779848951112203
ga_blx_arith_seed10,ga,10,23,0.016779848951112203
ga_blx_arith_seed10,ga,10,24,0.016779848951112203
ga_blx_arith_seed10,ga,10,25,0.016779848951112203
ga_blx_arith_seed10,ga,10,26,0.016779848951112203
ga_blx_arith_seed10,ga,10,27,0.016779848951112203
ga_blx_arith_seed10,ga,10,28,0.016779848951112203
ga_blx_arith_seed10,ga,10,29,0.016779848951112203
ga_blx_arith_seed10,ga,10,30,0.016779848951112203
ga_blx_arith_seed10,ga,10,31,0.016779848951112203
ga_blx_arith_seed10,ga,10,32,0.016779848951112203
ga_blx_arith_seed10,ga,10,33,0.016779848951112203
ga_blx_arith_seed10,ga,10,34,0.016779848951112203
ga_blx_arith_seed10,ga,10,35,0.016779848951112203
ga_blx_arith_seed10,ga,10,36,0.016779848951112203
ga_blx_arith_seed10,ga,10,37,0.016779848951112203
ga_blx_arith_seed10,ga,10,38,0.016779848951112203
ga_blx_arith_seed10,ga,10,39,0.016779848951112203
ga_blx_arith_seed10,ga,10,40,0.016779848951112203
ga_blx_arith_seed10,ga,10,41,0.016779848951112203
ga_blx_arith_seed10,ga,10,42,0.016779848951112203
ga_blx_arith_seed10,ga,10,43,0.016760273209432276
ga_blx_arith_seed10,ga,10,44,0.016732239231569874
ga_blx_arith_seed10,ga,10,45,0.016732239231569874
ga_blx_arith_seed10,ga,10,46,0.016732239231569874
ga_blx_arith_seed10,ga,10,47,0.016732239231569874
ga_blx_arith_seed10,ga,10,48,0.016732239231569874
ga_blx_arith_seed10,ga,10,49,0.016732239231569874
ga_blx_arith_seed10,ga,10,50,0.016732239231569874
ga_blx_arith_seed10,ga,10,51,0.016732239231569874
ga_blx_arith_seed10,ga,10,52,0.016732239231569874
ga_blx_arith_seed10,ga,10,53,0.016732239231569874
ga_blx_arith_seed10,ga,10,54,0.016732239231569874
ga_blx_arith_seed10,ga,10,55,0.016732239231569874
ga_blx_arith_seed10,ga,10,56,0.016732239231569874
ga_blx_arith_seed10,ga,10,57,0.01673202798401738
ga_blx_arith_seed10,ga,10,58,0.01673202798401738
ga_blx_arith_seed10,ga,10,59,0.01673202798401738
ga_blx_arith_seed10,ga,10,60,0.01673202798401738
ga_blx_arith_seed10,ga,10,61,0.01673202798401738
ga_blx_arith_seed10,ga,10,62,0.01673202798401738
ga_blx_arith_seed10,ga,10,63,0.01673202798401738
ga_blx_arith_seed10,ga,10,64,0.01673202798401738
ga_blx_arith_seed10,ga,10,65,0.01673202798401738
ga_blx_arith_seed10,ga,10,66,0.01673202798401738
ga_blx_arith_seed10,ga,10,67,0.01673202798401738
ga_blx_arith_seed10,ga,10,68,0.01673202798401738
ga_blx_arith_seed10,ga,10,69,0.01673202798401738
ga_blx_arith_seed10,ga,10,70,0.01673202798401738
ga_blx_arith_seed10,ga,10,71,0.01673202798401738
ga_blx_arith_seed10,ga,10,72,0.01673202798401738
ga_blx_arith_seed10,ga,10,73,0.01673202798401738
ga_blx_arith_seed10,ga,10,74,0.01673202798401738
ga_blx_arith_seed10,ga,10,75,0.01673202798401738
ga_blx_arith_seed10,ga,10,76,0.01673202798401738
ga_blx_arith_seed10,ga,10,77,0.01673202798401738
ga_blx_arith_seed10,ga,10,78,0.01673202798401738
ga_blx_arith_seed10,ga,10,79,0.01673202798401738
ga_blx_arith_seed10,ga,10,80,0.01673202798401738
ga_blx_arith_seed10,ga,10,81,0.01673202798401738
ga_blx_arith_seed10,ga,10,82,0.01673202798401738
ga_blx_arith_seed10,ga,10,83,0.01673202798401738
ga_blx_arith_seed10,ga,10,84,0.01673191031615397
ga_blx_arith_seed10,ga,10,85,0.01673191031615397
ga_blx_arith_seed10,ga,10,86,0.01673191031615397
ga_blx_arith_seed10,ga,10,87,0.01673191031615397
ga_blx_arith_seed10,ga,10,88,0.01673191031615397
ga_blx_arith_seed10,ga,10,89,0.01673191031615397
ga_blx_arith_seed10,ga,10,90,0.01673191031615397
ga_blx_arith_seed10,ga,10,91,0.01673191031615397
ga_blx_arith_seed10,ga,10,92,0.01673191031615397
ga_blx_arith_seed10,ga,10,93,0.01673191031615397
ga_blx_arith_seed10,ga,10,94,0.01673191031615397
ga_blx_arith_seed10,ga,10,95,0.01673191031615397
ga_blx_arith_seed10,ga,10,96,0.01673191031615397
ga_blx_arith_seed10,ga,10,97,0.01673191031615397
ga_blx_arith_seed10,ga,10,98,0.01673191031615397
ga_blx_arith_seed10,ga,10,99,0.01673191031615397
ga_blx_arith_seed10,ga,10,100,0.01673191031615397
ga_blx_arith_seed10,ga,10,101,0.01673191031615397
ga_blx_arith_seed10,ga,10,102,0.01673191031615397
ga_blx_arith_seed10,ga,10,103,0.01673191031615397
ga_blx_arith_seed10,ga,10,104,0.01673191031615397
ga_blx_arith_seed10,ga,10,105,0.01673191031615397
ga_blx_arith_seed10,ga,10,106,0.01673191031615397
ga_blx_arith_seed10,ga,10,107,0.01673191031615397
ga_blx_arith_seed10,ga,10,108,0.01673191031615397
ga_blx_arith_seed10,ga,10,109,0.01673191031615397
ga_blx_arith_seed10,ga,10,110,0.01673191031615397
ga_blx_arith_seed10,ga,10,111,0.01673191027923122
ga_blx_arith_seed10,ga,10,112,0.01673191027923122
ga_blx_arith_seed10,ga,10,113,0.01673191027923122
ga_blx_arith_seed10,ga,10,114,0.01673191027923122
ga_blx_arith_seed10,ga,10,115,0.01673191027923122
ga_blx_arith_seed10,ga,10,116,0.01673191027923122
ga_blx_arith_seed10,ga,10,117,0.01673191027923122
ga_blx_arith_seed10,ga,10,118,0.01673191027923122
ga_blx_arith_seed10,ga,10,119,0.01673191027923122
ga_blx_arith_seed10,ga,10,120,0.01673191027923122
ga_blx_arith_seed10,ga,10,121,0.01673191027923122
ga_blx_arith_seed10,ga,10,122,0.01673191027923122
ga_blx_arith_seed10,ga,10,123,0.01673191027923122
ga_blx_arith_seed10,ga,10,124,0.01673191027923122
ga_blx_arith_seed10,ga,10,125,0.01673191027923122
ga_blx_arith_seed10,ga,10,126,0.01673191027923122
ga_blx_arith_seed10,ga,10,127,0.01673191027923122
ga_blx_arith_seed10,ga,10,128,0.01673191027923122
ga_blx_arith_seed10,ga,10,129,0.016731909520833567
ga_blx_arith_seed10,ga,10,130,0.016731909520833567
ga_blx_arith_seed10,ga,10,131,0.016731909520833567
ga_blx_arith_seed10,ga,10,132,0.016731909520833567
ga_blx_arith_seed10,ga,10,133,0.016731909520833567
ga_blx_arith_seed10,ga,10,134,0.016731909520833567
ga_blx_arith_seed10,ga,10,135,0.016731909520833567
ga_blx_arith_seed10,ga,10,136,0.016731909520833567
ga_blx_arith_seed10,ga,10,137,0.016731909520833567
ga_blx_arith_seed10,ga,10,138,0.016731909520833567
ga_blx_arith_seed10,ga,10,139,0.016731909520833567
ga_blx_arith_seed10,ga,10,140,0.016731909520833567
ga_blx_arith_seed10,ga,10,141,0.016731909520833567
ga_blx_arith_seed10,ga,10,142,0.016731909520833567
ga_blx_arith_seed10,ga,10,143,0.016731909520833567
ga_blx_arith_seed10,ga,10,144,0.016731909520833567
ga_blx_arith_seed10,ga,10,145,0.016731909520833567
ga_blx_arith_seed10,ga,10,146,0.016731909520833567
ga_blx_arith_seed10,ga,10,147,0.016731909520833567
ga_blx_arith_seed10,ga,10,148,0.016731909520833567
ga_blx_arith_seed10,ga,10,149,0.016731909520833567
ga_blx_arith_seed10,ga,10,150,0.016731909520833567
ga_blx_arith_seed10,ga,10,151,0.016731909520833567
ga_blx_arith_seed10,ga,10,152,0.016731909520833567
ga_blx_arith_seed10,ga,10,153,0.016731909520833567
ga_blx_arith_seed10,ga,10,154,0.016731909520833567
ga_blx_arith_seed10,ga,10,155,0.016731909520833567
ga_blx_arith_seed10,ga,10,156,0.016731909520833567
ga_blx_arith_seed10,ga,10,157,0.016731909520833567
ga_blx_arith_seed10,ga,10,158,0.016731909520833567
ga_blx_arith_seed10,ga,10,159,0.016731909520833567
ga_blx_arith_seed10,ga,10,160,0.016731909520833567
ga_blx_arith_seed10,ga,10,161,0.016731909520833567
ga_blx_arith_seed10,ga,10,162,0.016731909520833567
ga_blx_arith_seed10,ga,10,163,0.016731909520833567
ga_blx_arith_seed10,ga,10,164,0.016731909520833567
ga_blx_arith_seed10,ga,10,165,0.016731909520833567
ga_blx_arith_seed10,ga,10,166,0.016731909520833567
ga_blx_arith_seed10,ga,10,167,0.016731909520833567
ga_blx_arith_seed10,ga,10,168,0.016731909520833567
ga_blx_arith_seed10,ga,10,169,0.016731909520833567
ga_blx_arith_seed10,ga,10,170,0.016731909520833567
ga_blx_arith_seed10,ga,10,171,0.016731909520833567
ga_blx_arith_seed10,ga,10,172,0.016731909520833567
ga_blx_arith_seed10,ga,10,173,0.016731909520833567
ga_blx_arith_seed10,ga,10,174,0.016731909520833567
ga_blx_arith_seed10,ga,10,175,0.016731909520833567
ga_blx_arith_seed10,ga,10,176,0.016731909520833567
ga_blx_arith_seed10,ga,10,177,0.016731909520833567
ga_blx_arith_seed10,ga,10,178,0.016731909520833567
ga_blx_arith_seed10,ga,10,179,0.016731909520833567
ga_blx_arith_seed10,ga,10,180,0.016731909520833567
ga_blx_arith_seed10,ga,10,181,0.016731909520833567
ga_blx_arith_seed10,ga,10,182,0.016731909520833567
ga_blx_arith_seed10,ga,10,183,0.016731909520833567
ga_blx_arith_seed10,ga,10,184,0.016731909520833567
ga_blx_arith_seed10,ga,10,185,0.016731909520833567
ga_blx_arith_seed10,ga,10,186,0.016731909520833567
ga_blx_arith_seed10,ga,10,187,0.016731909520833567
ga_blx_arith_seed10,ga,10,188,0.016731909520833567
ga_blx_arith_seed10,ga,10,189,0.016731909449332436
ga_blx_arith_seed10,ga,10,190,0.016731909449332436
ga_blx_arith_seed10,ga,10,191,0.016731909449332436
ga_blx_arith_seed10,ga,10,192,0.016731909449332436
ga_blx_arith_seed10,ga,10,193,0.016731909449332436
ga_blx_arith_seed10,ga,10,194,0.016731909449332436
ga_blx_arith_seed10,ga,10,195,0.016731909449332436
ga_blx_arith_seed10,ga,10,196,0.016731909449332436
ga_blx_arith_seed10,ga,10,197,0.016731909449332436
ga_blx_arith_seed10,ga,10,198,0.016731909449332436
ga_blx_arith_seed10,ga,10,199,0.016731909449332436
ga_blx_arith_seed10,ga,10,200,0.016731909449332436
ga_blx_seed1,ga,1,1,9354.373315548184
ga_blx_seed1,ga,1,2,0.03165146581718769
ga_blx_seed1,ga,1,3,0.03165146581718769
ga_blx_seed1,ga,1,4,0.03165146581718769
ga_blx_seed1,ga,1,5,0.03165146581718769
ga_blx_seed1,ga,1,6,0.03165146581718769
ga_blx_seed1,ga,1,7,0.03165146581718769
ga_blx_seed1,ga,1,8,0.03165146581718769
ga_blx_seed1,ga,1,9,0.03165146581718769
ga_blx_seed1,ga,1,10,0.03165146581718769
ga_blx_seed1,ga,1,11,0.03165146581718769
ga_blx_seed1,ga,1,12,0.03165146581718769
ga_blx_seed1,ga,1,13,0.03165146581718769
ga_blx_seed1,ga,1,14,0.03165146581718769
ga_blx_seed1,ga,1,15,0.03165146581718769
ga_blx_seed1,ga,1,16,0.03165146581718769
ga_blx_seed1,ga,1,17,0.018663987291015125
ga_blx_seed1,ga,1,18,0.018663987291015125
ga_blx_seed1,ga,1,19,0.018663987291015125
ga_blx_seed1,ga,1,20,0.016827097118572085
ga_blx_seed1,ga,1,21,0.016827097118572085
ga_blx_seed1,ga,1,22,0.016827097118572085
ga_blx_seed1,ga,1,23,0.016827097118572085
ga_blx_seed1,ga,1,24,0.0167409400828386
ga_blx_seed1,ga,1,25,0.0167409400828386
ga_blx_seed1,ga,1,26,0.0167409400828386
ga_blx_seed1,ga,1,27,0.0167409400828386
ga_blx_seed1,ga,1,28,0.0167409400828386
ga_blx_seed1,ga,1,29,0.0167409400828386
ga_blx_seed1,ga,1,30,0.0167409400828386
ga_blx_seed1,ga,1,31,0.0167409400828386
ga_blx_seed1,ga,1,32,0.0167409400828386
ga_blx_seed1,ga,1,33,0.0167409400828386
ga_blx_seed1,ga,1,34,0.0167409400828386
ga_blx_seed1,ga,1,35,0.0167409400828386
ga_blx_seed1,ga,1,36,0.0167409400828386
ga_blx_seed1,ga,1,37,0.0167409400828386
ga_blx_seed1,ga,1,38,0.0167409400828386
ga_blx_seed1,ga,1,39,0.016735387973835343
ga_blx_seed1,ga,1,40,0.016735387973835343
ga_blx_seed1,ga,1,41,0.016735387973835343
ga_blx_seed1,ga,1,42,0.016735387973835343
ga_blx_seed1,ga,1,43,0.016735387973835343
ga_blx_seed1,ga,1,44,0.016735387973835343
ga_blx_seed1,ga,1,45,0.016735387973835343
ga_blx_seed1,ga,1,46,0.01673245071832172
ga_blx_seed1,ga,1,47,0.01673245071832172
ga_blx_seed1,ga,1,48,0.01673245071832172
ga_blx_seed1,ga,1,49,0.01673245071832172
ga_blx_seed1,ga,1,50,0.01673245071832172
ga_blx_seed1,ga,1,51,0.01673245071832172
ga_blx_seed1,ga,1,52,0.01673245071832172
ga_blx_seed1,ga,1,53,0.01673245071832172
ga_blx_seed1,ga,1,54,0.01673245071832172
ga_blx_seed1,ga,1,55,0.01673245071832172
ga_blx_seed1,ga,1,56,0.01673245071832172
ga_blx_seed1,ga,1,57,0.01673245071832172
ga_blx_seed1,ga,1,58,0.01673245071832172
ga_blx_seed1,ga,1,59,0.01673245071832172
ga_blx_seed1,ga,1,60,0.01673245071832172
ga_blx_seed1,ga,1,61,0.01673245071832172
ga_blx_seed1,ga,1,62,0.01673245071832172
ga_blx_seed1,ga,1,63,0.01673245071832172
ga_blx_seed1,ga,1,64,0.01673245071832172
ga_blx_seed1,ga,1,65,0.0167320806423415
ga_blx_seed1,ga,1,66,0.0167320806423415
ga_blx_seed1,ga,1,67,0.0167320806423415
ga_blx_seed1,ga,1,68,0.0167320806423415
ga_blx_seed1,ga,1,69,0.0167320806423415
ga_blx_seed1,ga,1,70,0.0167320806423415
ga_blx_seed1,ga,1,71,0.0167320806423415
ga_blx_seed1,ga,1,72,0.0167320806423415
ga_blx_seed1,ga,1,73,0.0167320806423415
ga_blx_seed1,ga,1,74,0.0167320806423415
ga_blx_seed1,ga,1,75,0.0167320806423415
ga_blx_seed1,ga,1,76,0.0167320806423415
ga_blx_seed1,ga,1,77,0.016731909530845492
ga_blx_seed1,ga,1,78,0.016731909530845492
ga_blx_seed1,ga,1,79,0.016731909530845492
ga_blx_seed1,ga,1,80,0.016731909530845492
ga_blx_seed1,ga,1,81,0.016731909530845492
ga_blx_seed1,ga,1,82,0.016731909530845492
ga_blx_seed1,ga,1,83,0.016731909530845492
ga_blx_seed1,ga,1,84,0.016731909530845492
ga_blx_seed1,ga,1,85,0.016731909530845492
ga_blx_seed1,ga,1,86,0.016731909530845492
ga_blx_seed1,ga,1,87,0.016731909530845492
ga_blx_seed1,ga,1,88,0.016731909530845492
ga_blx_seed1,ga,1,89,0.016731909530845492
ga_blx_seed1,ga,1,90,0.016731909530845492
ga_blx_seed1,ga,1,91,0.016731909530845492
ga_blx_seed1,ga,1,92,0.016731909530845492
ga_blx_seed1,ga,1,93,0.016731909530845492
ga_blx_seed1,ga,1,94,0.016731909530845492
ga_blx_seed1,ga,1,95,0.016731909530845492
ga_blx_seed1,ga,1,96,0.016731909530845492
ga_blx_seed1,ga,1,97,0.016731909530845492
ga_blx_seed1,ga,1,98,0.016731909530845492
ga_blx_seed1,ga,1,99,0.016731909530845492
ga_blx_seed1,ga,1,100,0.016731909530845492
ga_blx_seed1,ga,1,101,0.016731909530845492
ga_blx_seed1,ga,1,102,0.016731909530845492
ga_blx_seed1,ga,1,103,0.016731909530845492
ga_blx_seed1,ga,1,104,0.016731909530845492
ga_blx_seed1,ga,1,105,0.016731909530845492
ga_blx_seed1,ga,1,106,0.016731909530845492
ga_blx_seed1,ga,1,107,0.016731909530845492
ga_blx_seed1,ga,1,108,0.016731909530845492
ga_blx_seed1,ga,1,109,0.016731909530845492
ga_blx_seed1,ga,1,110,0.016731909530845492
ga_blx_seed1,ga,1,111,0.016731909530845492
ga_blx_seed1,ga,1,112,0.016731909530845492
ga_blx_seed1,ga,1,113,0.016731909530845492
ga_blx_seed1,ga,1,114,0.016731909530845492
ga_blx_seed1,ga,1,115,0.016731909530845492
ga_blx_seed1,ga,1,116,0.016731909530845492
ga_blx_seed1,ga,1,117,0.016731909530845492
ga_blx_seed1,ga,1,118,0.016731909530845492
ga_blx_seed1,ga,1,119,0.016731909530845492
ga_blx_seed1,ga,1,120,0.016731909530845492
ga_blx_seed1,ga,1,121,0.016731909530845492
ga_blx_seed1,ga,1,122,0.016731909530845492
ga_blx_seed1,ga,1,123,0.016731909530845492
ga_blx_seed1,ga,1,124,0.016731909530845492
ga_blx_seed1,ga,1,125,0.016731909530845492
ga_blx_seed1,ga,1,126,0.016731909530845492
ga_blx_seed1,ga,1,127,0.016731909530845492
ga_blx_seed1,ga,1,128,0.016731909530845492
ga_blx_seed1,ga,1,129,0.016731909530845492
ga_blx_seed1,ga,1,130,0.016731909530845492
ga_blx_seed1,ga,1,131,0.016731909530845492
ga_blx_seed1,ga,1,132,0.016731909530845492
ga_blx_seed1,ga,1,133,0.016731909530845492
ga_blx_seed1,ga,1,134,0.016731909530845492
ga_blx_seed1,ga,1,135,0.016731909530845492
ga_blx_seed1,ga,1,136,0.016731909530845492
ga_blx_seed1,ga,1,137,0.016731909530845492
ga_blx_seed1,ga,1,138,0.016731909530845492
ga_blx_seed1,ga,1,139,0.016731909530845492
ga_blx_seed1,ga,1,140,0.016731909530845492
ga_blx_seed1,ga,1,141,0.016731909530845492
ga_blx_seed1,ga,1,142,0.016731909530845492
ga_blx_seed1,ga,1,143,0.016731909530845492
ga_blx_seed1,ga,1,144,0.016731909530845492
ga_blx_seed1,ga,1,145,0.016731909530845492
ga_blx_seed1,ga,1,146,0.016731909530845492
ga_blx_seed1,ga,1,147,0.016731909530845492
ga_blx_seed1,ga,1,148,0.016731909530845492
ga_blx_seed1,ga,1,149,0.016731909530845492
ga_blx_seed1,ga,1,150,0.016731909530845492
ga_blx_seed1,ga,1,151,0.016731909530845492
ga_blx_seed1,ga,1,152,0.016731909530845492
ga_blx_seed1,ga,1,153,0.016731909530845492
ga_blx_seed1,ga,1,154,0.016731909530845492
ga_blx_seed1,ga,1,155,0.016731909530845492
ga_blx_seed1,ga,1,156,0.016731909530845492
ga_blx_seed1,ga,1,157,0.016731909530845492
ga_blx_seed1,ga,1,158,0.016731909530845492
ga_blx_seed1,ga,1,159,0.016731909530845492
ga_blx_seed1,ga,1,160,0.016731909530845492
ga_blx_seed1,ga,1,161,0.016731909530845492
ga_blx_seed1,ga,1,162,0.016731909530845492
ga_blx_seed1,ga,1,163,0.016731909530845492
ga_blx_seed1,ga,1,164,0.016731909530845492
ga_blx_seed1,ga,1,165,0.016731909530845492
ga_blx_seed1,ga,1,166,0.016731909530845492
ga_blx_seed1,ga,1,167,0.016731909530845492
ga_blx_seed1,ga,1,168,0.016731909530845492
ga_blx_seed1,ga,1,169,0.016731909530845492
ga_blx_seed1,ga,1,170,0.016731909530845492
ga_blx_seed1,ga,1,171,0.016731909530845492
ga_blx_seed1,ga,1,172,0.016731909530845492
ga_blx_seed1,ga,1,173,0.016731909530845492
ga_blx_seed1,ga,1,174,0.016731909530845492
ga_blx_seed1,ga,1,175,0.016731909530845492
ga_blx_seed1,ga,1,176,0.016731909530845492
ga_blx_seed1,ga,1,177,0.016731909530845492
ga_blx_seed1,ga,1,178,0.016731909530845492
ga_blx_seed1,ga,1,179,0.016731909530845492
ga_blx_seed1,ga,1,180,0.016731909530845492
ga_blx_seed1,ga,1,181,0.016731909530845492
ga_blx_seed1,ga,1,182,0.016731909530845492
ga_blx_seed1,ga,1,183,0.016731909530845492
ga_blx_seed1,ga,1,184,0.016731909530845492
ga_blx_seed1,ga,1,185,0.016731909530845492
ga_blx_seed1,ga,1,186,0.016731909530845492
ga_blx_seed1,ga,1,187,0.016731909530845492
ga_blx_seed1,ga,1,188,0.016731909530845492
ga_blx_seed1,ga,1,189,0.016731909530845492
ga_blx_seed1,ga,1,190,0.016731909530845492
ga_blx_seed1,ga,1,191,0.016731909530845492
ga_blx_seed1,ga,1,192,0.016731909530845492
ga_blx_seed1,ga,1,193,0.016731909530845492
ga_blx_seed1,ga,1,194,0.016731909530845492
ga_blx_seed1,ga,1,195,0.016731909530845492
ga_blx_seed1,ga,1,196,0.016731909530845492
ga_blx_seed1,ga,1,197,0.016731909530845492
ga_blx_seed1,ga,1,198,0.016731909530845492
ga_blx_seed1,ga,1,199,0.016731909530845492
ga_blx_seed1,ga,1,200,0.016731909530845492
ga_blx_seed2,ga,2,1,9499.291436730055
ga_blx_seed2,ga,2,2,5208.29388603086
ga_blx_seed2,ga,2,3,5208.29388603086
ga_blx_seed2,ga,2,4,0.018201216657368926
ga_blx_seed2,ga,2,5,0.018201216657368926
ga_blx_seed2,ga,2,6,0.018201216657368926
ga_blx_seed2,ga,2,7,0.018201216657368926
ga_blx_seed2,ga,2,8,0.018201216657368926
ga_blx_seed2,ga,2,9,0.018201216657368926
ga_blx_seed2,ga,2,10,0.018201216657368926
ga_blx_seed2,ga,2,11,0.016735945379076803
ga_blx_seed2,ga,2,12,0.016735945379076803
ga_blx_seed2,ga,2,13,0.016732160337680022
ga_blx_seed2,ga,2,14,0.016732160337680022
ga_blx_seed2,ga,2,15,0.016732160337680022
ga_blx_seed2,ga,2,16,0.016732160337680022
ga_blx_seed2,ga,2,17,0.016732160337680022
ga_blx_seed2,ga,2,18,0.016732160337680022
ga_blx_seed2,ga,2,19,0.016732160337680022
ga_blx_seed2,ga,2,20,0.016732160337680022
ga_blx_seed2,ga,2,21,0.016732160337680022
ga_blx_seed2,ga,2,22,0.016732160337680022
ga_blx_seed2,ga,2,23,0.0167319170922552
ga_blx_seed2,ga,2,24,0.0167319170922552
ga_blx_seed2,ga,2,25,0.0167319170922552
ga_blx_seed2,ga,2,26,0.0167319170922552
ga_blx_seed2,ga,2,27,0.0167319170922552
ga_blx_seed2,ga,2,28,0.0167319170922552
ga_blx_seed2,ga,2,29,0.0167319170922552
ga_blx_seed2,ga,2,30,0.0167319170922552
ga_blx_seed2,ga,2,31,0.0167319170922552
ga_blx_seed2,ga,2,32,0.0167319170922552
ga_blx_seed2,ga,2,33,0.0167319170922552
ga_blx_seed2,ga,2,34,0.0167319170922552
ga_blx_seed2,ga,2,35,0.0167319170922552
ga_blx_seed2,ga,2,36,0.0167319170922552
ga_blx_seed2,ga,2,37,0.0167319170922552
ga_blx_seed2,ga,2,38,0.0167319170922552
ga_blx_seed2,ga,2,39,0.0167319170922552
ga_blx_seed2,ga,2,40,0.0167319170922552
ga_blx_seed2,ga,2,41,0.0167319170922552
ga_blx_seed2,ga,2,42,0.0167319170922552
ga_blx_seed2,ga,2,43,0.0167319170922552
ga_blx_seed2,ga,2,44,0.0167319170922552
ga_blx_seed2,ga,2,45,0.0167319170922552
ga_blx_seed2,ga,2,46,0.0167319170922552
ga_blx_seed2,ga,2,47,0.0167319170922552
ga_blx_seed2,ga,2,48,0.0167319170922552
ga_blx_seed2,ga,2,49,0.0167319170922552
ga_blx_seed2,ga,2,50,0.0167319170922552
ga_blx_seed2,ga,2,51,0.0167319170922552
ga_blx_seed2,ga,2,52,0.0167319170922552
ga_blx_seed2,ga,2,53,0.0167319170922552
ga_blx_seed2,ga,2,54,0.0167319170922552
ga_blx_seed2,ga,2,55,0.0167319170922552
ga_blx_seed2,ga,2,56,0.0167319170922552
ga_blx_seed2,ga,2,57,0.0167319170922552
ga_blx_seed2,ga,2,58,0.0167319170922552
ga_blx_seed2,ga,2,59,0.0167319170922552
ga_blx_seed2,ga,2,60,0.0167319170922552
ga_blx_seed2,ga,2,61,0.0167319170922552
ga_blx_seed2,ga,2,62,0.0167319170922552
ga_blx_seed2,ga,2,63,0.0167319170922552
ga_blx_seed2,ga,2,64,0.0167319170922552
ga_blx_seed2,ga,2,65,0.0167319170922552
ga_blx_seed2,ga,2,66,0.0167319170922552
ga_blx_seed2,ga,2,67,0.0167319170922552
ga_blx_seed2,ga,2,68,0.0167319170922552
ga_blx_seed2,ga,2,69,0.0167319170922552
ga_blx_seed2,ga,2,70,0.0167319170922552
ga_blx_seed2,ga,2,71,0.0167319170922552
ga_blx_seed2,ga,2,72,0.016731912427890995
ga_blx_seed2,ga,2,73,0.016731912427890995
ga_blx_seed2,ga,2,74,0.016731912427890995
ga_blx_seed2,ga,2,75,0.016731912427890995
ga_blx_seed2,ga,2,76,0.016731912427890995
ga_blx_seed2,ga,2,77,0.016731912427890995
ga_blx_seed2,ga,2,78,0.016731912427890995
ga_blx_seed2,ga,2,79,0.016731912427890995
ga_blx_seed2,ga,2,80,0.016731912427890995
ga_blx_seed2,ga,2,81,0.016731912427890995
ga_blx_seed2,ga,2,82,0.016731912427890995
ga_blx_seed2,ga,2,83,0.016731912427890995
ga_blx_seed2,ga,2,84,0.016731912427890995
ga_blx_seed2,ga,2,85,0.016731912427890995
ga_blx_seed2,ga,2,86,0.016731912427890995
ga_blx_seed2,ga,2,87,0.016731912427890995
ga_blx_seed2,ga,2,88,0.016731912427890995
ga_blx_seed2,ga,2,89,0.016731912427890995
ga_blx_seed2,ga,2,90,0.016731912427890995
ga_blx_seed2,ga,2,91,0.016731912427890995
ga_blx_seed2,ga,2,92,0.016731912427890995
ga_blx_seed2,ga,2,93,0.016731912427890995
ga_blx_seed2,ga,2,94,0.016731912427890995
ga_blx_seed2,ga,2,95,0.016731912427890995
ga_blx_seed2,ga,2,96,0.016731912427890995
ga_blx_seed2,ga,2,97,0.016731912427890995
ga_blx_seed2,ga,2,98,0.016731912427890995
ga_blx_seed2,ga,2,99,0.016731912427890995
ga_blx_seed2,ga,2,100,0.016731912427890995
ga_blx_seed2,ga,2,101,0.016731912427890995
ga_blx_seed2,ga,2,102,0.016731912427890995
ga_blx_seed2,ga,2,103,0.016731912427890995
ga_blx_seed2,ga,2,104,0.016731912427890995
ga_blx_seed2,ga,2,105,0.016731912427890995
ga_blx_seed2,ga,2,106,0.016731912427890995
ga_blx_seed2,ga,2,107,0.016731912427890995
ga_blx_seed2,ga,2,108,0.016731912427890995
ga_blx_seed2,ga,2,109,0.016731912427890995
ga_blx_seed2,ga,2,110,0.016731912427890995
ga_blx_seed2,ga,2,111,0.016731912427890995
ga_blx_seed2,ga,2,112,0.016731912427890995
ga_blx_seed2,ga,2,113,0.016731912427890995
ga_blx_seed2,ga,2,114,0.016731912427890995
ga_blx_seed2,ga,2,115,0.016731912427890995
ga_blx_seed2,ga,2,116,0.016731912427890995
ga_blx_seed2,ga,2,117,0.01673191066547785
ga_blx_seed2,ga,2,118,0.01673191066547785
ga_blx_seed2,ga,2,119,0.01673191066547785
ga_blx_seed2,ga,2,120,0.01673191066547785
ga_blx_seed2,ga,2,121,0.01673191066547785
ga_blx_seed2,ga,2,122,0.01673191066547785
ga_blx_seed2,ga,2,123,0.01673191066547785
ga_blx_seed2,ga,2,124,0.01673191066547785
ga_blx_seed2,ga,2,125,0.01673191066547785
ga_blx_seed2,ga,2,126,0.01673191066547785
ga_blx_seed2,ga,2,127,0.01673191066547785
ga_blx_seed2,ga,2,128,0.01673191066547785
ga_blx_seed2,ga,2,129,0.01673191066547785
ga_blx_seed2,ga,2,130,0.01673191066547785
ga_blx_seed2,ga,2,131,0.01673191066547785
ga_blx_seed2,ga,2,132,0.01673191066547785
ga_blx_seed2,ga,2,133,0.01673191066547785
ga_blx_seed2,ga,2,134,0.01673191066547785
ga_blx_seed2,ga,2,135,0.01673191066547785
ga_blx_seed2,ga,2,136,0.016731910255553165
ga_blx_seed2,ga,2,137,0.016731910255553165
ga_blx_seed2,ga,2,138,0.016731910255553165
ga_blx_seed2,ga,2,139,0.016731910255553165
ga_blx_seed2,ga,2,140,0.016731910255553165
ga_blx_seed2,ga,2,141,0.016731910255553165
ga_blx_seed2,ga,2,142,0.016731910255553165
ga_blx_seed2,ga,2,143,0.016731910255553165
ga_blx_seed2,ga,2,144,0.016731910255553165
ga_blx_seed2,ga,2,145,0.016731910255553165
ga_blx_seed2,ga,2,146,0.016731910255553165
ga_blx_seed2,ga,2,147,0.016731910255553165
ga_blx_seed2,ga,2,148,0.016731910255553165
ga_blx_seed2,ga,2,149,0.016731910255553165
ga_blx_seed2,ga,2,150,0.016731910255553165
ga_blx_seed2,ga,2,151,0.016731910255553165
ga_blx_seed2,ga,2,152,0.016731910255553165
ga_blx_seed2,ga,2,153,0.016731910255553165
ga_blx_seed2,ga,2,154,0.016731910255553165
ga_blx_seed2,ga,2,155,0.016731910255553165
ga_blx_seed2,ga,2,156,0.016731910255553165
ga_blx_seed2,ga,2,157,0.016731910048228844
ga_blx_seed2,ga,2,158,0.016731910048228844
ga_blx_seed2,ga,2,159,0.016731910048228844
ga_blx_seed2,ga,2,160,0.016731910048228844
ga_blx_seed2,ga,2,161,0.016731910048228844
ga_blx_seed2,ga,2,162,0.016731910048228844
ga_blx_seed2,ga,2,163,0.016731910048228844
ga_blx_seed2,ga,2,164,0.016731909868296306
ga_blx_seed2,ga,2,165,0.016731909868296306
ga_blx_seed2,ga,2,166,0.016731909868296306
ga_blx_seed2,ga,2,167,0.016731909868296306
ga_blx_seed2,ga,2,168,0.016731909868296306
ga_blx_seed2,ga,2,169,0.016731909868296306
ga_blx_seed2,ga,2,170,0.016731909868296306
ga_blx_seed2,ga,2,171,0.016731909868296306
ga_blx_seed2,ga,2,172,0.016731909868296306
ga_blx_seed2,ga,2,173,0.016731909868296306
ga_blx_seed2,ga,2,174,0.016731909868296306
ga_blx_seed2,ga,2,175,0.016731909868296306
ga_blx_seed2,ga,2,176,0.016731909868296306
ga_blx_seed2,ga,2,177,0.016731909868296306
ga_blx_seed2,ga,2,178,0.016731909868296306
ga_blx_seed2,ga,2,179,0.016731909868296306
ga_blx_seed2,ga,2,180,0.016731909868296306
ga_blx_seed2,ga,2,181,0.016731909868296306
ga_blx_seed2,ga,2,182,0.016731909801231463
ga_blx_seed2,ga,2,183,0.016731909801231463
ga_blx_seed2,ga,2,184,0.016731909801231463
ga_blx_seed2,ga,2,185,0.016731909801231463
ga_blx_seed2,ga,2,186,0.016731909801231463
ga_blx_seed2,ga,2,187,0.016731909801231463
ga_blx_seed2,ga,2,188,0.016731909801231463
ga_blx_seed2,ga,2,189,0.016731909801231463
ga_blx_seed2,ga,2,190,0.016731909801231463
ga_blx_seed2,ga,2,191,0.016731909801231463
ga_blx_seed2,ga,2,192,0.016731909801231463
ga_blx_seed2,ga,2,193,0.016731909801231463
ga_blx_seed2,ga,2,194,0.016731909801231463
ga_blx_seed2,ga,2,195,0.016731909801231463
ga_blx_seed2,ga,2,196,0.016731909801231463
ga_blx_seed2,ga,2,197,0.016731909776691423
ga_blx_seed2,ga,2,198,0.016731909776691423
ga_blx_seed2,ga,2,199,0.016731909776691423
ga_blx_seed2,ga,2,200,0.016731909776691423
ga_blx_seed3,ga,3,1,0.040459381009507404
ga_blx_seed3,ga,3,2,0.017020352531143784
ga_blx_seed3,ga,3,3,0.017020352531143784
ga_blx_seed3,ga,3,4,0.017020352531143784
ga_blx_seed3,ga,3,5,0.017020352531143784
ga_blx_seed3,ga,3,6,0.017020352531143784
ga_blx_seed3,ga,3,7,0.017020352531143784
ga_blx_seed3,ga,3,8,0.017020352531143784
ga_blx_seed3,ga,3,9,0.016751002544838176
ga_blx_seed3,ga,3,10,0.016751002544838176
ga_blx_seed3,ga,3,11,0.016751002544838176
ga_blx_seed3,ga,3,12,0.016751002544838176
ga_blx_seed3,ga,3,13,0.016751002544838176
ga_blx_seed3,ga,3,14,0.016751002544838176
ga_blx_seed3,ga,3,15,0.016751002544838176
ga_blx_seed3,ga,3,16,0.016751002544838176
ga_blx_seed3,ga,3,17,0.016751002544838176
ga_blx_seed3,ga,3,18,0.016751002544838176
ga_blx_seed3,ga,3,19,0.016751002544838176
ga_blx_seed3,ga,3,20,0.016751002544838176
ga_blx_seed3,ga,3,21,0.016751002544838176
ga_blx_seed3,ga,3,22,0.016751002544838176
ga_blx_seed3,ga,3,23,0.016751002544838176
ga_blx_seed3,ga,3,24,0.016751002544838176
ga_blx_seed3,ga,3,25,0.016751002544838176
ga_blx_seed3,ga,3,26,0.016751002544838176
ga_blx_seed3,ga,3,27,0.016751002544838176
ga_blx_seed3,ga,3,28,0.016751002544838176
ga_blx_seed3,ga,3,29,0.016751002544838176
ga_blx_seed3,ga,3,30,0.016751002544838176
ga_blx_seed3,ga,3,31,0.016751002544838176
ga_blx_seed3,ga,3,32,0.016751002544838176
ga_blx_seed3,ga,3,33,0.016751002544838176
ga_blx_seed3,ga,3,34,0.016751002544838176
ga_blx_seed3,ga,3,35,0.016751002544838176
ga_blx_seed3,ga,3,36,0.016751002544838176
ga_blx_seed3,ga,3,37,0.016751002544838176
ga_blx_seed3,ga,3,38,0.016751002544838176
ga_blx_seed3,ga,3,39,0.016751002544838176
ga_blx_seed3,ga,3,40,0.01673846965740445
ga_blx_seed3,ga,3,41,0.01673846965740445
ga_blx_seed3,ga,3,42,0.01673846965740445
ga_blx_seed3,ga,3,43,0.01673846965740445
ga_blx_seed3,ga,3,44,0.01673846965740445
ga_blx_seed3,ga,3,45,0.01673846965740445
ga_blx_seed3,ga,3,46,0.01673846965740445
ga_blx_seed3,ga,3,47,0.01673846965740445
ga_blx_seed3,ga,3,48,0.01673846965740445
ga_blx_seed3,ga,3,49,0.01673846965740445
ga_blx_seed3,ga,3,50,0.01673846965740445
ga_blx_seed3,ga,3,51,0.01673846965740445
ga_blx_seed3,ga,3,52,0.01673846965740445
ga_blx_seed3,ga,3,53,0.01673846965740445
ga_blx_seed3,ga,3,54,0.01673846965740445
ga_blx_seed3,ga,3,55,0.01673846965740445
ga_blx_seed3,ga,3,56,0.01673846965740445
ga_blx_seed3,ga,3,57,0.01673846965740445
ga_blx_seed3,ga,3,58,0.016735367920792162
ga_blx_seed3,ga,3,59,0.016735367920792162
ga_blx_seed3,ga,3,60,0.016735367920792162
ga_blx_seed3,ga,3,61,0.016735367920792162
ga_blx_seed3,ga,3,62,0.016735367920792162
ga_blx_seed3,ga,3,63,0.016732059099781572
ga_blx_seed3,ga,3,64,0.016732059099781572
ga_blx_seed3,ga,3,65,0.016732059099781572
ga_blx_seed3,ga,3,66,0.016732059099781572
ga_blx_seed3,ga,3,67,0.016732059099781572
ga_blx_seed3,ga,3,68,0.016732059099781572
ga_blx_seed3,ga,3,69,0.016732059099781572
ga_blx_seed3,ga,3,70,0.016732059099781572
ga_blx_seed3,ga,3,71,0.016732059099781572
ga_blx_seed3,ga,3,72,0.016732059099781572
ga_blx_seed3,ga,3,73,0.016732059099781572
ga_blx_seed3,ga,3,74,0.016732059099781572
ga_blx_seed3,ga,3,75,0.016732059099781572
ga_blx_seed3,ga,3,76,0.016732059099781572
ga_blx_seed3,ga,3,77,0.016732059099781572
ga_blx_seed3,ga,3,78,0.016732059099781572
ga_blx_seed3,ga,3,79,0.016732059099781572
ga_blx_seed3,ga,3,80,0.016732059099781572
ga_blx_seed3,ga,3,81,0.016732059099781572
ga_blx_seed3,ga,3,82,0.016732059099781572
ga_blx_seed3,ga,3,83,0.016732059099781572
ga_blx_seed3,ga,3,84,0.016732059099781572
ga_blx_seed3,ga,3,85,0.016732059099781572
ga_blx_seed3,ga,3,86,0.016732059099781572
ga_blx_seed3,ga,3,87,0.016731919284794786
ga_blx_seed3,ga,3,88,0.016731919284794786
ga_blx_seed3,ga,3,89,0.016731919284794786
ga_blx_seed3,ga,3,90,0.016731919284794786
ga_blx_seed3,ga,3,91,0.016731919284794786
ga_blx_seed3,ga,3,92,0.016731919284794786
ga_blx_seed3,ga,3,93,0.016731919284794786
ga_blx_seed3,ga,3,94,0.016731919284794786
ga_blx_seed3,ga,3,95,0.016731919284794786
ga_blx_seed3,ga,3,96,0.016731919284794786
ga_blx_seed3,ga,3,97,0.016731919284794786
ga_blx_seed3,ga,3,98,0.016731919284794786
ga_blx_seed3,ga,3,99,0.016731919284794786
ga_blx_seed3,ga,3,100,0.016731911032586682
ga_blx_seed3,ga,3,101,0.016731911032586682
ga_blx_seed3,ga,3,102,0.016731911032586682
ga_blx_seed3,ga,3,103,0.016731911032586682
ga_blx_seed3,ga,3,104,0.016731911032586682
ga_blx_seed3,ga,3,105,0.016731911032586682
ga_blx_seed3,ga,3,106,0.016731911032586682
ga_blx_seed3,ga,3,107,0.016731911032586682
ga_blx_seed3,ga,3,108,0.016731911032586682
ga_blx_seed3,ga,3,109,0.016731911032586682
ga_blx_seed3,ga,3,110,0.016731911032586682
ga_blx_seed3,ga,3,111,0.016731911032586682
ga_blx_seed3,ga,3,112,0.016731911032586682
ga_blx_seed3,ga,3,113,0.016731911032586682
ga_blx_seed3,ga,3,114,0.016731911032586682
ga_blx_seed3,ga,3,115,0.016731911032586682
ga_blx_seed3,ga,3,116,0.016731911032586682
ga_blx_seed3,ga,3,117,0.016731911032586682
ga_blx_seed3,ga,3,118,0.016731911032586682
ga_blx_seed3,ga,3,119,0.016731911032586682
ga_blx_seed3,ga,3,120,0.016731911032586682
ga_blx_seed3,ga,3,121,0.016731911032586682
ga_blx_seed3,ga,3,122,0.016731911032586682
ga_blx_seed3,ga,3,123,0.016731911032586682
ga_blx_seed3,ga,3,124,0.016731911032586682
ga_blx_seed3,ga,3,125,0.016731911032586682
ga_blx_seed3,ga,3,126,0.016731911032586682
ga_blx_seed3,ga,3,127,0.016731911032586682
ga_blx_seed3,ga,3,128,0.016731911032586682
ga_blx_seed3,ga,3,129,0.016731911032586682
ga_blx_seed3,ga,3,130,0.016731911032586682
ga_blx_seed3,ga,3,131,0.016731911032586682
ga_blx_seed3,ga,3,132,0.016731911032586682
ga_blx_seed3,ga,3,133,0.016731911032586682
ga_blx_seed3,ga,3,134,0.016731911032586682
ga_blx_seed3,ga,3,135,0.016731911032586682
ga_blx_seed3,ga,3,136,0.016731911032586682
ga_blx_seed3,ga,3,137,0.016731911032586682
ga_blx_seed3,ga,3,138,0.016731911032586682
ga_blx_seed3,ga,3,139,0.016731911032586682
ga_blx_seed3,ga,3,140,0.016731911032586682
ga_blx_seed3,ga,3,141,0.016731911032586682
ga_blx_seed3,ga,3,142,0.016731911032586682
ga_blx_seed3,ga,3,143,0.016731911032586682
ga_blx_seed3,ga,3,144,0.016731911032586682
ga_blx_seed3,ga,3,145,0.016731911032586682
ga_blx_seed3,ga,3,146,0.016731911032586682
ga_blx_seed3,ga,3,147,0.016731911032586682
ga_blx_seed3,ga,3,148,0.016731911032586682
ga_blx_seed3,ga,3,149,0.016731911032586682
ga_blx_seed3,ga,3,150,0.016731910907546346
ga_blx_seed3,ga,3,151,0.016731910907546346
ga_blx_seed3,ga,3,152,0.016731910907546346
ga_blx_seed3,ga,3,153,0.016731910907546346
ga_blx_seed3,ga,3,154,0.016731910907546346
ga_blx_seed3,ga,3,155,0.016731910907546346
ga_blx_seed3,ga,3,156,0.016731910907546346
ga_blx_seed3,ga,3,157,0.016731910907546346
ga_blx_seed3,ga,3,158,0.016731910907546346
ga_blx_seed3,ga,3,159,0.016731910907546346
ga_blx_seed3,ga,3,160,0.016731910907546346
ga_blx_seed3,ga,3,161,0.016731910907546346
ga_blx_seed3,ga,3,162,0.016731910907546346
ga_blx_seed3,ga,3,163,0.016731910907546346
ga_blx_seed3,ga,3,164,0.016731910907546346
ga_blx_seed3,ga,3,165,0.016731910907546346
ga_blx_seed3,ga,3,166,0.016731910907546346
ga_blx_seed3,ga,3,167,0.016731910907546346
ga_blx_seed3,ga,3,168,0.016731910907546346
ga_blx_seed3,ga,3,169,0.016731910907546346
ga_blx_seed3,ga,3,170,0.016731910907546346
ga_blx_seed3,ga,3,171,0.016731909937222227
ga_blx_seed3,ga,3,172,0.016731909937222227
ga_blx_seed3,ga,3,173,0.016731909937222227
ga_blx_seed3,ga,3,174,0.016731909937222227
ga_blx_seed3,ga,3,175,0.016731909937222227
ga_blx_seed3,ga,3,176,0.016731909937222227
ga_blx_seed3,ga,3,177,0.016731909937222227
ga_blx_seed3,ga,3,178,0.016731909937222227
ga_blx_seed3,ga,3,179,0.016731909937222227
ga_blx_seed3,ga,3,180,0.016731909937222227
ga_blx_seed3,ga,3,181,0.016731909937222227
ga_blx_seed3,ga,3,182,0.016731909937222227
ga_blx_seed3,ga,3,183,0.016731909937222227
ga_blx_seed3,ga,3,184,0.016731909937222227
ga_blx_seed3,ga,3,185,0.016731909937222227
ga_blx_seed3,ga,3,186,0.016731909937222227
ga_blx_seed3,ga,3,187,0.016731909937222227
ga_blx_seed3,ga,3,188,0.016731909937222227
ga_blx_seed3,ga,3,189,0.016731909937222227
ga_blx_seed3,ga,3,190,0.016731909937222227
ga_blx_seed3,ga,3,191,0.016731909937222227
ga_blx_seed3,ga,3,192,0.016731909937222227
ga_blx_seed3,ga,3,193,0.016731909937222227
ga_blx_seed3,ga,3,194,0.016731909937222227
ga_blx_seed3,ga,3,195,0.016731909937222227
ga_blx_seed3,ga,3,196,0.016731909937222227
ga_blx_seed3,ga,3,197,0.016731909937222227
ga_blx_seed3,ga,3,198,0.016731909937222227
ga_blx_seed3,ga,3,199,0.016731909937222227
ga_blx_seed3,ga,3,200,0.016731909937222227
ga_blx_seed4,ga,4,1,918.5944745135877
ga_blx_seed4,ga,4,2,0.5067446750254012
ga_blx_seed4,ga,4,3,0.5067446750254012
ga_blx_seed4,ga,4,4,0.016735797263428914
ga_blx_seed4,ga,4,5,0.016735797263428914
ga_blx_seed4,ga,4,6,0.016735797263428914
ga_blx_seed4,ga,4,7,0.016735797263428914
ga_blx_seed4,ga,4,8,0.016735797263428914
ga_blx_seed4,ga,4,9,0.016735797263428914
ga_blx_seed4,ga,4,10,0.016735797263428914
ga_blx_seed4,ga,4,11,0.016735797263428914
ga_blx_seed4,ga,4,12,0.016735797263428914
ga_blx_seed4,ga,4,13,0.016735797263428914
ga_blx_seed4,ga,4,14,0.016735797263428914
ga_blx_seed4,ga,4,15,0.016735797263428914
ga_blx_seed4,ga,4,16,0.016735797263428914
ga_blx_seed4,ga,4,17,0.016735797263428914
ga_blx_seed4,ga,4,18,0.016735797263428914
ga_blx_seed4,ga,4,19,0.016735797263428914
ga_blx_seed4,ga,4,20,0.016735797263428914
ga_blx_seed4,ga,4,21,0.016735797263428914
ga_blx_seed4,ga,4,22,0.016735797263428914
ga_blx_seed4,ga,4,23,0.016735797263428914
ga_blx_seed4,ga,4,24,0.016735797263428914
ga_blx_seed4,ga,4,25,0.016735797263428914
ga_blx_seed4,ga,4,26,0.016735797263428914
ga_blx_seed4,ga,4,27,0.016735797263428914
ga_blx_seed4,ga,4,28,0.016735797263428914
ga_blx_seed4,ga,4,29,0.016735797263428914
ga_blx_seed4,ga,4,30,0.016735797263428914
ga_blx_seed4,ga,4,31,0.016735797263428914
ga_blx_seed4,ga,4,32,0.016735797263428914
ga_blx_seed4,ga,4,33,0.016735797263428914
ga_blx_seed4,ga,4,34,0.016735797263428914
ga_blx_seed4,ga,4,35,0.01673255190800625
ga_blx_seed4,ga,4,36,0.01673255190800625
ga_blx_seed4,ga,4,37,0.01673255190800625
ga_blx_seed4,ga,4,38,0.01673255190800625
ga_blx_seed4,ga,4,39,0.01673255190800625
ga_blx_seed4,ga,4,40,0.01673255190800625
ga_blx_seed4,ga,4,41,0.01673255190800625
ga_blx_seed4,ga,4,42,0.01673255190800625
ga_blx_seed4,ga,4,43,0.01673255190800625
ga_blx_seed4,ga,4,44,0.01673255190800625
ga_blx_seed4,ga,4,45,0.01673255190800625
ga_blx_seed4,ga,4,46,0.01673255190800625
ga_blx_seed4,ga,4,47,0.01673255190800625
ga_blx_seed4,ga,4,48,0.01673255190800625
ga_blx_seed4,ga,4,49,0.01673255190800625
ga_blx_seed4,ga,4,50,0.01673255190800625
ga_blx_seed4,ga,4,51,0.01673199535167244
ga_blx_seed4,ga,4,52,0.01673199535167244
ga_blx_seed4,ga,4,53,0.01673199535167244
ga_blx_seed4,ga,4,54,0.01673199535167244
ga_blx_seed4,ga,4,55,0.01673199535167244
ga_blx_seed4,ga,4,56,0.01673199535167244
ga_blx_seed4,ga,4,57,0.01673199535167244
ga_blx_seed4,ga,4,58,0.01673199535167244
ga_blx_seed4,ga,4,59,0.01673199535167244
ga_blx_seed4,ga,4,60,0.01673199535167244
ga_blx_seed4,ga,4,61,0.01673199535167244
ga_blx_seed4,ga,4,62,0.01673199535167244
ga_blx_seed4,ga,4,63,0.01673199535167244
ga_blx_seed4,ga,4,64,0.01673199535167244
ga_blx_seed4,ga,4,65,0.01673199535167244
ga_blx_seed4,ga,4,66,0.01673199535167244
ga_blx_seed4,ga,4,67,0.01673199535167244
ga_blx_seed4,ga,4,68,0.01673199535167244
ga_blx_seed4,ga,4,69,0.01673199535167244
ga_blx_seed4,ga,4,70,0.01673199535167244
ga_blx_seed4,ga,4,71,0.01673199535167244
ga_blx_seed4,ga,4,72,0.01673199535167244
ga_blx_seed4,ga,4,73,0.01673199535167244
ga_blx_seed4,ga,4,74,0.01673199535167244
ga_blx_seed4,ga,4,75,0.01673199535167244
ga_blx_seed4,ga,4,76,0.01673199535167244
ga_blx_seed4,ga,4,77,0.01673199535167244
ga_blx_seed4,ga,4,78,0.01673199535167244
ga_blx_seed4,ga,4,79,0.01673199535167244
ga_blx_seed4,ga,4,80,0.01673199535167244
ga_blx_seed4,ga,4,81,0.01673199535167244
ga_blx_seed4,ga,4,82,0.01673199535167244
ga_blx_seed4,ga,4,83,0.01673199535167244
ga_blx_seed4,ga,4,84,0.01673199535167244
ga_blx_seed4,ga,4,85,0.01673199535167244
ga_blx_seed4,ga,4,86,0.01673199535167244
ga_blx_seed4,ga,4,87,0.01673199535167244
ga_blx_seed4,ga,4,88,0.01673199535167244
ga_blx_seed4,ga,4,89,0.01673199535167244
ga_blx_seed4,ga,4,90,0.01673199535167244
ga_blx_seed4,ga,4,91,0.01673199535167244
ga_blx_seed4,ga,4,92,0.01673199535167244
ga_blx_seed4,ga,4,93,0.01673199535167244
ga_blx_seed4,ga,4,94,0.01673199535167244
ga_blx_seed4,ga,4,95,0.01673199535167244
ga_blx_seed4,ga,4,96,0.01673199535167244
ga_blx_seed4,ga,4,97,0.01673199535167244
ga_blx_seed4,ga,4,98,0.01673198097470655
ga_blx_seed4,ga,4,99,0.01673198097470655
ga_blx_seed4,ga,4,100,0.01673198097470655
ga_blx_seed4,ga,4,101,0.01673198097470655
ga_blx_seed4,ga,4,102,0.01673198097470655
ga_blx_seed4,ga,4,103,0.01673198097470655
ga_blx_seed4,ga,4,104,0.01673198097470655
ga_blx_seed4,ga,4,105,0.01673198097470655
ga_blx_seed4,ga,4,106,0.01673198097470655
ga_blx_seed4,ga,4,107,0.01673198097470655
ga_blx_seed4,ga,4,108,0.01673198097470655
ga_blx_seed4,ga,4,109,0.01673198097470655
ga_blx_seed4,ga,4,110,0.01673198097470655
ga_blx_seed4,ga,4,111,0.01673198097470655
ga_blx_seed4,ga,4,112,0.01673198097470655
ga_blx_seed4,ga,4,113,0.01673198097470655
ga_blx_seed4,ga,4,114,0.01673198097470655
ga_blx_seed4,ga,4,115,0.01673198097470655
ga_blx_seed4,ga,4,116,0.01673198097470655
ga_blx_seed4,ga,4,117,0.01673198097470655
ga_blx_seed4,ga,4,118,0.01673198097470655
ga_blx_seed4,ga,4,119,0.01673198097470655
ga_blx_seed4,ga,4,120,0.01673198097470655
ga_blx_seed4,ga,4,121,0.01673198097470655
ga_blx_seed4,ga,4,122,0.01673198097470655
ga_blx_seed4,ga,4,123,0.01673198097470655
ga_blx_seed4,ga,4,124,0.01673198097470655
ga_blx_seed4,ga,4,125,0.01673198097470655
ga_blx_seed4,ga,4,126,0.01673198097470655
ga_blx_seed4,ga,4,127,0.01673198097470655
ga_blx_seed4,ga,4,128,0.016731931072302655
ga_blx_seed4,ga,4,129,0.016731931072302655
ga_blx_seed4,ga,4,130,0.016731931072302655
ga_blx_seed4,ga,4,131,0.016731931072302655
ga_blx_seed4,ga,4,132,0.016731931072302655
ga_blx_seed4,ga,4,133,0.016731931072302655
ga_blx_seed4,ga,4,134,0.016731931072302655
ga_blx_seed4,ga,4,135,0.016731931072302655
ga_blx_seed4,ga,4,136,0.016731931072302655
ga_blx_seed4,ga,4,137,0.016731927436146262
ga_blx_seed4,ga,4,138,0.016731927436146262
ga_blx_seed4,ga,4,139,0.016731927436146262
ga_blx_seed4,ga,4,140,0.016731927436146262
ga_blx_seed4,ga,4,141,0.016731927436146262
ga_blx_seed4,ga,4,142,0.016731927436146262
ga_blx_seed4,ga,4,143,0.016731927436146262
ga_blx_seed4,ga,4,144,0.016731927436146262
ga_blx_seed4,ga,4,145,0.016731927436146262
ga_blx_seed4,ga,4,146,0.016731927436146262
ga_blx_seed4,ga,4,147,0.016731927436146262
ga_blx_seed4,ga,4,148,0.016731927436146262
ga_blx_seed4,ga,4,149,0.016731927436146262
ga_blx_seed4,ga,4,150,0.016731927436146262
ga_blx_seed4,ga,4,151,0.01673191117565441
ga_blx_seed4,ga,4,152,0.01673191117565441
ga_blx_seed4,ga,4,153,0.01673191117565441
ga_blx_seed4,ga,4,154,0.01673191117565441
ga_blx_seed4,ga,4,155,0.01673191117565441
ga_blx_seed4,ga,4,156,0.01673191117565441
ga_blx_seed4,ga,4,157,0.01673191117565441
ga_blx_seed4,ga,4,158,0.01673191117565441
ga_blx_seed4,ga,4,159,0.01673191117565441
ga_blx_seed4,ga,4,160,0.01673191117565441
ga_blx_seed4,ga,4,161,0.01673191117565441
ga_blx_seed4,ga,4,162,0.01673191117565441
ga_blx_seed4,ga,4,163,0.01673191117565441
ga_blx_seed4,ga,4,164,0.01673191117565441
ga_blx_seed4,ga,4,165,0.01673191117565441
ga_blx_seed4,ga,4,166,0.01673191117565441
ga_blx_seed4,ga,4,167,0.01673191117565441
ga_blx_seed4,ga,4,168,0.01673191117565441
ga_blx_seed4,ga,4,169,0.01673191117565441
ga_blx_seed4,ga,4,170,0.01673191117565441
ga_blx_seed4,ga,4,171,0.01673191117565441
ga_blx_seed4,ga,4,172,0.01673191117565441
ga_blx_seed4,ga,4,173,0.01673190938833335
ga_blx_seed4,ga,4,174,0.01673190938833335
ga_blx_seed4,ga,4,175,0.01673190938833335
ga_blx_seed4,ga,4,176,0.01673190938833335
ga_blx_seed4,ga,4,177,0.01673190938833335
ga_blx_seed4,ga,4,178,0.01673190938833335
ga_blx_seed4,ga,4,179,0.01673190938833335
ga_blx_seed4,ga,4,180,0.01673190938833335
ga_blx_seed4,ga,4,181,0.01673190938833335
ga_blx_seed4,ga,4,182,0.01673190938833335
ga_blx_seed4,ga,4,183,0.01673190938833335
ga_blx_seed4,ga,4,184,0.01673190938833335
ga_blx_seed4,ga,4,185,0.01673190938833335
ga_blx_seed4,ga,4,186,0.01673190938833335
ga_blx_seed4,ga,4,187,0.01673190938833335
ga_blx_seed4,ga,4,188,0.01673190938833335
ga_blx_seed4,ga,4,189,0.01673190938833335
ga_blx_seed4,ga,4,190,0.01673190938833335
ga_blx_seed4,ga,4,191,0.01673190938833335
ga_blx_seed4,ga,4,192,0.01673190938833335
ga_blx_seed4,ga,4,193,0.01673190938833335
ga_blx_seed4,ga,4,194,0.01673190938833335
ga_blx_seed4,ga,4,195,0.01673190938833335
ga_blx_seed4,ga,4,196,0.01673190938833335
ga_blx_seed4,ga,4,197,0.01673190938833335
ga_blx_seed4,ga,4,198,0.01673190938833335
ga_blx_seed4,ga,4,199,0.01673190938833335
ga_blx_seed4,ga,4,200,0.01673190938833335
ga_blx_seed5,ga,5,1,0.02963315529117966
ga_blx_seed5,ga,5,2,0.02963315529117966
ga_blx_seed5,ga,5,3,0.02963315529117966
ga_blx_seed5,ga,5,4,0.02963315529117966
ga_blx_seed5,ga,5,5,0.016731921610293448
ga_blx_seed5,ga,5,6,0.016731921610293448
ga_blx_seed5,ga,5,7,0.016731921610293448
ga_blx_seed5,ga,5,8,0.016731921610293448
ga_blx_seed5,ga,5,9,0.016731921610293448
ga_blx_seed5,ga,5,10,0.016731921610293448
ga_blx_seed5,ga,5,11,0.016731921610293448
ga_blx_seed5,ga,5,12,0.016731921610293448
ga_blx_seed5,ga,5,13,0.016731921610293448
ga_blx_seed5,ga,5,14,0.016731921610293448
ga_blx_seed5,ga,5,15,0.016731921610293448
ga_blx_seed5,ga,5,16,0.016731921610293448
ga_blx_seed5,ga,5,17,0.016731921610293448
ga_blx_seed5,ga,5,18,0.016731921610293448
ga_blx_seed5,ga,5,19,0.016731921610293448
ga_blx_seed5,ga,5,20,0.016731921610293448
ga_blx_seed5,ga,5,21,0.016731921610293448
ga_blx_seed5,ga,5,22,0.016731921610293448
ga_blx_seed5,ga,5,23,0.016731921610293448
ga_blx_seed5,ga,5,24,0.016731921610293448
ga_blx_seed5,ga,5,25,0.016731921610293448
ga_blx_seed5,ga,5,26,0.016731921610293448
ga_blx_seed5,ga,5,27,0.016731921610293448
ga_blx_seed5,ga,5,28,0.016731921610293448
ga_blx_seed5,ga,5,29,0.016731921610293448
ga_blx_seed5,ga,5,30,0.016731921610293448
ga_blx_seed5,ga,5,31,0.016731921610293448
ga_blx_seed5,ga,5,32,0.016731921610293448
ga_blx_seed5,ga,5,33,0.016731921610293448
ga_blx_seed5,ga,5,34,0.016731921610293448
ga_blx_seed5,ga,5,35,0.016731921610293448
ga_blx_seed5,ga,5,36,0.016731921610293448
ga_blx_seed5,ga,5,37,0.016731921610293448
ga_blx_seed5,ga,5,38,0.016731921610293448
ga_blx_seed5,ga,5,39,0.016731921610293448
ga_blx_seed5,ga,5,40,0.016731921610293448
ga_blx_seed5,ga,5,41,0.016731921610293448
ga_blx_seed5,ga,5,42,0.016731921610293448
ga_blx_seed5,ga,5,43,0.016731921610293448
ga_blx_seed5,ga,5,44,0.016731921610293448
ga_blx_seed5,ga,5,45,0.016731921610293448
ga_blx_seed5,ga,5,46,0.016731921610293448
ga_blx_seed5,ga,5,47,0.016731921610293448
ga_blx_seed5,ga,5,48,0.016731921610293448
ga_blx_seed5,ga,5,49,0.016731921610293448
ga_blx_seed5,ga,5,50,0.016731921610293448
ga_blx_seed5,ga,5,51,0.016731921610293448
ga_blx_seed5,ga,5,52,0.016731921610293448
ga_blx_seed5,ga,5,53,0.016731921610293448
ga_blx_seed5,ga,5,54,0.016731921610293448
ga_blx_seed5,ga,5,55,0.016731921610293448
ga_blx_seed5,ga,5,56,0.016731921610293448
ga_blx_seed5,ga,5,57,0.016731921610293448
ga_blx_seed5,ga,5,58,0.016731921610293448
ga_blx_seed5,ga,5,59,0.016731921610293448
ga_blx_seed5,ga,5,60,0.016731921610293448
ga_blx_seed5,ga,5,61,0.016731921610293448
ga_blx_seed5,ga,5,62,0.016731921610293448
ga_blx_seed5,ga,5,63,0.016731921610293448
ga_blx_seed5,ga,5,64,0.016731921610293448
ga_blx_seed5,ga,5,65,0.016731921610293448
ga_blx_seed5,ga,5,66,0.016731921610293448
ga_blx_seed5,ga,5,67,0.016731921610293448
ga_blx_seed5,ga,5,68,0.016731921610293448
ga_blx_seed5,ga,5,69,0.016731921610293448
ga_blx_seed5,ga,5,70,0.016731921610293448
ga_blx_seed5,ga,5,71,0.016731921610293448
ga_blx_seed5,ga,5,72,0.016731921610293448
ga_blx_seed5,ga,5,73,0.016731921610293448
ga_blx_seed5,ga,5,74,0.016731921610293448
ga_blx_seed5,ga,5,75,0.01673191757635495
ga_blx_seed5,ga,5,76,0.01673191757635495
ga_blx_seed5,ga,5,77,0.01673191757635495
ga_blx_seed5,ga,5,78,0.01673191757635495
ga_blx_seed5,ga,5,79,0.01673191757635495
ga_blx_seed5,ga,5,80,0.01673191757635495
ga_blx_seed5,ga,5,81,0.01673191757635495
ga_blx_seed5,ga,5,82,0.01673191757635495
ga_blx_seed5,ga,5,83,0.01673191757635495
ga_blx_seed5,ga,5,84,0.01673191757635495
ga_blx_seed5,ga,5,85,0.01673191757635495
ga_blx_seed5,ga,5,86,0.01673191757635495
ga_blx_seed5,ga,5,87,0.01673191757635495
ga_blx_seed5,ga,5,88,0.01673191757635495
ga_blx_seed5,ga,5,89,0.01673191757635495
ga_blx_seed5,ga,5,90,0.01673191757635495
ga_blx_seed5,ga,5,91,0.01673191757635495
ga_blx_seed5,ga,5,92,0.01673191757635495
ga_blx_seed5,ga,5,93,0.01673191757635495
ga_blx_seed5,ga,5,94,0.01673191757635495
ga_blx_seed5,ga,5,95,0.01673191757635495
ga_blx_seed5,ga,5,96,0.01673191757635495
ga_blx_seed5,ga,5,97,0.01673191757635495
ga_blx_seed5,ga,5,98,0.01673191757635495
ga_blx_seed5,ga,5,99,0.01673191757635495
ga_blx_seed5,ga,5,100,0.01673191757635495
ga_blx_seed5,ga,5,101,0.01673191757635495
ga_blx_seed5,ga,5,102,0.01673191757635495
ga_blx_seed5,ga,5,103,0.01673191757635495
ga_blx_seed5,ga,5,104,0.01673191757635495
ga_blx_seed5,ga,5,105,0.01673191757635495
ga_blx_seed5,ga,5,106,0.01673191757635495
ga_blx_seed5,ga,5,107,0.01673191757635495
ga_blx_seed5,ga,5,108,0.01673191757635495
ga_blx_seed5,ga,5,109,0.01673191757635495
ga_blx_seed5,ga,5,110,0.01673191757635495
ga_blx_seed5,ga,5,111,0.01673191757635495
ga_blx_seed5,ga,5,112,0.01673191757635495
ga_blx_seed5,ga,5,113,0.01673191757635495
ga_blx_seed5,ga,5,114,0.01673191757635495
ga_blx_seed5,ga,5,115,0.01673191757635495
ga_blx_seed5,ga,5,116,0.01673191757635495
ga_blx_seed5,ga,5,117,0.01673191757635495
ga_blx_seed5,ga,5,118,0.01673191757635495
ga_blx_seed5,ga,5,119,0.01673191757635495
ga_blx_seed5,ga,5,120,0.01673191757635495
ga_blx_seed5,ga,5,121,0.01673191757635495
ga_blx_seed5,ga,5,122,0.01673191757635495
ga_blx_seed5,ga,5,123,0.01673191757635495
ga_blx_seed5,ga,5,124,0.016731914535518776
ga_blx_seed5,ga,5,125,0.016731914535518776
ga_blx_seed5,ga,5,126,0.016731914535518776
ga_blx_seed5,ga,5,127,0.016731914535518776
ga_blx_seed5,ga,5,128,0.016731914535518776
ga_blx_seed5,ga,5,129,0.016731914535518776
ga_blx_seed5,ga,5,130,0.016731914535518776
ga_blx_seed5,ga,5,131,0.016731914535518776
ga_blx_seed5,ga,5,132,0.016731914535518776
ga_blx_seed5,ga,5,133,0.016731914535518776
ga_blx_seed5,ga,5,134,0.016731914535518776
ga_blx_seed5,ga,5,135,0.016731914535518776
ga_blx_seed5,ga,5,136,0.016731914535518776
ga_blx_seed5,ga,5,137,0.016731914535518776
ga_blx_seed5,ga,5,138,0.016731914535518776
ga_blx_seed5,ga,5,139,0.016731914535518776
ga_blx_seed5,ga,5,140,0.016731914535518776
ga_blx_seed5,ga,5,141,0.0167319145184971
ga_blx_seed5,ga,5,142,0.0167319145184971
ga_blx_seed5,ga,5,143,0.0167319145184971
ga_blx_seed5,ga,5,144,0.016731914356973257
ga_blx_seed5,ga,5,145,0.016731914356973257
ga_blx_seed5,ga,5,146,0.016731914356973257
ga_blx_seed5,ga,5,147,0.016731914356973257
ga_blx_seed5,ga,5,148,0.016731914356973257
ga_blx_seed5,ga,5,149,0.016731914356973257
ga_blx_seed5,ga,5,150,0.016731914356973257
ga_blx_seed5,ga,5,151,0.016731914356973257
ga_blx_seed5,ga,5,152,0.016731914356973257
ga_blx_seed5,ga,5,153,0.016731914356973257
ga_blx_seed5,ga,5,154,0.016731914319422846
ga_blx_seed5,ga,5,155,0.016731914319422846
ga_blx_seed5,ga,5,156,0.016731914319422846
ga_blx_seed5,ga,5,157,0.016731914319422846
ga_blx_seed5,ga,5,158,0.016731914319422846
ga_blx_seed5,ga,5,159,0.016731914319422846
ga_blx_seed5,ga,5,160,0.016731914319422846
ga_blx_seed5,ga,5,161,0.016731914319422846
ga_blx_seed5,ga,5,162,0.016731914319422846
ga_blx_seed5,ga,5,163,0.016731914319422846
ga_blx_seed5,ga,5,164,0.016731914319422846
ga_blx_seed5,ga,5,165,0.016731914319422846
ga_blx_seed5,ga,5,166,0.016731914319422846
ga_blx_seed5,ga,5,167,0.016731914319422846
ga_blx_seed5,ga,5,168,0.016731914319422846
ga_blx_seed5,ga,5,169,0.016731914319422846
ga_blx_seed5,ga,5,170,0.016731914319422846
ga_blx_seed5,ga,5,171,0.016731914319422846
ga_blx_seed5,ga,5,172,0.016731914319422846
ga_blx_seed5,ga,5,173,0.016731914319422846
ga_blx_seed5,ga,5,174,0.016731914319422846
ga_blx_seed5,ga,5,175,0.016731914319422846
ga_blx_seed5,ga,5,176,0.016731914319422846
ga_blx_seed5,ga,5,177,0.016731914319422846
ga_blx_seed5,ga,5,178,0.016731914319422846
ga_blx_seed5,ga,5,179,0.016731914319422846
ga_blx_seed5,ga,5,180,0.016731914319422846
ga_blx_seed5,ga,5,181,0.016731914319422846
ga_blx_seed5,ga,5,182,0.016731914319422846
ga_blx_seed5,ga,5,183,0.016731914319422846
ga_blx_seed5,ga,5,184,0.016731914319422846
ga_blx_seed5,ga,5,185,0.016731914319422846
ga_blx_seed5,ga,5,186,0.016731914319422846
ga_blx_seed5,ga,5,187,0.016731914319422846
ga_blx_seed5,ga,5,188,0.016731914319422846
ga_blx_seed5,ga,5,189,0.016731914319422846
ga_blx_seed5,ga,5,190,0.016731912254778727
ga_blx_seed5,ga,5,191,0.016731912254778727
ga_blx_seed5,ga,5,192,0.016731912254778727
ga_blx_seed5,ga,5,193,0.016731912254778727
ga_blx_seed5,ga,5,194,0.016731912254778727
ga_blx_seed5,ga,5,195,0.016731912254778727
ga_blx_seed5,ga,5,196,0.016731912254778727
ga_blx_seed5,ga,5,197,0.016731912254778727
ga_blx_seed5,ga,5,198,0.016731912254778727
ga_blx_seed5,ga,5,199,0.016731912254778727
ga_blx_seed5,ga,5,200,0.016731912254778727
ga_blx_seed6,ga,6,1,9195.992919640934
ga_blx_seed6,ga,6,2,0.01886614954099214
ga_blx_seed6,ga,6,3,0.018349973287847564
ga_blx_seed6,ga,6,4,0.018349973287847564
ga_blx_seed6,ga,6,5,0.018349973287847564
ga_blx_seed6,ga,6,6,0.018349973287847564
ga_blx_seed6,ga,6,7,0.018349973287847564
ga_blx_seed6,ga,6,8,0.018349973287847564
ga_blx_seed6,ga,6,9,0.018349973287847564
ga_blx_seed6,ga,6,10,0.018349973287847564
ga_blx_seed6,ga,6,11,0.018349973287847564
ga_blx_seed6,ga,6,12,0.018349973287847564
ga_blx_seed6,ga,6,13,0.018349973287847564
ga_blx_seed6,ga,6,14,0.018349973287847564
ga_blx_seed6,ga,6,15,0.016833738020111365
ga_blx_seed6,ga,6,16,0.016833738020111365
ga_blx_seed6,ga,6,17,0.016833738020111365
ga_blx_seed6,ga,6,18,0.016833738020111365
ga_blx_seed6,ga,6,19,0.016833738020111365
ga_blx_seed6,ga,6,20,0.016833738020111365
ga_blx_seed6,ga,6,21,0.016833738020111365
ga_blx_seed6,ga,6,22,0.016833738020111365
ga_blx_seed6,ga,6,23,0.016833738020111365
ga_blx_seed6,ga,6,24,0.016833738020111365
ga_blx_seed6,ga,6,25,0.016833738020111365
ga_blx_seed6,ga,6,26,0.016833738020111365
ga_blx_seed6,ga,6,27,0.016833738020111365
ga_blx_seed6,ga,6,28,0.016833738020111365
ga_blx_seed6,ga,6,29,0.016833738020111365
ga_blx_seed6,ga,6,30,0.016833738020111365
ga_blx_seed6,ga,6,31,0.016833738020111365
ga_blx_seed6,ga,6,32,0.016833738020111365
ga_blx_seed6,ga,6,33,0.016833738020111365
ga_blx_seed6,ga,6,34,0.016733625547144276
ga_blx_seed6,ga,6,35,0.016733625547144276
ga_blx_seed6,ga,6,36,0.016733625547144276
ga_blx_seed6,ga,6,37,0.016733625547144276
ga_blx_seed6,ga,6,38,0.016733625547144276
ga_blx_seed6,ga,6,39,0.016733625547144276
ga_blx_seed6,ga,6,40,0.016733625547144276
ga_blx_seed6,ga,6,41,0.016733625547144276
ga_blx_seed6,ga,6,42,0.016733625547144276
ga_blx_seed6,ga,6,43,0.016733625547144276
ga_blx_seed6,ga,6,44,0.016733625547144276
ga_blx_seed6,ga,6,45,0.016733625547144276
ga_blx_seed6,ga,6,46,0.016733625547144276
ga_blx_seed6,ga,6,47,0.016733625547144276
ga_blx_seed6,ga,6,48,0.016733625547144276
ga_blx_seed6,ga,6,49,0.016733625547144276
ga_blx_seed6,ga,6,50,0.016733625547144276
ga_blx_seed6,ga,6,51,0.016733625547144276
ga_blx_seed6,ga,6,52,0.016733625547144276
ga_blx_seed6,ga,6,53,0.016733625547144276
ga_blx_seed6,ga,6,54,0.016733625547144276
ga_blx_seed6,ga,6,55,0.016733625547144276
ga_blx_seed6,ga,6,56,0.016733625547144276
ga_blx_seed6,ga,6,57,0.016733625547144276
ga_blx_seed6,ga,6,58,0.016733625547144276
ga_blx_seed6,ga,6,59,0.016733625547144276
ga_blx_seed6,ga,6,60,0.016733625547144276
ga_blx_seed6,ga,6,61,0.016733625547144276
ga_blx_seed6,ga,6,62,0.016733625547144276
ga_blx_seed6,ga,6,63,0.016733625547144276
ga_blx_seed6,ga,6,64,0.016733625547144276
ga_blx_seed6,ga,6,65,0.016733625547144276
ga_blx_seed6,ga,6,66,0.01673192583749415
ga_blx_seed6,ga,6,67,0.01673192583749415
ga_blx_seed6,ga,6,68,0.01673192583749415
ga_blx_seed6,ga,6,69,0.01673192583749415
ga_blx_seed6,ga,6,70,0.01673192583749415
ga_blx_seed6,ga,6,71,0.01673192583749415
ga_blx_seed6,ga,6,72,0.01673192583749415
ga_blx_seed6,ga,6,73,0.01673192583749415
ga_blx_seed6,ga,6,74,0.016731910367467934
ga_blx_seed6,ga,6,75,0.016731910367467934
ga_blx_seed6,ga,6,76,0.016731910367467934
ga_blx_seed6,ga,6,77,0.016731910367467934
ga_blx_seed6,ga,6,78,0.016731910367467934
ga_blx_seed6,ga,6,79,0.016731910367467934
ga_blx_seed6,ga,6,80,0.016731910367467934
ga_blx_seed6,ga,6,81,0.016731910367467934
ga_blx_seed6,ga,6,82,0.016731910367467934
ga_blx_seed6,ga,6,83,0.016731909791403585
ga_blx_seed6,ga,6,84,0.016731909791403585
ga_blx_seed6,ga,6,85,0.016731909791403585
ga_blx_seed6,ga,6,86,0.016731909791403585
ga_blx_seed6,ga,6,87,0.016731909791403585
ga_blx_seed6,ga,6,88,0.016731909791403585
ga_blx_seed6,ga,6,89,0.016731909791403585
ga_blx_seed6,ga,6,90,0.016731909791403585
ga_blx_seed6,ga,6,91,0.016731909791403585
ga_blx_seed6,ga,6,92,0.016731909791403585
ga_blx_seed6,ga,6,93,0.016731909791403585
ga_blx_seed6,ga,6,94,0.016731909791403585
ga_blx_seed6,ga,6,95,0.016731909791403585
ga_blx_seed6,ga,6,96,0.016731909791403585
ga_blx_seed6,ga,6,97,0.016731909791403585
ga_blx_seed6,ga,6,98,0.016731909791403585
ga_blx_seed6,ga,6,99,0.016731909791403585
ga_blx_seed6,ga,6,100,0.016731909791403585
ga_blx_seed6,ga,6,101,0.016731909514365217
ga_blx_seed6,ga,6,102,0.016731909514365217
ga_blx_seed6,ga,6,103,0.016731909514365217
ga_blx_seed6,ga,6,104,0.016731909514365217
ga_blx_seed6,ga,6,105,0.016731909514365217
ga_blx_seed6,ga,6,106,0.016731909514365217
ga_blx_seed6,ga,6,107,0.016731909514365217
ga_blx_seed6,ga,6,108,0.016731909514365217
ga_blx_seed6,ga,6,109,0.016731909514365217
ga_blx_seed6,ga,6,110,0.016731909514365217
ga_blx_seed6,ga,6,111,0.016731909514365217
ga_blx_seed6,ga,6,112,0.016731909514365217
ga_blx_seed6,ga,6,113,0.016731909514365217
ga_blx_seed6,ga,6,114,0.016731909514365217
ga_blx_seed6,ga,6,115,0.016731909514365217
ga_blx_seed6,ga,6,116,0.016731909514365217
ga_blx_seed6,ga,6,117,0.016731909514365217
ga_blx_seed6,ga,6,118,0.016731909514365217
ga_blx_seed6,ga,6,119,0.016731909514365217
ga_blx_seed6,ga,6,120,0.016731909514365217
ga_blx_seed6,ga,6,121,0.016731909514365217
ga_blx_seed6,ga,6,122,0.016731909514365217
ga_blx_seed6,ga,6,123,0.016731909514365217
ga_blx_seed6,ga,6,124,0.016731909514365217
ga_blx_seed6,ga,6,125,0.016731909514365217
ga_blx_seed6,ga,6,126,0.016731909514365217
ga_blx_seed6,ga,6,127,0.01673190944187639
ga_blx_seed6,ga,6,128,0.01673190944187639
ga_blx_seed6,ga,6,129,0.016731909436233674
ga_blx_seed6,ga,6,130,0.016731909436233674
ga_blx_seed6,ga,6,131,0.016731909436233674
ga_blx_seed6,ga,6,132,0.016731909436233674
ga_blx_seed6,ga,6,133,0.016731909436233674
ga_blx_seed6,ga,6,134,0.016731909436233674
ga_blx_seed6,ga,6,135,0.016731909436233674
ga_blx_seed6,ga,6,136,0.016731909436233674
ga_blx_seed6,ga,6,137,0.016731909436233674
ga_blx_seed6,ga,6,138,0.016731909436233674
ga_blx_seed6,ga,6,139,0.016731909436233674
ga_blx_seed6,ga,6,140,0.016731909436233674
ga_blx_seed6,ga,6,141,0.016731909436233674
ga_blx_seed6,ga,6,142,0.016731909436233674
ga_blx_seed6,ga,6,143,0.016731909436233674
ga_blx_seed6,ga,6,144,0.016731909436233674
ga_blx_seed6,ga,6,145,0.016731909436233674
ga_blx_seed6,ga,6,146,0.016731909436233674
ga_blx_seed6,ga,6,147,0.016731909436233674
ga_blx_seed6,ga,6,148,0.016731909436233674
ga_blx_seed6,ga,6,149,0.016731909436233674
ga_blx_seed6,ga,6,150,0.016731909436233674
ga_blx_seed6,ga,6,151,0.016731909436233674
ga_blx_seed6,ga,6,152,0.016731909436233674
ga_blx_seed6,ga,6,153,0.016731909436233674
ga_blx_seed6,ga,6,154,0.016731909436233674
ga_blx_seed6,ga,6,155,0.016731909436233674
ga_blx_seed6,ga,6,156,0.016731909436233674
ga_blx_seed6,ga,6,157,0.016731909436233674
ga_blx_seed6,ga,6,158,0.016731909436233674
ga_blx_seed6,ga,6,159,0.016731909436233674
ga_blx_seed6,ga,6,160,0.016731909436233674
ga_blx_seed6,ga,6,161,0.016731909436233674
ga_blx_seed6,ga,6,162,0.016731909436233674
ga_blx_seed6,ga,6,163,0.016731909436233674
ga_blx_seed6,ga,6,164,0.016731909436233674
ga_blx_seed6,ga,6,165,0.016731909436233674
ga_blx_seed6,ga,6,166,0.016731909436233674
ga_blx_seed6,ga,6,167,0.016731909436233674
ga_blx_seed6,ga,6,168,0.016731909436233674
ga_blx_seed6,ga,6,169,0.016731909436233674
ga_blx_seed6,ga,6,170,0.016731909436233674
ga_blx_seed6,ga,6,171,0.016731909436233674
ga_blx_seed6,ga,6,172,0.016731909436233674
ga_blx_seed6,ga,6,173,0.016731909436233674
ga_blx_seed6,ga,6,174,0.016731909436233674
ga_blx_seed6,ga,6,175,0.016731909436233674
ga_blx_seed6,ga,6,176,0.016731909436233674
ga_blx_seed6,ga,6,177,0.01673190943560619
ga_blx_seed6,ga,6,178,0.01673190943560619
ga_blx_seed6,ga,6,179,0.01673190943560619
ga_blx_seed6,ga,6,180,0.01673190943560619
ga_blx_seed6,ga,6,181,0.01673190943560619
ga_blx_seed6,ga,6,182,0.01673190943560619
ga_blx_seed6,ga,6,183,0.01673190943560619
ga_blx_seed6,ga,6,184,0.0167319094353328
ga_blx_seed6,ga,6,185,0.0167319094353328
ga_blx_seed6,ga,6,186,0.0167319094353328
ga_blx_seed6,ga,6,187,0.01673190943526174
ga_blx_seed6,ga,6,188,0.01673190943526174
ga_blx_seed6,ga,6,189,0.01673190943526174
ga_blx_seed6,ga,6,190,0.01673190943526174
ga_blx_seed6,ga,6,191,0.01673190943526174
ga_blx_seed6,ga,6,192,0.01673190943526174
ga_blx_seed6,ga,6,193,0.01673190943526174
ga_blx_seed6,ga,6,194,0.01673190943526174
ga_blx_seed6,ga,6,195,0.01673190943526174
ga_blx_seed6,ga,6,196,0.01673190943526174
ga_blx_seed6,ga,6,197,0.01673190943526174
ga_blx_seed6,ga,6,198,0.01673190943526174
ga_blx_seed6,ga,6,199,0.01673190943526174
ga_blx_seed6,ga,6,200,0.01673190943526174
ga_blx_seed7,ga,7,1,9297.910086073156
ga_blx_seed7,ga,7,2,0.09953470705733529
ga_blx_seed7,ga,7,3,0.09953470705733529
ga_blx_seed7,ga,7,4,0.09953470705733529
ga_blx_seed7,ga,7,5,0.09953470705733529
ga_blx_seed7,ga,7,6,0.09953470705733529
ga_blx_seed7,ga,7,7,0.01724385158624615
ga_blx_seed7,ga,7,8,0.01724385158624615
ga_blx_seed7,ga,7,9,0.01724385158624615
ga_blx_seed7,ga,7,10,0.01724385158624615
ga_blx_seed7,ga,7,11,0.01724385158624615
ga_blx_seed7,ga,7,12,0.016958217716374926
ga_blx_seed7,ga,7,13,0.016958217716374926
ga_blx_seed7,ga,7,14,0.016958217716374926
ga_blx_seed7,ga,7,15,0.016958217716374926
ga_blx_seed7,ga,7,16,0.016958217716374926
ga_blx_seed7,ga,7,17,0.016958217716374926
ga_blx_seed7,ga,7,18,0.016958217716374926
ga_blx_seed7,ga,7,19,0.016958217716374926
ga_blx_seed7,ga,7,20,0.016958217716374926
ga_blx_seed7,ga,7,21,0.01677030738099721
ga_blx_seed7,ga,7,22,0.01677030738099721
ga_blx_seed7,ga,7,23,0.01677030738099721
ga_blx_seed7,ga,7,24,0.01677030738099721
ga_blx_seed7,ga,7,25,0.01677030738099721
ga_blx_seed7,ga,7,26,0.01677030738099721
ga_blx_seed7,ga,7,27,0.01677030738099721
ga_blx_seed7,ga,7,28,0.01677030738099721
ga_blx_seed7,ga,7,29,0.01677030738099721
ga_blx_seed7,ga,7,30,0.016743903816501683
ga_blx_seed7,ga,7,31,0.016743903816501683
ga_blx_seed7,ga,7,32,0.016743903816501683
ga_blx_seed7,ga,7,33,0.016743903816501683
ga_blx_seed7,ga,7,34,0.016743903816501683
ga_blx_seed7,ga,7,35,0.016743903816501683
ga_blx_seed7,ga,7,36,0.016743903816501683
ga_blx_seed7,ga,7,37,0.016743903816501683
ga_blx_seed7,ga,7,38,0.016743903816501683
ga_blx_seed7,ga,7,39,0.016743903816501683
ga_blx_seed7,ga,7,40,0.016743903816501683
ga_blx_seed7,ga,7,41,0.016743903816501683
ga_blx_seed7,ga,7,42,0.016743903816501683
ga_blx_seed7,ga,7,43,0.016743903816501683
ga_blx_seed7,ga,7,44,0.016743903816501683
ga_blx_seed7,ga,7,45,0.016743903816501683
ga_blx_seed7,ga,7,46,0.016743903816501683
ga_blx_seed7,ga,7,47,0.016743903816501683
ga_blx_seed7,ga,7,48,0.016743903816501683
ga_blx_seed7,ga,7,49,0.016743903816501683
ga_blx_seed7,ga,7,50,0.016743903816501683
ga_blx_seed7,ga,7,51,0.016743903816501683
ga_blx_seed7,ga,7,52,0.016743903816501683
ga_blx_seed7,ga,7,53,0.016743903816501683
ga_blx_seed7,ga,7,54,0.016743903816501683
ga_blx_seed7,ga,7,55,0.016743903816501683
ga_blx_seed7,ga,7,56,0.016743903816501683
ga_blx_seed7,ga,7,57,0.016743903816501683
ga_blx_seed7,ga,7,58,0.016743903816501683
ga_blx_seed7,ga,7,59,0.016743903816501683
ga_blx_seed7,ga,7,60,0.016743903816501683
ga_blx_seed7,ga,7,61,0.016743903816501683
ga_blx_seed7,ga,7,62,0.016743903816501683
ga_blx_seed7,ga,7,63,0.016743903816501683
ga_blx_seed7,ga,7,64,0.016743903816501683
ga_blx_seed7,ga,7,65,0.016736322019645075
ga_blx_seed7,ga,7,66,0.016736322019645075
ga_blx_seed7,ga,7,67,0.016736322019645075
ga_blx_seed7,ga,7,68,0.016736322019645075
ga_blx_seed7,ga,7,69,0.016736322019645075
ga_blx_seed7,ga,7,70,0.016736322019645075
ga_blx_seed7,ga,7,71,0.016736322019645075
ga_blx_seed7,ga,7,72,0.016736322019645075
ga_blx_seed7,ga,7,73,0.016736322019645075
ga_blx_seed7,ga,7,74,0.016732121832448942
ga_blx_seed7,ga,7,75,0.016732121832448942
ga_blx_seed7,ga,7,76,0.016732121832448942
ga_blx_seed7,ga,7,77,0.016732121832448942
ga_blx_seed7,ga,7,78,0.016732121832448942
ga_blx_seed7,ga,7,79,0.016731953154414655
ga_blx_seed7,ga,7,80,0.016731953154414655
ga_blx_seed7,ga,7,81,0.016731953154414655
ga_blx_seed7,ga,7,82,0.016731953154414655
ga_blx_seed7,ga,7,83,0.016731953154414655
ga_blx_seed7,ga,7,84,0.016731953154414655
ga_blx_seed7,ga,7,85,0.016731953154414655
ga_blx_seed7,ga,7,86,0.016731953154414655
ga_blx_seed7,ga,7,87,0.016731953154414655
ga_blx_seed7,ga,7,88,0.016731953154414655
ga_blx_seed7,ga,7,89,0.016731953154414655
ga_blx_seed7,ga,7,90,0.016731953154414655
ga_blx_seed7,ga,7,91,0.016731953154414655
ga_blx_seed7,ga,7,92,0.016731953154414655
ga_blx_seed7,ga,7,93,0.016731953154414655
ga_blx_seed7,ga,7,94,0.016731953154414655
ga_blx_seed7,ga,7,95,0.016731953154414655
ga_blx_seed7,ga,7,96,0.016731953154414655
ga_blx_seed7,ga,7,97,0.016731953154414655
ga_blx_seed7,ga,7,98,0.016731953154414655
ga_blx_seed7,ga,7,99,0.016731953154414655
ga_blx_seed7,ga,7,100,0.016731953154414655
ga_blx_seed7,ga,7,101,0.016731953154414655
ga_blx_seed7,ga,7,102,0.016731953154414655
ga_blx_seed7,ga,7,103,0.016731953154414655
ga_blx_seed7,ga,7,104,0.016731953154414655
ga_blx_seed7,ga,7,105,0.016731953154414655
ga_blx_seed7,ga,7,106,0.016731953154414655
ga_blx_seed7,ga,7,107,0.016731953154414655
ga_blx_seed7,ga,7,108,0.016731953154414655
ga_blx_seed7,ga,7,109,0.016731953154414655
ga_blx_seed7,ga,7,110,0.016731953154414655
ga_blx_seed7,ga,7,111,0.016731953154414655
ga_blx_seed7,ga,7,112,0.016731953154414655
ga_blx_seed7,ga,7,113,0.016731953154414655
ga_blx_seed7,ga,7,114,0.016731953154414655
ga_blx_seed7,ga,7,115,0.016731953154414655
ga_blx_seed7,ga,7,116,0.016731953154414655
ga_blx_seed7,ga,7,117,0.016731953154414655
ga_blx_seed7,ga,7,118,0.016731953154414655
ga_blx_seed7,ga,7,119,0.016731953154414655
ga_blx_seed7,ga,7,120,0.016731953154414655
ga_blx_seed7,ga,7,121,0.016731953154414655
ga_blx_seed7,ga,7,122,0.016731953154414655
ga_blx_seed7,ga,7,123,0.016731953154414655
ga_blx_seed7,ga,7,124,0.016731953154414655
ga_blx_seed7,ga,7,125,0.016731953154414655
ga_blx_seed7,ga,7,126,0.016731953154414655
ga_blx_seed7,ga,7,127,0.016731953154414655
ga_blx_seed7,ga,7,128,0.016731953154414655
ga_blx_seed7,ga,7,129,0.016731953154414655
ga_blx_seed7,ga,7,130,0.016731953154414655
ga_blx_seed7,ga,7,131,0.016731953154414655
ga_blx_seed7,ga,7,132,0.016731953154414655
ga_blx_seed7,ga,7,133,0.016731953154414655
ga_blx_seed7,ga,7,134,0.016731953154414655
ga_blx_seed7,ga,7,135,0.016731953154414655
ga_blx_seed7,ga,7,136,0.016731953154414655
ga_blx_seed7,ga,7,137,0.016731953154414655
ga_blx_seed7,ga,7,138,0.016731953154414655
ga_blx_seed7,ga,7,139,0.016731953154414655
ga_blx_seed7,ga,7,140,0.016731953154414655
ga_blx_seed7,ga,7,141,0.016731953154414655
ga_blx_seed7,ga,7,142,0.016731953154414655
ga_blx_seed7,ga,7,143,0.016731953154414655
ga_blx_seed7,ga,7,144,0.016731953154414655
ga_blx_seed7,ga,7,145,0.016731953154414655
ga_blx_seed7,ga,7,146,0.016731953154414655
ga_blx_seed7,ga,7,147,0.016731953154414655
ga_blx_seed7,ga,7,148,0.016731953154414655
ga_blx_seed7,ga,7,149,0.016731953154414655
ga_blx_seed7,ga,7,150,0.016731953154414655
ga_blx_seed7,ga,7,151,0.016731953154414655
ga_blx_seed7,ga,7,152,0.016731953154414655
ga_blx_seed7,ga,7,153,0.016731953154414655
ga_blx_seed7,ga,7,154,0.016731953154414655
ga_blx_seed7,ga,7,155,0.016731953154414655
ga_blx_seed7,ga,7,156,0.016731953154414655
ga_blx_seed7,ga,7,157,0.016731953154414655
ga_blx_seed7,ga,7,158,0.016731953154414655
ga_blx_seed7,ga,7,159,0.016731953154414655
ga_blx_seed7,ga,7,160,0.016731953154414655
ga_blx_seed7,ga,7,161,0.016731953154414655
ga_blx_seed7,ga,7,162,0.016731953154414655
ga_blx_seed7,ga,7,163,0.016731953154414655
ga_blx_seed7,ga,7,164,0.016731953154414655
ga_blx_seed7,ga,7,165,0.016731953154414655
ga_blx_seed7,ga,7,166,0.016731953154414655
ga_blx_seed7,ga,7,167,0.016731953154414655
ga_blx_seed7,ga,7,168,0.016731953154414655
ga_blx_seed7,ga,7,169,0.01673191358519103
ga_blx_seed7,ga,7,170,0.01673191358519103
ga_blx_seed7,ga,7,171,0.01673191358519103
ga_blx_seed7,ga,7,172,0.01673191358519103
ga_blx_seed7,ga,7,173,0.01673191358519103
ga_blx_seed7,ga,7,174,0.01673191358519103
ga_blx_seed7,ga,7,175,0.01673191358519103
ga_blx_seed7,ga,7,176,0.01673191358519103
ga_blx_seed7,ga,7,177,0.01673191358519103
ga_blx_seed7,ga,7,178,0.01673191358519103
ga_blx_seed7,ga,7,179,0.01673191358519103
ga_blx_seed7,ga,7,180,0.01673191358519103
ga_blx_seed7,ga,7,181,0.01673191358519103
ga_blx_seed7,ga,7,182,0.01673191358519103
ga_blx_seed7,ga,7,183,0.01673191358519103
ga_blx_seed7,ga,7,184,0.01673191358519103
ga_blx_seed7,ga,7,185,0.01673191358519103
ga_blx_seed7,ga,7,186,0.01673191358519103
ga_blx_seed7,ga,7,187,0.01673191358519103
ga_blx_seed7,ga,7,188,0.01673191358519103
ga_blx_seed7,ga,7,189,0.01673191358519103
ga_blx_seed7,ga,7,190,0.01673191358327867
ga_blx_seed7,ga,7,191,0.01673191358327867
ga_blx_seed7,ga,7,192,0.01673191358327867
ga_blx_seed7,ga,7,193,0.01673191358327867
ga_blx_seed7,ga,7,194,0.01673191358327867
ga_blx_seed7,ga,7,195,0.01673191358327867
ga_blx_seed7,ga,7,196,0.01673191358327867
ga_blx_seed7,ga,7,197,0.01673191358327867
ga_blx_seed7,ga,7,198,0.01673191358327867
ga_blx_seed7,ga,7,199,0.01673191358327867
ga_blx_seed7,ga,7,200,0.01673191358327867
ga_blx_seed8,ga,8,1,65.72920693767578
ga_blx_seed8,ga,8,2,65.72920693767578
ga_blx_seed8,ga,8,3,0.16113540022645806
ga_blx_seed8,ga,8,4,0.16113540022645806
ga_blx_seed8,ga,8,5,0.016740007700821513
ga_blx_seed8,ga,8,6,0.016740007700821513
ga_blx_seed8,ga,8,7,0.016740007700821513
ga_blx_seed8,ga,8,8,0.016740007700821513
ga_blx_seed8,ga,8,9,0.016740007700821513
ga_blx_seed8,ga,8,10,0.016740007700821513
ga_blx_seed8,ga,8,11,0.016740007700821513
ga_blx_seed8,ga,8,12,0.016740007700821513
ga_blx_seed8,ga,8,13,0.016740007700821513
ga_blx_seed8,ga,8,14,0.016740007700821513
ga_blx_seed8,ga,8,15,0.01673849762035731
ga_blx_seed8,ga,8,16,0.01673849762035731
ga_blx_seed8,ga,8,17,0.01673849762035731
ga_blx_seed8,ga,8,18,0.01673849762035731
ga_blx_seed8,ga,8,19,0.01673849762035731
ga_blx_seed8,ga,8,20,0.01673849762035731
ga_blx_seed8,ga,8,21,0.01673849762035731
ga_blx_seed8,ga,8,22,0.01673849762035731
ga_blx_seed8,ga,8,23,0.01673849762035731
ga_blx_seed8,ga,8,24,0.01673849762035731
ga_blx_seed8,ga,8,25,0.01673849762035731
ga_blx_seed8,ga,8,26,0.01673849762035731
ga_blx_seed8,ga,8,27,0.01673849762035731
ga_blx_seed8,ga,8,28,0.01673849762035731
ga_blx_seed8,ga,8,29,0.01673849762035731
ga_blx_seed8,ga,8,30,0.01673849762035731
ga_blx_seed8,ga,8,31,0.01673849762035731
ga_blx_seed8,ga,8,32,0.01673849762035731
ga_blx_seed8,ga,8,33,0.01673849762035731
ga_blx_seed8,ga,8,34,0.01673849762035731
ga_blx_seed8,ga,8,35,0.01673849762035731
ga_blx_seed8,ga,8,36,0.01673849762035731
ga_blx_seed8,ga,8,37,0.01673849762035731
ga_blx_seed8,ga,8,38,0.01673849762035731
ga_blx_seed8,ga,8,39,0.016738497574295564
ga_blx_seed8,ga,8,40,0.016738497574295564
ga_blx_seed8,ga,8,41,0.016732559977375504
ga_blx_seed8,ga,8,42,0.016732559977375504
ga_blx_seed8,ga,8,43,0.016732559977375504
ga_blx_seed8,ga,8,44,0.016732559977375504
ga_blx_seed8,ga,8,45,0.016732559977375504
ga_blx_seed8,ga,8,46,0.016732559977375504
ga_blx_seed8,ga,8,47,0.016732559977375504
ga_blx_seed8,ga,8,48,0.016732559977375504
ga_blx_seed8,ga,8,49,0.016732559977375504
ga_blx_seed8,ga,8,50,0.016732559977375504
ga_blx_seed8,ga,8,51,0.016732559977375504
ga_blx_seed8,ga,8,52,0.016732559977375504
ga_blx_seed8,ga,8,53,0.016732559977375504
ga_blx_seed8,ga,8,54,0.016732559977375504
ga_blx_seed8,ga,8,55,0.016732559977375504
ga_blx_seed8,ga,8,56,0.016732559977375504
ga_blx_seed8,ga,8,57,0.016732559977375504
ga_blx_seed8,ga,8,58,0.016732559977375504
ga_blx_seed8,ga,8,59,0.016732024132685003
ga_blx_seed8,ga,8,60,0.016732024132685003
ga_blx_seed8,ga,8,61,0.016731985758517757
ga_blx_seed8,ga,8,62,0.016731985758517757
ga_blx_seed8,ga,8,63,0.016731985758517757
ga_blx_seed8,ga,8,64,0.016731985758517757
ga_blx_seed8,ga,8,65,0.016731985758517757
ga_blx_seed8,ga,8,66,0.016731985758517757
ga_blx_seed8,ga,8,67,0.016731985758517757
ga_blx_seed8,ga,8,68,0.016731985758517757
ga_blx_seed8,ga,8,69,0.016731985758517757
ga_blx_seed8,ga,8,70,0.016731985758517757
ga_blx_seed8,ga,8,71,0.016731985758517757
ga_blx_seed8,ga,8,72,0.016731985758517757
ga_blx_seed8,ga,8,73,0.016731985758517757
ga_blx_seed8,ga,8,74,0.016731985758517757
ga_blx_seed8,ga,8,75,0.016731985758517757
ga_blx_seed8,ga,8,76,0.016731985758517757
ga_blx_seed8,ga,8,77,0.016731985758517757
ga_blx_seed8,ga,8,78,0.016731985758517757
ga_blx_seed8,ga,8,79,0.016731940036528087
ga_blx_seed8,ga,8,80,0.016731940036528087
ga_blx_seed8,ga,8,81,0.016731940036528087
ga_blx_seed8,ga,8,82,0.016731940036528087
ga_blx_seed8,ga,8,83,0.016731940036528087
ga_blx_seed8,ga,8,84,0.016731940036528087
ga_blx_seed8,ga,8,85,0.016731940036528087
ga_blx_seed8,ga,8,86,0.016731940036528087
ga_blx_seed8,ga,8,87,0.016731940036528087
ga_blx_seed8,ga,8,88,0.016731940036528087
ga_blx_seed8,ga,8,89,0.016731940036528087
ga_blx_seed8,ga,8,90,0.016731940036528087
ga_blx_seed8,ga,8,91,0.016731940036528087
ga_blx_seed8,ga,8,92,0.016731925304596572
ga_blx_seed8,ga,8,93,0.016731925304596572
ga_blx_seed8,ga,8,94,0.016731925304596572
ga_blx_seed8,ga,8,95,0.016731925304596572
ga_blx_seed8,ga,8,96,0.016731925304596572
ga_blx_seed8,ga,8,97,0.016731925304596572
ga_blx_seed8,ga,8,98,0.016731925304596572
ga_blx_seed8,ga,8,99,0.016731925304596572
ga_blx_seed8,ga,8,100,0.016731925304596572
ga_blx_seed8,ga,8,101,0.016731925304596572
ga_blx_seed8,ga,8,102,0.016731916747615778
ga_blx_seed8,ga,8,103,0.016731916747615778
ga_blx_seed8,ga,8,104,0.016731916747615778
ga_blx_seed8,ga,8,105,0.016731916747615778
ga_blx_seed8,ga,8,106,0.016731916747615778
ga_blx_seed8,ga,8,107,0.016731916747615778
ga_blx_seed8,ga,8,108,0.016731916747615778
ga_blx_seed8,ga,8,109,0.016731916747615778
ga_blx_seed8,ga,8,110,0.016731916747615778
ga_blx_seed8,ga,8,111,0.016731910152442638
ga_blx_seed8,ga,8,112,0.016731910152442638
ga_blx_seed8,ga,8,113,0.016731910152442638
ga_blx_seed8,ga,8,114,0.016731910152442638
ga_blx_seed8,ga,8,115,0.016731910152442638
ga_blx_seed8,ga,8,116,0.016731910152442638
ga_blx_seed8,ga,8,117,0.016731910152442638
ga_blx_seed8,ga,8,118,0.016731910152442638
ga_blx_seed8,ga,8,119,0.016731910152442638
ga_blx_seed8,ga,8,120,0.016731910152442638
ga_blx_seed8,ga,8,121,0.016731910152442638
ga_blx_seed8,ga,8,122,0.016731910152442638
ga_blx_seed8,ga,8,123,0.016731910152442638
ga_blx_seed8,ga,8,124,0.016731910152442638
ga_blx_seed8,ga,8,125,0.016731910152442638
ga_blx_seed8,ga,8,126,0.016731910152442638
ga_blx_seed8,ga,8,127,0.016731910152442638
ga_blx_seed8,ga,8,128,0.016731910152442638
ga_blx_seed8,ga,8,129,0.016731910152442638
ga_blx_seed8,ga,8,130,0.016731910152442638
ga_blx_seed8,ga,8,131,0.016731910152442638
ga_blx_seed8,ga,8,132,0.016731910152442638
ga_blx_seed8,ga,8,133,0.016731910152442638
ga_blx_seed8,ga,8,134,0.016731910152442638
ga_blx_seed8,ga,8,135,0.016731910152442638
ga_blx_seed8,ga,8,136,0.016731910152442638
ga_blx_seed8,ga,8,137,0.016731910152442638
ga_blx_seed8,ga,8,138,0.016731910152442638
ga_blx_seed8,ga,8,139,0.016731910152442638
ga_blx_seed8,ga,8,140,0.016731910152442638
ga_blx_seed8,ga,8,141,0.016731910152442638
ga_blx_seed8,ga,8,142,0.016731910152442638
ga_blx_seed8,ga,8,143,0.016731910152442638
ga_blx_seed8,ga,8,144,0.016731910152442638
ga_blx_seed8,ga,8,145,0.016731910152442638
ga_blx_seed8,ga,8,146,0.016731910152442638
ga_blx_seed8,ga,8,147,0.016731910152442638
ga_blx_seed8,ga,8,148,0.016731910152442638
ga_blx_seed8,ga,8,149,0.016731910152442638
ga_blx_seed8,ga,8,150,0.016731910152442638
ga_blx_seed8,ga,8,151,0.016731910152442638
ga_blx_seed8,ga,8,152,0.016731910152442638
ga_blx_seed8,ga,8,153,0.016731910152442638
ga_blx_seed8,ga,8,154,0.016731910152442638
ga_blx_seed8,ga,8,155,0.016731910152442638
ga_blx_seed8,ga,8,156,0.016731910152442638
ga_blx_seed8,ga,8,157,0.016731910152442638
ga_blx_seed8,ga,8,158,0.016731910152442638
ga_blx_seed8,ga,8,159,0.016731910152442638
ga_blx_seed8,ga,8,160,0.016731910152442638
ga_blx_seed8,ga,8,161,0.016731910152442638
ga_blx_seed8,ga,8,162,0.016731910152442638
ga_blx_seed8,ga,8,163,0.016731910152442638
ga_blx_seed8,ga,8,164,0.016731909963634918
ga_blx_seed8,ga,8,165,0.016731909963634918
ga_blx_seed8,ga,8,166,0.016731909963634918
ga_blx_seed8,ga,8,167,0.016731909963634918
ga_blx_seed8,ga,8,168,0.016731909963634918
ga_blx_seed8,ga,8,169,0.016731909963634918
ga_blx_seed8,ga,8,170,0.016731909963634918
ga_blx_seed8,ga,8,171,0.016731909963634918
ga_blx_seed8,ga,8,172,0.016731909963634918
ga_blx_seed8,ga,8,173,0.016731909963634918
ga_blx_seed8,ga,8,174,0.016731909963634918
ga_blx_seed8,ga,8,175,0.016731909963634918
ga_blx_seed8,ga,8,176,0.016731909963634918
ga_blx_seed8,ga,8,177,0.016731909963634918
ga_blx_seed8,ga,8,178,0.016731909963634918
ga_blx_seed8,ga,8,179,0.016731909963634918
ga_blx_seed8,ga,8,180,0.016731909963634918
ga_blx_seed8,ga,8,181,0.016731909963634918
ga_blx_seed8,ga,8,182,0.016731909963634918
ga_blx_seed8,ga,8,183,0.016731909963634918
ga_blx_seed8,ga,8,184,0.016731909963634918
ga_blx_seed8,ga,8,185,0.016731909963634918
ga_blx_seed8,ga,8,186,0.016731909963634918
ga_blx_seed8,ga,8,187,0.016731909963634918
ga_blx_seed8,ga,8,188,0.016731909963634918
ga_blx_seed8,ga,8,189,0.016731909963634918
ga_blx_seed8,ga,8,190,0.016731909963634918
ga_blx_seed8,ga,8,191,0.01673190995585579
ga_blx_seed8,ga,8,192,0.01673190995585579
ga_blx_seed8,ga,8,193,0.01673190995585579
ga_blx_seed8,ga,8,194,0.01673190995585579
ga_blx_seed8,ga,8,195,0.016731909813707032
ga_blx_seed8,ga,8,196,0.016731909813707032
ga_blx_seed8,ga,8,197,0.016731909813707032
ga_blx_seed8,ga,8,198,0.016731909813707032
ga_blx_seed8,ga,8,199,0.016731909813707032
ga_blx_seed8,ga,8,200,0.016731909813707032
ga_blx_seed9,ga,9,1,0.0168293207270522
ga_blx_seed9,ga,9,2,0.0168293207270522
ga_blx_seed9,ga,9,3,0.0168293207270522
ga_blx_seed9,ga,9,4,0.0168293207270522
ga_blx_seed9,ga,9,5,0.016736537086713903
ga_blx_seed9,ga,9,6,0.016736537086713903
ga_blx_seed9,ga,9,7,0.016736537086713903
ga_blx_seed9,ga,9,8,0.016736537086713903
ga_blx_seed9,ga,9,9,0.016736537086713903
ga_blx_seed9,ga,9,10,0.016736537086713903
ga_blx_seed9,ga,9,11,0.016736537086713903
ga_blx_seed9,ga,9,12,0.016736537086713903
ga_blx_seed9,ga,9,13,0.016736537086713903
ga_blx_seed9,ga,9,14,0.016735053520028003
ga_blx_seed9,ga,9,15,0.016735053520028003
ga_blx_seed9,ga,9,16,0.016735053520028003
ga_blx_seed9,ga,9,17,0.016735053520028003
ga_blx_seed9,ga,9,18,0.016735053520028003
ga_blx_seed9,ga,9,19,0.016735053520028003
ga_blx_seed9,ga,9,20,0.016735053520028003
ga_blx_seed9,ga,9,21,0.016735053520028003
ga_blx_seed9,ga,9,22,0.016735053520028003
ga_blx_seed9,ga,9,23,0.016735053520028003
ga_blx_seed9,ga,9,24,0.016735053520028003
ga_blx_seed9,ga,9,25,0.016733353659865516
ga_blx_seed9,ga,9,26,0.016733353659865516
ga_blx_seed9,ga,9,27,0.01673237103608521
ga_blx_seed9,ga,9,28,0.01673237103608521
ga_blx_seed9,ga,9,29,0.01673237103608521
ga_blx_seed9,ga,9,30,0.01673237103608521
ga_blx_seed9,ga,9,31,0.01673205025802017
ga_blx_seed9,ga,9,32,0.01673205025802017
ga_blx_seed9,ga,9,33,0.01673205025802017
ga_blx_seed9,ga,9,34,0.01673205025802017
ga_blx_seed9,ga,9,35,0.01673205025802017
ga_blx_seed9,ga,9,36,0.01673205025802017
ga_blx_seed9,ga,9,37,0.01673205025802017
ga_blx_seed9,ga,9,38,0.01673205025802017
ga_blx_seed9,ga,9,39,0.01673199640509833
ga_blx_seed9,ga,9,40,0.01673199640509833
ga_blx_seed9,ga,9,41,0.01673199640509833
ga_blx_seed9,ga,9,42,0.01673199640509833
ga_blx_seed9,ga,9,43,0.01673199640509833
ga_blx_seed9,ga,9,44,0.01673199640509833
ga_blx_seed9,ga,9,45,0.01673199640509833
ga_blx_seed9,ga,9,46,0.01673199640509833
ga_blx_seed9,ga,9,47,0.01673199640509833
ga_blx_seed9,ga,9,48,0.01673199640509833
ga_blx_seed9,ga,9,49,0.01673199640509833
ga_blx_seed9,ga,9,50,0.01673199640509833
ga_blx_seed9,ga,9,51,0.01673199640509833
ga_blx_seed9,ga,9,52,0.01673199640509833
ga_blx_seed9,ga,9,53,0.01673199640509833
ga_blx_seed9,ga,9,54,0.01673199640509833
ga_blx_seed9,ga,9,55,0.01673199640509833
ga_blx_seed9,ga,9,56,0.01673199640509833
ga_blx_seed9,ga,9,57,0.01673199640509833
ga_blx_seed9,ga,9,58,0.016731912471061258
ga_blx_seed9,ga,9,59,0.016731911237642727
ga_blx_seed9,ga,9,60,0.016731911237642727
ga_blx_seed9,ga,9,61,0.016731911237642727
ga_blx_seed9,ga,9,62,0.016731911237642727
ga_blx_seed9,ga,9,63,0.016731911237642727
ga_blx_seed9,ga,9,64,0.016731911237642727
ga_blx_seed9,ga,9,65,0.016731911237642727
ga_blx_seed9,ga,9,66,0.016731911237642727
ga_blx_seed9,ga,9,67,0.016731911237642727
ga_blx_seed9,ga,9,68,0.016731911237642727
ga_blx_seed9,ga,9,69,0.016731911237642727
ga_blx_seed9,ga,9,70,0.016731911237642727
ga_blx_seed9,ga,9,71,0.016731911237642727
ga_blx_seed9,ga,9,72,0.016731911237642727
ga_blx_seed9,ga,9,73,0.016731911237642727
ga_blx_seed9,ga,9,74,0.016731911237642727
ga_blx_seed9,ga,9,75,0.016731911237642727
ga_blx_seed9,ga,9,76,0.016731911237642727
ga_blx_seed9,ga,9,77,0.016731911237642727
ga_blx_seed9,ga,9,78,0.016731911237642727
ga_blx_seed9,ga,9,79,0.016731911237642727
ga_blx_seed9,ga,9,80,0.016731911237642727
ga_blx_seed9,ga,9,81,0.016731911237642727
ga_blx_seed9,ga,9,82,0.016731911237642727
ga_blx_seed9,ga,9,83,0.016731911237642727
ga_blx_seed9,ga,9,84,0.016731911237642727
ga_blx_seed9,ga,9,85,0.016731911237642727
ga_blx_seed9,ga,9,86,0.016731911237642727
ga_blx_seed9,ga,9,87,0.016731911237642727
ga_blx_seed9,ga,9,88,0.016731911237642727
ga_blx_seed9,ga,9,89,0.016731911237642727
ga_blx_seed9,ga,9,90,0.016731911237642727
ga_blx_seed9,ga,9,91,0.016731911237642727
ga_blx_seed9,ga,9,92,0.016731911237642727
ga_blx_seed9,ga,9,93,0.01673191013299033
ga_blx_seed9,ga,9,94,0.01673191013299033
ga_blx_seed9,ga,9,95,0.01673191013299033
ga_blx_seed9,ga,9,96,0.01673191013299033
ga_blx_seed9,ga,9,97,0.01673191013299033
ga_blx_seed9,ga,9,98,0.01673191013299033
ga_blx_seed9,ga,9,99,0.01673191013299033
ga_blx_seed9,ga,9,100,0.01673191013299033
ga_blx_seed9,ga,9,101,0.01673191013299033
ga_blx_seed9,ga,9,102,0.01673191013299033
ga_blx_seed9,ga,9,103,0.01673191013299033
ga_blx_seed9,ga,9,104,0.01673190970272941
ga_blx_seed9,ga,9,105,0.01673190970272941
ga_blx_seed9,ga,9,106,0.01673190970272941
ga_blx_seed9,ga,9,107,0.01673190970272941
ga_blx_seed9,ga,9,108,0.01673190970272941
ga_blx_seed9,ga,9,109,0.01673190970272941
ga_blx_seed9,ga,9,110,0.01673190970272941
ga_blx_seed9,ga,9,111,0.01673190970272941
ga_blx_seed9,ga,9,112,0.01673190970272941
ga_blx_seed9,ga,9,113,0.01673190970272941
ga_blx_seed9,ga,9,114,0.01673190970272941
ga_blx_seed9,ga,9,115,0.01673190970272941
ga_blx_seed9,ga,9,116,0.01673190970272941
ga_blx_seed9,ga,9,117,0.01673190970272941
ga_blx_seed9,ga,9,118,0.01673190970272941
ga_blx_seed9,ga,9,119,0.01673190970272941
ga_blx_seed9,ga,9,120,0.01673190970272941
ga_blx_seed9,ga,9,121,0.01673190970272941
ga_blx_seed9,ga,9,122,0.01673190970272941
ga_blx_seed9,ga,9,123,0.01673190970272941
ga_blx_seed9,ga,9,124,0.01673190970272941
ga_blx_seed9,ga,9,125,0.01673190970272941
ga_blx_seed9,ga,9,126,0.01673190970272941
ga_blx_seed9,ga,9,127,0.01673190970272941
ga_blx_seed9,ga,9,128,0.01673190970272941
ga_blx_seed9,ga,9,129,0.01673190970272941
ga_blx_seed9,ga,9,130,0.01673190970272941
ga_blx_seed9,ga,9,131,0.01673190970272941
ga_blx_seed9,ga,9,132,0.01673190970272941
ga_blx_seed9,ga,9,133,0.01673190970272941
ga_blx_seed9,ga,9,134,0.01673190970272941
ga_blx_seed9,ga,9,135,0.01673190970272941
ga_blx_seed9,ga,9,136,0.01673190970272941
ga_blx_seed9,ga,9,137,0.01673190970272941
ga_blx_seed9,ga,9,138,0.01673190970272941
ga_blx_seed9,ga,9,139,0.01673190970272941
ga_blx_seed9,ga,9,140,0.01673190970272941
ga_blx_seed9,ga,9,141,0.01673190970272941
ga_blx_seed9,ga,9,142,0.01673190970272941
ga_blx_seed9,ga,9,143,0.01673190970272941
ga_blx_seed9,ga,9,144,0.01673190970272941
ga_blx_seed9,ga,9,145,0.01673190970272941
ga_blx_seed9,ga,9,146,0.01673190970272941
ga_blx_seed9,ga,9,147,0.01673190970272941
ga_blx_seed9,ga,9,148,0.01673190970272941
ga_blx_seed9,ga,9,149,0.01673190970272941
ga_blx_seed9,ga,9,150,0.01673190970272941
ga_blx_seed9,ga,9,151,0.01673190970272941
ga_blx_seed9,ga,9,152,0.01673190970272941
ga_blx_seed9,ga,9,153,0.01673190970272941
ga_blx_seed9,ga,9,154,0.01673190970272941
ga_blx_seed9,ga,9,155,0.01673190970272941
ga_blx_seed9,ga,9,156,0.016731909557137492
ga_blx_seed9,ga,9,157,0.016731909557137492
ga_blx_seed9,ga,9,158,0.016731909557137492
ga_blx_seed9,ga,9,159,0.016731909557137492
ga_blx_seed9,ga,9,160,0.016731909557137492
ga_blx_seed9,ga,9,161,0.016731909557137492
ga_blx_seed9,ga,9,162,0.016731909557137492
ga_blx_seed9,ga,9,163,0.016731909557137492
ga_blx_seed9,ga,9,164,0.016731909557137492
ga_blx_seed9,ga,9,165,0.016731909557137492
ga_blx_seed9,ga,9,166,0.016731909557137492
ga_blx_seed9,ga,9,167,0.016731909557137492
ga_blx_seed9,ga,9,168,0.016731909557137492
ga_blx_seed9,ga,9,169,0.016731909557137492
ga_blx_seed9,ga,9,170,0.016731909557137492
ga_blx_seed9,ga,9,171,0.016731909557137492
ga_blx_seed9,ga,9,172,0.016731909557137492
ga_blx_seed9,ga,9,173,0.016731909557137492
ga_blx_seed9,ga,9,174,0.016731909557137492
ga_blx_seed9,ga,9,175,0.016731909557137492
ga_blx_seed9,ga,9,176,0.016731909557137492
ga_blx_seed9,ga,9,177,0.016731909557137492
ga_blx_seed9,ga,9,178,0.016731909557137492
ga_blx_seed9,ga,9,179,0.016731909557137492
ga_blx_seed9,ga,9,180,0.016731909557137492
ga_blx_seed9,ga,9,181,0.016731909557137492
ga_blx_seed9,ga,9,182,0.016731909557137492
ga_blx_seed9,ga,9,183,0.016731909557137492
ga_blx_seed9,ga,9,184,0.016731909557137492
ga_blx_seed9,ga,9,185,0.016731909557137492
ga_blx_seed9,ga,9,186,0.016731909557137492
ga_blx_seed9,ga,9,187,0.016731909557137492
ga_blx_seed9,ga,9,188,0.016731909557137492
ga_blx_seed9,ga,9,189,0.016731909557137492
ga_blx_seed9,ga,9,190,0.016731909557137492
ga_blx_seed9,ga,9,191,0.016731909557137492
ga_blx_seed9,ga,9,192,0.016731909557137492
ga_blx_seed9,ga,9,193,0.016731909557137492
ga_blx_seed9,ga,9,194,0.016731909557137492
ga_blx_seed9,ga,9,195,0.016731909557137492
ga_blx_seed9,ga,9,196,0.016731909557137492
ga_blx_seed9,ga,9,197,0.016731909557137492
ga_blx_seed9,ga,9,198,0.016731909557137492
ga_blx_seed9,ga,9,199,0.016731909327654542
ga_blx_seed9,ga,9,200,0.016731909327654542
ga_blx_seed10,ga,10,1,1826.55322729941
ga_blx_seed10,ga,10,2,1826.55322729941
ga_blx_seed10,ga,10,3,0.016779848951112203
ga_blx_seed10,ga,10,4,0.016779848951112203
ga_blx_seed10,ga,10,5,0.016779848951112203
ga_blx_seed10,ga,10,6,0.016779848951112203
ga_blx_seed10,ga,10,7,0.016779848951112203
ga_blx_seed10,ga,10,8,0.016779848951112203
ga_blx_seed10,ga,10,9,0.016779848951112203
ga_blx_seed10,ga,10,10,0.016779848951112203
ga_blx_seed10,ga,10,11,0.016779848951112203
ga_blx_seed10,ga,10,12,0.016779848951112203
ga_blx_seed10,ga,10,13,0.016779848951112203
ga_blx_seed10,ga,10,14,0.016779848951112203
ga_blx_seed10,ga,10,15,0.016779848951112203
ga_blx_seed10,ga,10,16,0.016779848951112203
ga_blx_seed10,ga,10,17,0.016779848951112203
ga_blx_seed10,ga,10,18,0.016779848951112203
ga_blx_seed10,ga,10,19,0.016779848951112203
ga_blx_seed10,ga,10,20,0.016779848951112203
ga_blx_seed10,ga,10,21,0.016779848951112203
ga_blx_seed10,ga,10,22,0.016779848951112203
ga_blx_seed10,ga,10,23,0.016779848951112203
ga_blx_seed10,ga,10,24,0.016779848951112203
ga_blx_seed10,ga,10,25,0.016779848951112203
ga_blx_seed10,ga,10,26,0.016779848951112203
ga_blx_seed10,ga,10,27,0.016779848951112203
ga_blx_seed10,ga,10,28,0.016779848951112203
ga_blx_seed10,ga,10,29,0.016779848951112203
ga_blx_seed10,ga,10,30,0.016779848951112203
ga_blx_seed10,ga,10,31,0.016779848951112203
ga_blx_seed10,ga,10,32,0.016779848951112203
ga_blx_seed10,ga,10,33,0.016779848951112203
ga_blx_seed10,ga,10,34,0.016779848951112203
ga_blx_seed10,ga,10,35,0.016779848951112203
ga_blx_seed10,ga,10,36,0.016779848951112203
ga_blx_seed10,ga,10,37,0.016779848951112203
ga_blx_seed10,ga,10,38,0.016746290619467606
ga_blx_seed10,ga,10,39,0.016746290619467606
ga_blx_seed10,ga,10,40,0.016746290619467606
ga_blx_seed10,ga,10,41,0.016746290619467606
ga_blx_seed10,ga,10,42,0.016746290619467606
ga_blx_seed10,ga,10,43,0.016746290619467606
ga_blx_seed10,ga,10,44,0.016746290619467606
ga_blx_seed10,ga,10,45,0.016746290619467606
ga_blx_seed10,ga,10,46,0.016741015868842638
ga_blx_seed10,ga,10,47,0.016741015868842638
ga_blx_seed10,ga,10,48,0.016741015868842638
ga_blx_seed10,ga,10,49,0.016741015868842638
ga_blx_seed10,ga,10,50,0.016732070641340364
ga_blx_seed10,ga,10,51,0.016732070641340364
ga_blx_seed10,ga,10,52,0.016732070641340364
ga_blx_seed10,ga,10,53,0.016732070641340364
ga_blx_seed10,ga,10,54,0.016732070641340364
ga_blx_seed10,ga,10,55,0.016732070641340364
ga_blx_seed10,ga,10,56,0.016732070641340364
ga_blx_seed10,ga,10,57,0.016732070641340364
ga_blx_seed10,ga,10,58,0.016732070641340364
ga_blx_seed10,ga,10,59,0.016732070641340364
ga_blx_seed10,ga,10,60,0.016732070641340364
ga_blx_seed10,ga,10,61,0.016732070641340364
ga_blx_seed10,ga,10,62,0.016732070641340364
ga_blx_seed10,ga,10,63,0.016732070641340364
ga_blx_seed10,ga,10,64,0.016732070641340364
ga_blx_seed10,ga,10,65,0.016732070641340364
ga_blx_seed10,ga,10,66,0.016732070641340364
ga_blx_seed10,ga,10,67,0.016732070641340364
ga_blx_seed10,ga,10,68,0.01673197017482319
ga_blx_seed10,ga,10,69,0.01673197017482319
ga_blx_seed10,ga,10,70,0.01673197017482319
ga_blx_seed10,ga,10,71,0.01673197017482319
ga_blx_seed10,ga,10,72,0.01673197017482319
ga_blx_seed10,ga,10,73,0.01673197017482319
ga_blx_seed10,ga,10,74,0.01673197017482319
ga_blx_seed10,ga,10,75,0.01673197017482319
ga_blx_seed10,ga,10,76,0.01673197017482319
ga_blx_seed10,ga,10,77,0.01673197017482319
ga_blx_seed10,ga,10,78,0.01673197017482319
ga_blx_seed10,ga,10,79,0.01673197017482319
ga_blx_seed10,ga,10,80,0.01673197017482319
ga_blx_seed10,ga,10,81,0.01673197017482319
ga_blx_seed10,ga,10,82,0.01673197017482319
ga_blx_seed10,ga,10,83,0.016731916992371473
ga_blx_seed10,ga,10,84,0.016731916992371473
ga_blx_seed10,ga,10,85,0.016731916992371473
ga_blx_seed10,ga,10,86,0.016731916992371473
ga_blx_seed10,ga,10,87,0.016731916992371473
ga_blx_seed10,ga,10,88,0.016731916992371473
ga_blx_seed10,ga,10,89,0.016731916992371473
ga_blx_seed10,ga,10,90,0.016731916992371473
ga_blx_seed10,ga,10,91,0.016731916992371473
ga_blx_seed10,ga,10,92,0.016731916992371473
ga_blx_seed10,ga,10,93,0.016731916992371473
ga_blx_seed10,ga,10,94,0.016731916992371473
ga_blx_seed10,ga,10,95,0.01673191576406455
ga_blx_seed10,ga,10,96,0.01673191576406455
ga_blx_seed10,ga,10,97,0.01673191576406455
ga_blx_seed10,ga,10,98,0.01673191576406455
ga_blx_seed10,ga,10,99,0.01673191576406455
ga_blx_seed10,ga,10,100,0.01673191576406455
ga_blx_seed10,ga,10,101,0.01673191576406455
ga_blx_seed10,ga,10,102,0.01673191576406455
ga_blx_seed10,ga,10,103,0.01673191576406455
ga_blx_seed10,ga,10,104,0.01673191576406455
ga_blx_seed10,ga,10,105,0.01673191576406455
ga_blx_seed10,ga,10,106,0.01673191576406455
ga_blx_seed10,ga,10,107,0.01673191576406455
ga_blx_seed10,ga,10,108,0.01673191576406455
ga_blx_seed10,ga,10,109,0.01673191576406455
ga_blx_seed10,ga,10,110,0.01673191576406455
ga_blx_seed10,ga,10,111,0.01673191576406455
ga_blx_seed10,ga,10,112,0.01673191576406455
ga_blx_seed10,ga,10,113,0.01673191576406455
ga_blx_seed10,ga,10,114,0.01673191576406455
ga_blx_seed10,ga,10,115,0.01673191576406455
ga_blx_seed10,ga,10,116,0.01673191576406455
ga_blx_seed10,ga,10,117,0.01673191576406455
ga_blx_seed10,ga,10,118,0.01673191576406455
ga_blx_seed10,ga,10,119,0.01673191576406455
ga_blx_seed10,ga,10,120,0.0167319153215274
ga_blx_seed10,ga,10,121,0.0167319153215274
ga_blx_seed10,ga,10,122,0.0167319153215274
ga_blx_seed10,ga,10,123,0.0167319153215274
ga_blx_seed10,ga,10,124,0.0167319131171376
ga_blx_seed10,ga,10,125,0.0167319131171376
ga_blx_seed10,ga,10,126,0.0167319131171376
ga_blx_seed10,ga,10,127,0.0167319131171376
ga_blx_seed10,ga,10,128,0.0167319131171376
ga_blx_seed10,ga,10,129,0.0167319131171376
ga_blx_seed10,ga,10,130,0.0167319131171376
ga_blx_seed10,ga,10,131,0.0167319131171376
ga_blx_seed10,ga,10,132,0.0167319131171376
ga_blx_seed10,ga,10,133,0.0167319131171376
ga_blx_seed10,ga,10,134,0.0167319131171376
ga_blx_seed10,ga,10,135,0.0167319131171376
ga_blx_seed10,ga,10,136,0.0167319131171376
ga_blx_seed10,ga,10,137,0.0167319131171376
ga_blx_seed10,ga,10,138,0.0167319131171376
ga_blx_seed10,ga,10,139,0.0167319131171376
ga_blx_seed10,ga,10,140,0.0167319131171376
ga_blx_seed10,ga,10,141,0.0167319131171376
ga_blx_seed10,ga,10,142,0.0167319131171376
ga_blx_seed10,ga,10,143,0.0167319131171376
ga_blx_seed10,ga,10,144,0.0167319131171376
ga_blx_seed10,ga,10,145,0.0167319131171376
ga_blx_seed10,ga,10,146,0.0167319131171376
ga_blx_seed10,ga,10,147,0.0167319131171376
ga_blx_seed10,ga,10,148,0.016731912549317576
ga_blx_seed10,ga,10,149,0.016731912549317576
ga_blx_seed10,ga,10,150,0.016731912549317576
ga_blx_seed10,ga,10,151,0.016731912549317576
ga_blx_seed10,ga,10,152,0.016731912549317576
ga_blx_seed10,ga,10,153,0.016731912549317576
ga_blx_seed10,ga,10,154,0.016731912549317576
ga_blx_seed10,ga,10,155,0.016731912549317576
ga_blx_seed10,ga,10,156,0.016731912549317576
ga_blx_seed10,ga,10,157,0.016731912549317576
ga_blx_seed10,ga,10,158,0.016731912549317576
ga_blx_seed10,ga,10,159,0.016731912549317576
ga_blx_seed10,ga,10,160,0.016731912549317576
ga_blx_seed10,ga,10,161,0.016731912549317576
ga_blx_seed10,ga,10,162,0.016731912549317576
ga_blx_seed10,ga,10,163,0.016731912549317576
ga_blx_seed10,ga,10,164,0.016731912549317576
ga_blx_seed10,ga,10,165,0.016731912549317576
ga_blx_seed10,ga,10,166,0.016731912549317576
ga_blx_seed10,ga,10,167,0.016731912549317576
ga_blx_seed10,ga,10,168,0.016731912549317576
ga_blx_seed10,ga,10,169,0.01673191005552881
ga_blx_seed10,ga,10,170,0.01673191005552881
ga_blx_seed10,ga,10,171,0.01673191005552881
ga_blx_seed10,ga,10,172,0.01673191005552881
ga_blx_seed10,ga,10,173,0.01673191005552881
ga_blx_seed10,ga,10,174,0.01673191005552881
ga_blx_seed10,ga,10,175,0.01673191005552881
ga_blx_seed10,ga,10,176,0.01673191005552881
ga_blx_seed10,ga,10,177,0.01673191005552881
ga_blx_seed10,ga,10,178,0.01673191005552881
ga_blx_seed10,ga,10,179,0.01673191005552881
ga_blx_seed10,ga,10,180,0.01673191005552881
ga_blx_seed10,ga,10,181,0.01673191005552881
ga_blx_seed10,ga,10,182,0.01673191005552881
ga_blx_seed10,ga,10,183,0.01673191005552881
ga_blx_seed10,ga,10,184,0.01673191005552881
ga_blx_seed10,ga,10,185,0.01673191005552881
ga_blx_seed10,ga,10,186,0.01673191005552881
ga_blx_seed10,ga,10,187,0.01673191005552881
ga_blx_seed10,ga,10,188,0.01673191005552881
ga_blx_seed10,ga,10,189,0.01673191005552881
ga_blx_seed10,ga,10,190,0.01673191005552881
ga_blx_seed10,ga,10,191,0.01673191005552881
ga_blx_seed10,ga,10,192,0.01673191005552881
ga_blx_seed10,ga,10,193,0.01673191005552881
ga_blx_seed10,ga,10,194,0.01673191005552881
ga_blx_seed10,ga,10,195,0.01673191005552881
ga_blx_seed10,ga,10,196,0.01673191005552881
ga_blx_seed10,ga,10,197,0.01673191005552881
ga_blx_seed10,ga,10,198,0.01673191005552881
ga_blx_seed10,ga,10,199,0.01673191005552881
ga_blx_seed10,ga,10,200,0.01673191005552881
de_seed1,de,1,1,9354.373315548184
de_seed1,de,1,2,0.03165146581718769
de_seed1,de,1,3,0.03165146581718769
de_seed1,de,1,4,0.03165146581718769
de_seed1,de,1,5,0.03165146581718769
de_seed1,de,1,6,0.03165146581718769
de_seed1,de,1,7,0.03165146581718769
de_seed1,de,1,8,0.03165146581718769
de_seed1,de,1,9,0.03165146581718769
de_seed1,de,1,10,0.03165146581718769
de_seed1,de,1,11,0.03165146581718769
de_seed1,de,1,12,0.03165146581718769
de_seed1,de,1,13,0.03165146581718769
de_seed1,de,1,14,0.03165146581718769
de_seed1,de,1,15,0.03165146581718769
de_seed1,de,1,16,0.03165146581718769
de_seed1,de,1,17,0.018663987291015125
de_seed1,de,1,18,0.018663987291015125
de_seed1,de,1,19,0.018663987291015125
de_seed1,de,1,20,0.016827097118572085
de_seed1,de,1,21,0.016827097118572085
de_seed1,de,1,22,0.016827097118572085
de_seed1,de,1,23,0.016827097118572085
de_seed1,de,1,24,0.016827097118572085
de_seed1,de,1,25,0.016827097118572085
de_seed1,de,1,26,0.016827097118572085
de_seed1,de,1,27,0.016827097118572085
de_seed1,de,1,28,0.016827097118572085
de_seed1,de,1,29,0.016827097118572085
de_seed1,de,1,30,0.016827097118572085
de_seed1,de,1,31,0.016827097118572085
de_seed1,de,1,32,0.016827097118572085
de_seed1,de,1,33,0.016827097118572085
de_seed1,de,1,34,0.016827097118572085
de_seed1,de,1,35,0.016827097118572085
de_seed1,de,1,36,0.016827097118572085
de_seed1,de,1,37,0.016827097118572085
de_seed1,de,1,38,0.016827097118572085
de_seed1,de,1,39,0.016827097118572085
de_seed1,de,1,40,0.016827097118572085
de_seed1,de,1,41,0.016827097118572085
de_seed1,de,1,42,0.016827097118572085
de_seed1,de,1,43,0.016827097118572085
de_seed1,de,1,44,0.016827097118572085
de_seed1,de,1,45,0.016827097118572085
de_seed1,de,1,46,0.016827097118572085
de_seed1,de,1,47,0.016827097118572085
de_seed1,de,1,48,0.016827097118572085
de_seed1,de,1,49,0.016827097118572085
de_seed1,de,1,50,0.016827097118572085
de_seed1,de,1,51,0.01677158408240069
de_seed1,de,1,52,0.01677158408240069
de_seed1,de,1,53,0.01677158408240069
de_seed1,de,1,54,0.01677158408240069
de_seed1,de,1,55,0.01677158408240069
de_seed1,de,1,56,0.01677158408240069
de_seed1,de,1,57,0.01677158408240069
de_seed1,de,1,58,0.01677158408240069
de_seed1,de,1,59,0.01677158408240069
de_seed1,de,1,60,0.01677158408240069
de_seed1,de,1,61,0.01677158408240069
de_seed1,de,1,62,0.01677158408240069
de_seed1,de,1,63,0.01677158408240069
de_seed1,de,1,64,0.01677158408240069
de_seed1,de,1,65,0.01677158408240069
de_seed1,de,1,66,0.01677158408240069
de_seed1,de,1,67,0.01677158408240069
de_seed1,de,1,68,0.01677158408240069
de_seed1,de,1,69,0.01677158408240069
de_seed1,de,1,70,0.01677158408240069
de_seed1,de,1,71,0.01677158408240069
de_seed1,de,1,72,0.01677158408240069
de_seed1,de,1,73,0.01677158408240069
de_seed1,de,1,74,0.01677158408240069
de_seed1,de,1,75,0.01677158408240069
de_seed1,de,1,76,0.01677158408240069
de_seed1,de,1,77,0.01677158408240069
de_seed1,de,1,78,0.01677158408240069
de_seed1,de,1,79,0.01677158408240069
de_seed1,de,1,80,0.01677158408240069
de_seed1,de,1,81,0.01677158408240069
de_seed1,de,1,82,0.01677158408240069
de_seed1,de,1,83,0.01677158408240069
de_seed1,de,1,84,0.01677158408240069
de_seed1,de,1,85,0.01677158408240069
de_seed1,de,1,86,0.01677158408240069
de_seed1,de,1,87,0.01677158408240069
de_seed1,de,1,88,0.01677158408240069
de_seed1,de,1,89,0.01677158408240069
de_seed1,de,1,90,0.01677158408240069
de_seed1,de,1,91,0.01677158408240069
de_seed1,de,1,92,0.01677158408240069
de_seed1,de,1,93,0.01677158408240069
de_seed1,de,1,94,0.01677158408240069
de_seed1,de,1,95,0.01677158408240069
de_seed1,de,1,96,0.01677158408240069
de_seed1,de,1,97,0.01677158408240069
de_seed1,de,1,98,0.01677158408240069
de_seed1,de,1,99,0.01677158408240069
de_seed1,de,1,100,0.01677158408240069
de_seed1,de,1,101,0.01677158408240069
de_seed1,de,1,102,0.01677158408240069
de_seed1,de,1,103,0.01677158408240069
de_seed1,de,1,104,0.01677158408240069
de_seed1,de,1,105,0.01677158408240069
de_seed1,de,1,106,0.016732068300776903
de_seed1,de,1,107,0.016732068300776903
de_seed1,de,1,108,0.016732068300776903
de_seed1,de,1,109,0.016732068300776903
de_seed1,de,1,110,0.016732068300776903
de_seed1,de,1,111,0.016732068300776903
de_seed1,de,1,112,0.016732068300776903
de_seed1,de,1,113,0.016732068300776903
de_seed1,de,1,114,0.016732068300776903
de_seed1,de,1,115,0.016732068300776903
de_seed1,de,1,116,0.016732068300776903
de_seed1,de,1,117,0.016732068300776903
de_seed1,de,1,118,0.016732068300776903
de_seed1,de,1,119,0.016732068300776903
de_seed1,de,1,120,0.016732068300776903
de_seed1,de,1,121,0.016732068300776903
de_seed1,de,1,122,0.016732068300776903
de_seed1,de,1,123,0.016732068300776903
de_seed1,de,1,124,0.016732068300776903
de_seed1,de,1,125,0.016732068300776903
de_seed1,de,1,126,0.016732068300776903
de_seed1,de,1,127,0.016732068300776903
de_seed1,de,1,128,0.016732068300776903
de_seed1,de,1,129,0.016732068300776903
de_seed1,de,1,130,0.016732068300776903
de_seed1,de,1,131,0.016732068300776903
de_seed1,de,1,132,0.016732068300776903
de_seed1,de,1,133,0.016732068300776903
de_seed1,de,1,134,0.016732068300776903
de_seed1,de,1,135,0.016732068300776903
de_seed1,de,1,136,0.016732068300776903
de_seed1,de,1,137,0.016732068300776903
de_seed1,de,1,138,0.016732068300776903
de_seed1,de,1,139,0.016732068300776903
de_seed1,de,1,140,0.016732068300776903
de_seed1,de,1,141,0.016732068300776903
de_seed1,de,1,142,0.016732068300776903
de_seed1,de,1,143,0.016732068300776903
de_seed1,de,1,144,0.016732068300776903
de_seed1,de,1,145,0.016732068300776903
de_seed1,de,1,146,0.016732068300776903
de_seed1,de,1,147,0.016732068300776903
de_seed1,de,1,148,0.016732068300776903
de_seed1,de,1,149,0.016732068300776903
de_seed1,de,1,150,0.016732068300776903
de_seed1,de,1,151,0.016732068300776903
de_seed1,de,1,152,0.016732068300776903
de_seed1,de,1,153,0.016732068300776903
de_seed1,de,1,154,0.016732068300776903
de_seed1,de,1,155,0.016732068300776903
de_seed1,de,1,156,0.016732052639113267
de_seed1,de,1,157,0.016732052639113267
de_seed1,de,1,158,0.016732052639113267
de_seed1,de,1,159,0.016732052639113267
de_seed1,de,1,160,0.016732052639113267
de_seed1,de,1,161,0.016732052639113267
de_seed1,de,1,162,0.016732052639113267
de_seed1,de,1,163,0.016732052639113267
de_seed1,de,1,164,0.016732052639113267
de_seed1,de,1,165,0.016732052639113267
de_seed1,de,1,166,0.016732052639113267
de_seed1,de,1,167,0.016732052639113267
de_seed1,de,1,168,0.016732052639113267
de_seed1,de,1,169,0.016732052639113267
de_seed1,de,1,170,0.01673191253049942
de_seed1,de,1,171,0.01673191253049942
de_seed1,de,1,172,0.01673191253049942
de_seed1,de,1,173,0.01673191253049942
de_seed1,de,1,174,0.01673191253049942
de_seed1,de,1,175,0.01673191253049942
de_seed1,de,1,176,0.01673191253049942
de_seed1,de,1,177,0.01673191253049942
de_seed1,de,1,178,0.01673191253049942
de_seed1,de,1,179,0.01673191253049942
de_seed1,de,1,180,0.01673191253049942
de_seed1,de,1,181,0.01673191253049942
de_seed1,de,1,182,0.01673191253049942
de_seed1,de,1,183,0.01673191253049942
de_seed1,de,1,184,0.01673191253049942
de_seed1,de,1,185,0.01673191253049942
de_seed1,de,1,186,0.01673191253049942
de_seed1,de,1,187,0.01673191253049942
de_seed1,de,1,188,0.01673191253049942
de_seed1,de,1,189,0.01673191253049942
de_seed1,de,1,190,0.01673191253049942
de_seed1,de,1,191,0.01673191253049942
de_seed1,de,1,192,0.01673191253049942
de_seed1,de,1,193,0.01673191253049942
de_seed1,de,1,194,0.01673191253049942
de_seed1,de,1,195,0.01673191253049942
de_seed1,de,1,196,0.01673191253049942
de_seed1,de,1,197,0.01673191253049942
de_seed1,de,1,198,0.01673191253049942
de_seed1,de,1,199,0.01673191253049942
de_seed1,de,1,200,0.01673191253049942
de_seed2,de,2,1,9499.291436730055
de_seed2,de,2,2,5208.29388603086
de_seed2,de,2,3,5208.29388603086
de_seed2,de,2,4,0.018201216657368926
de_seed2,de,2,5,0.018201216657368926
de_seed2,de,2,6,0.018201216657368926
de_seed2,de,2,7,0.018201216657368926
de_seed2,de,2,8,0.018201216657368926
de_seed2,de,2,9,0.018201216657368926
de_seed2,de,2,10,0.018201216657368926
de_seed2,de,2,11,0.016735945379076803
de_seed2,de,2,12,0.016735945379076803
de_seed2,de,2,13,0.016732160337680022
de_seed2,de,2,14,0.016732160337680022
de_seed2,de,2,15,0.016732160337680022
de_seed2,de,2,16,0.016732160337680022
de_seed2,de,2,17,0.016732160337680022
de_seed2,de,2,18,0.016732160337680022
de_seed2,de,2,19,0.016732160337680022
de_seed2,de,2,20,0.016732160337680022
de_seed2,de,2,21,0.016732160337680022
de_seed2,de,2,22,0.016732160337680022
de_seed2,de,2,23,0.01673191016458698
de_seed2,de,2,24,0.01673191016458698
de_seed2,de,2,25,0.01673191016458698
de_seed2,de,2,26,0.01673191016458698
de_seed2,de,2,27,0.01673191016458698
de_seed2,de,2,28,0.01673191016458698
de_seed2,de,2,29,0.01673191016458698
de_seed2,de,2,30,0.01673191016458698
de_seed2,de,2,31,0.01673191016458698
de_seed2,de,2,32,0.01673191016458698
de_seed2,de,2,33,0.01673191016458698
de_seed2,de,2,34,0.01673191016458698
de_seed2,de,2,35,0.01673191016458698
de_seed2,de,2,36,0.01673191016458698
de_seed2,de,2,37,0.01673191016458698
de_seed2,de,2,38,0.01673191016458698
de_seed2,de,2,39,0.01673191016458698
de_seed2,de,2,40,0.01673191016458698
de_seed2,de,2,41,0.01673191016458698
de_seed2,de,2,42,0.01673191016458698
de_seed2,de,2,43,0.01673191016458698
de_seed2,de,2,44,0.01673191016458698
de_seed2,de,2,45,0.01673191016458698
de_seed2,de,2,46,0.01673191016458698
de_seed2,de,2,47,0.01673191016458698
de_seed2,de,2,48,0.01673191016458698
de_seed2,de,2,49,0.01673191016458698
de_seed2,de,2,50,0.01673191016458698
de_seed2,de,2,51,0.01673191016458698
de_seed2,de,2,52,0.01673191016458698
de_seed2,de,2,53,0.01673191016458698
de_seed2,de,2,54,0.01673191016458698
de_seed2,de,2,55,0.01673191016458698
de_seed2,de,2,56,0.01673191016458698
de_seed2,de,2,57,0.01673191016458698
de_seed2,de,2,58,0.01673191016458698
de_seed2,de,2,59,0.01673191016458698
de_seed2,de,2,60,0.01673191016458698
de_seed2,de,2,61,0.01673191016458698
de_seed2,de,2,62,0.01673191016458698
de_seed2,de,2,63,0.01673191016458698
de_seed2,de,2,64,0.01673191016458698
de_seed2,de,2,65,0.01673191016458698
de_seed2,de,2,66,0.01673191016458698
de_seed2,de,2,67,0.01673191016458698
de_seed2,de,2,68,0.01673191016458698
de_seed2,de,2,69,0.01673191016458698
de_seed2,de,2,70,0.01673191016458698
de_seed2,de,2,71,0.01673191016458698
de_seed2,de,2,72,0.01673191016458698
de_seed2,de,2,73,0.01673191016458698
de_seed2,de,2,74,0.01673191016458698
de_seed2,de,2,75,0.01673191016458698
de_seed2,de,2,76,0.01673191016458698
de_seed2,de,2,77,0.01673191016458698
de_seed2,de,2,78,0.01673191016458698
de_seed2,de,2,79,0.01673191016458698
de_seed2,de,2,80,0.01673191016458698
de_seed2,de,2,81,0.01673191016458698
de_seed2,de,2,82,0.01673191016458698
de_seed2,de,2,83,0.01673191016458698
de_seed2,de,2,84,0.01673191016458698
de_seed2,de,2,85,0.01673191016458698
de_seed2,de,2,86,0.01673191016458698
de_seed2,de,2,87,0.01673191016458698
de_seed2,de,2,88,0.01673191016458698
de_seed2,de,2,89,0.01673191016458698
de_seed2,de,2,90,0.01673191016458698
de_seed2,de,2,91,0.01673191016458698
de_seed2,de,2,92,0.01673191016458698
de_seed2,de,2,93,0.01673191016458698
de_seed2,de,2,94,0.01673191016458698
de_seed2,de,2,95,0.01673191016458698
de_seed2,de,2,96,0.01673191016458698
de_seed2,de,2,97,0.01673191016458698
de_seed2,de,2,98,0.01673191016458698
de_seed2,de,2,99,0.01673191016458698
de_seed2,de,2,100,0.01673191016458698
de_seed2,de,2,101,0.01673191016458698
de_seed2,de,2,102,0.01673191016458698
de_seed2,de,2,103,0.01673191016458698
de_seed2,de,2,104,0.01673191016458698
de_seed2,de,2,105,0.01673191016458698
de_seed2,de,2,106,0.01673191016458698
de_seed2,de,2,107,0.01673191016458698
de_seed2,de,2,108,0.01673191016458698
de_seed2,de,2,109,0.01673191016458698
de_seed2,de,2,110,0.01673191016458698
de_seed2,de,2,111,0.01673191016458698
de_seed2,de,2,112,0.01673191016458698
de_seed2,de,2,113,0.01673191016458698
de_seed2,de,2,114,0.01673191016458698
de_seed2,de,2,115,0.01673191016458698
de_seed2,de,2,116,0.01673191016458698
de_seed2,de,2,117,0.01673191016458698
de_seed2,de,2,118,0.01673191016458698
de_seed2,de,2,119,0.01673191016458698
de_seed2,de,2,120,0.01673191016458698
de_seed2,de,2,121,0.01673191016458698
de_seed2,de,2,122,0.01673191016458698
de_seed2,de,2,123,0.01673191016458698
de_seed2,de,2,124,0.01673191016458698
de_seed2,de,2,125,0.01673191016458698
de_seed2,de,2,126,0.01673191016458698
de_seed2,de,2,127,0.01673191016458698
de_seed2,de,2,128,0.01673191016458698
de_seed2,de,2,129,0.01673191016458698
de_seed2,de,2,130,0.01673191016458698
de_seed2,de,2,131,0.01673191016458698
de_seed2,de,2,132,0.01673191016458698
de_seed2,de,2,133,0.01673191016458698
de_seed2,de,2,134,0.01673191016458698
de_seed2,de,2,135,0.01673191016458698
de_seed2,de,2,136,0.01673191016458698
de_seed2,de,2,137,0.01673191016458698
de_seed2,de,2,138,0.01673191016458698
de_seed2,de,2,139,0.01673191016458698
de_seed2,de,2,140,0.01673191016458698
de_seed2,de,2,141,0.01673191016458698
de_seed2,de,2,142,0.01673191016458698
de_seed2,de,2,143,0.01673191016458698
de_seed2,de,2,144,0.01673191016458698
de_seed2,de,2,145,0.01673191016458698
de_seed2,de,2,146,0.01673191016458698
de_seed2,de,2,147,0.01673191016458698
de_seed2,de,2,148,0.01673191016458698
de_seed2,de,2,149,0.01673191016458698
de_seed2,de,2,150,0.01673191016458698
de_seed2,de,2,151,0.01673191016458698
de_seed2,de,2,152,0.01673191016458698
de_seed2,de,2,153,0.01673191016458698
de_seed2,de,2,154,0.01673191016458698
de_seed2,de,2,155,0.01673191016458698
de_seed2,de,2,156,0.01673191016458698
de_seed2,de,2,157,0.01673191016458698
de_seed2,de,2,158,0.01673191016458698
de_seed2,de,2,159,0.01673190992637107
de_seed2,de,2,160,0.01673190992637107
de_seed2,de,2,161,0.01673190992637107
de_seed2,de,2,162,0.01673190992637107
de_seed2,de,2,163,0.01673190992637107
de_seed2,de,2,164,0.01673190992637107
de_seed2,de,2,165,0.01673190992637107
de_seed2,de,2,166,0.01673190992637107
de_seed2,de,2,167,0.01673190992637107
de_seed2,de,2,168,0.01673190992637107
de_seed2,de,2,169,0.01673190992637107
de_seed2,de,2,170,0.01673190992637107
de_seed2,de,2,171,0.01673190992637107
de_seed2,de,2,172,0.01673190992637107
de_seed2,de,2,173,0.01673190992637107
de_seed2,de,2,174,0.01673190992637107
de_seed2,de,2,175,0.01673190992637107
de_seed2,de,2,176,0.01673190992637107
de_seed2,de,2,177,0.01673190992637107
de_seed2,de,2,178,0.01673190992637107
de_seed2,de,2,179,0.01673190992637107
de_seed2,de,2,180,0.01673190992637107
de_seed2,de,2,181,0.01673190992637107
de_seed2,de,2,182,0.01673190992637107
de_seed2,de,2,183,0.01673190992637107
de_seed2,de,2,184,0.01673190992637107
de_seed2,de,2,185,0.01673190992637107
de_seed2,de,2,186,0.01673190992637107
de_seed2,de,2,187,0.01673190992637107
de_seed2,de,2,188,0.01673190992637107
de_seed2,de,2,189,0.01673190992637107
de_seed2,de,2,190,0.01673190992637107
de_seed2,de,2,191,0.01673190992637107
de_seed2,de,2,192,0.01673190992637107
de_seed2,de,2,193,0.01673190992637107
de_seed2,de,2,194,0.01673190992637107
de_seed2,de,2,195,0.01673190992637107
de_seed2,de,2,196,0.01673190992637107
de_seed2,de,2,197,0.01673190992637107
de_seed2,de,2,198,0.01673190992637107
de_seed2,de,2,199,0.01673190992637107
de_seed2,de,2,200,0.01673190992637107
de_seed3,de,3,1,0.040459381009507404
de_seed3,de,3,2,0.017020352531143784
de_seed3,de,3,3,0.017020352531143784
de_seed3,de,3,4,0.017020352531143784
de_seed3,de,3,5,0.017020352531143784
de_seed3,de,3,6,0.017020352531143784
de_seed3,de,3,7,0.017020352531143784
de_seed3,de,3,8,0.017020352531143784
de_seed3,de,3,9,0.016751002544838176
de_seed3,de,3,10,0.016751002544838176
de_seed3,de,3,11,0.016751002544838176
de_seed3,de,3,12,0.016751002544838176
de_seed3,de,3,13,0.016751002544838176
de_seed3,de,3,14,0.016751002544838176
de_seed3,de,3,15,0.016751002544838176
de_seed3,de,3,16,0.016751002544838176
de_seed3,de,3,17,0.016751002544838176
de_seed3,de,3,18,0.016751002544838176
de_seed3,de,3,19,0.016751002544838176
de_seed3,de,3,20,0.016751002544838176
de_seed3,de,3,21,0.016751002544838176
de_seed3,de,3,22,0.016751002544838176
de_seed3,de,3,23,0.016751002544838176
de_seed3,de,3,24,0.016751002544838176
de_seed3,de,3,25,0.016751002544838176
de_seed3,de,3,26,0.016751002544838176
de_seed3,de,3,27,0.016751002544838176
de_seed3,de,3,28,0.016751002544838176
de_seed3,de,3,29,0.016751002544838176
de_seed3,de,3,30,0.016751002544838176
de_seed3,de,3,31,0.016751002544838176
de_seed3,de,3,32,0.016751002544838176
de_seed3,de,3,33,0.016751002544838176
de_seed3,de,3,34,0.016751002544838176
de_seed3,de,3,35,0.016751002544838176
de_seed3,de,3,36,0.016751002544838176
de_seed3,de,3,37,0.016751002544838176
de_seed3,de,3,38,0.016751002544838176
de_seed3,de,3,39,0.016751002544838176
de_seed3,de,3,40,0.016751002544838176
de_seed3,de,3,41,0.016751002544838176
de_seed3,de,3,42,0.016751002544838176
de_seed3,de,3,43,0.016751002544838176
de_seed3,de,3,44,0.016751002544838176
de_seed3,de,3,45,0.016751002544838176
de_seed3,de,3,46,0.016751002544838176
de_seed3,de,3,47,0.016751002544838176
de_seed3,de,3,48,0.016751002544838176
de_seed3,de,3,49,0.016751002544838176
de_seed3,de,3,50,0.016751002544838176
de_seed3,de,3,51,0.016751002544838176
de_seed3,de,3,52,0.016751002544838176
de_seed3,de,3,53,0.016751002544838176
de_seed3,de,3,54,0.016751002544838176
de_seed3,de,3,55,0.016751002544838176
de_seed3,de,3,56,0.016751002544838176
de_seed3,de,3,57,0.016751002544838176
de_seed3,de,3,58,0.016751002544838176
de_seed3,de,3,59,0.016751002544838176
de_seed3,de,3,60,0.016751002544838176
de_seed3,de,3,61,0.016751002544838176
de_seed3,de,3,62,0.016751002544838176
de_seed3,de,3,63,0.016751002544838176
de_seed3,de,3,64,0.016751002544838176
de_seed3,de,3,65,0.016751002544838176
de_seed3,de,3,66,0.016751002544838176
de_seed3,de,3,67,0.016751002544838176
de_seed3,de,3,68,0.016751002544838176
de_seed3,de,3,69,0.016751002544838176
de_seed3,de,3,70,0.016751002544838176
de_seed3,de,3,71,0.016751002544838176
de_seed3,de,3,72,0.016751002544838176
de_seed3,de,3,73,0.016751002544838176
de_seed3,de,3,74,0.016751002544838176
de_seed3,de,3,75,0.016751002544838176
de_seed3,de,3,76,0.016751002544838176
de_seed3,de,3,77,0.016751002544838176
de_seed3,de,3,78,0.016751002544838176
de_seed3,de,3,79,0.016751002544838176
de_seed3,de,3,80,0.016751002544838176
de_seed3,de,3,81,0.016751002544838176
de_seed3,de,3,82,0.016751002544838176
de_seed3,de,3,83,0.016751002544838176
de_seed3,de,3,84,0.016751002544838176
de_seed3,de,3,85,0.016751002544838176
de_seed3,de,3,86,0.016751002544838176
de_seed3,de,3,87,0.016751002544838176
de_seed3,de,3,88,0.016751002544838176
de_seed3,de,3,89,0.016751002544838176
de_seed3,de,3,90,0.016751002544838176
de_seed3,de,3,91,0.016751002544838176
de_seed3,de,3,92,0.016751002544838176
de_seed3,de,3,93,0.016751002544838176
de_seed3,de,3,94,0.016751002544838176
de_seed3,de,3,95,0.016751002544838176
de_seed3,de,3,96,0.016751002544838176
de_seed3,de,3,97,0.016751002544838176
de_seed3,de,3,98,0.016751002544838176
de_seed3,de,3,99,0.016751002544838176
de_seed3,de,3,100,0.016751002544838176
de_seed3,de,3,101,0.016751002544838176
de_seed3,de,3,102,0.016751002544838176
de_seed3,de,3,103,0.016751002544838176
de_seed3,de,3,104,0.01674428644886641
de_seed3,de,3,105,0.01674428644886641
de_seed3,de,3,106,0.01674428644886641
de_seed3,de,3,107,0.01674428644886641
de_seed3,de,3,108,0.01674428644886641
de_seed3,de,3,109,0.01674428644886641
de_seed3,de,3,110,0.01674428644886641
de_seed3,de,3,111,0.01674428644886641
de_seed3,de,3,112,0.01674428644886641
de_seed3,de,3,113,0.01674428644886641
de_seed3,de,3,114,0.01674428644886641
de_seed3,de,3,115,0.01674428644886641
de_seed3,de,3,116,0.01674428644886641
de_seed3,de,3,117,0.01674428644886641
de_seed3,de,3,118,0.01674428644886641
de_seed3,de,3,119,0.01674428644886641
de_seed3,de,3,120,0.01674428644886641
de_seed3,de,3,121,0.01674428644886641
de_seed3,de,3,122,0.01673279756555937
de_seed3,de,3,123,0.01673279756555937
de_seed3,de,3,124,0.01673279756555937
de_seed3,de,3,125,0.01673279756555937
de_seed3,de,3,126,0.01673279756555937
de_seed3,de,3,127,0.01673279756555937
de_seed3,de,3,128,0.01673279756555937
de_seed3,de,3,129,0.01673279756555937
de_seed3,de,3,130,0.01673279756555937
de_seed3,de,3,131,0.01673279756555937
de_seed3,de,3,132,0.01673279756555937
de_seed3,de,3,133,0.01673279756555937
de_seed3,de,3,134,0.01673279756555937
de_seed3,de,3,135,0.01673279756555937
de_seed3,de,3,136,0.01673279756555937
de_seed3,de,3,137,0.01673279756555937
de_seed3,de,3,138,0.01673279756555937
de_seed3,de,3,139,0.01673279756555937
de_seed3,de,3,140,0.01673279756555937
de_seed3,de,3,141,0.01673279756555937
de_seed3,de,3,142,0.01673279756555937
de_seed3,de,3,143,0.01673279756555937
de_seed3,de,3,144,0.01673279756555937
de_seed3,de,3,145,0.01673279756555937
de_seed3,de,3,146,0.01673279756555937
de_seed3,de,3,147,0.01673279756555937
de_seed3,de,3,148,0.01673279756555937
de_seed3,de,3,149,0.01673279756555937
de_seed3,de,3,150,0.01673279756555937
de_seed3,de,3,151,0.01673279756555937
de_seed3,de,3,152,0.01673279756555937
de_seed3,de,3,153,0.01673279756555937
de_seed3,de,3,154,0.01673279756555937
de_seed3,de,3,155,0.01673279756555937
de_seed3,de,3,156,0.01673279756555937
de_seed3,de,3,157,0.01673279756555937
de_seed3,de,3,158,0.01673279756555937
de_seed3,de,3,159,0.01673279756555937
de_seed3,de,3,160,0.01673279756555937
de_seed3,de,3,161,0.01673279756555937
de_seed3,de,3,162,0.01673279756555937
de_seed3,de,3,163,0.01673279756555937
de_seed3,de,3,164,0.01673279756555937
de_seed3,de,3,165,0.01673279756555937
de_seed3,de,3,166,0.01673279756555937
de_seed3,de,3,167,0.01673279756555937
de_seed3,de,3,168,0.01673279756555937
de_seed3,de,3,169,0.01673279756555937
de_seed3,de,3,170,0.01673279756555937
de_seed3,de,3,171,0.01673279756555937
de_seed3,de,3,172,0.01673279756555937
de_seed3,de,3,173,0.01673279756555937
de_seed3,de,3,174,0.01673279756555937
de_seed3,de,3,175,0.01673279756555937
de_seed3,de,3,176,0.01673279756555937
de_seed3,de,3,177,0.01673279756555937
de_seed3,de,3,178,0.01673279756555937
de_seed3,de,3,179,0.01673279756555937
de_seed3,de,3,180,0.01673279756555937
de_seed3,de,3,181,0.01673279756555937
de_seed3,de,3,182,0.01673279756555937
de_seed3,de,3,183,0.01673279756555937
de_seed3,de,3,184,0.01673279756555937
de_seed3,de,3,185,0.01673279756555937
de_seed3,de,3,186,0.01673279756555937
de_seed3,de,3,187,0.01673279756555937
de_seed3,de,3,188,0.01673279756555937
de_seed3,de,3,189,0.016731979926590146
de_seed3,de,3,190,0.016731979926590146
de_seed3,de,3,191,0.016731979926590146
de_seed3,de,3,192,0.016731979926590146
de_seed3,de,3,193,0.016731979926590146
de_seed3,de,3,194,0.016731979926590146
de_seed3,de,3,195,0.016731979926590146
de_seed3,de,3,196,0.016731979926590146
de_seed3,de,3,197,0.016731979926590146
de_seed3,de,3,198,0.016731979926590146
de_seed3,de,3,199,0.016731979926590146
de_seed3,de,3,200,0.016731979926590146
de_seed4,de,4,1,918.5944745135877
de_seed4,de,4,2,0.5067446750254012
de_seed4,de,4,3,0.5067446750254012
de_seed4,de,4,4,0.016735797263428914
de_seed4,de,4,5,0.016735797263428914
de_seed4,de,4,6,0.016735797263428914
de_seed4,de,4,7,0.016735797263428914
de_seed4,de,4,8,0.016735797263428914
de_seed4,de,4,9,0.016735797263428914
de_seed4,de,4,10,0.016735797263428914
de_seed4,de,4,11,0.016735797263428914
de_seed4,de,4,12,0.016735797263428914
de_seed4,de,4,13,0.016735797263428914
de_seed4,de,4,14,0.016735797263428914
de_seed4,de,4,15,0.016735797263428914
de_seed4,de,4,16,0.016735797263428914
de_seed4,de,4,17,0.016735797263428914
de_seed4,de,4,18,0.016735797263428914
de_seed4,de,4,19,0.016735797263428914
de_seed4,de,4,20,0.016735797263428914
de_seed4,de,4,21,0.016735797263428914
de_seed4,de,4,22,0.016735797263428914
de_seed4,de,4,23,0.016735797263428914
de_seed4,de,4,24,0.016735797263428914
de_seed4,de,4,25,0.016735797263428914
de_seed4,de,4,26,0.016735797263428914
de_seed4,de,4,27,0.016735797263428914
de_seed4,de,4,28,0.016735797263428914
de_seed4,de,4,29,0.016735797263428914
de_seed4,de,4,30,0.016735797263428914
de_seed4,de,4,31,0.016735797263428914
de_seed4,de,4,32,0.016735797263428914
de_seed4,de,4,33,0.016735797263428914
de_seed4,de,4,34,0.016735797263428914
de_seed4,de,4,35,0.016735797263428914
de_seed4,de,4,36,0.016735797263428914
de_seed4,de,4,37,0.016735797263428914
de_seed4,de,4,38,0.016735797263428914
de_seed4,de,4,39,0.016735797263428914
de_seed4,de,4,40,0.016735797263428914
de_seed4,de,4,41,0.016735797263428914
de_seed4,de,4,42,0.016735797263428914
de_seed4,de,4,43,0.016735797263428914
de_seed4,de,4,44,0.016735797263428914
de_seed4,de,4,45,0.016735797263428914
de_seed4,de,4,46,0.016735797263428914
de_seed4,de,4,47,0.016735797263428914
de_seed4,de,4,48,0.016735797263428914
de_seed4,de,4,49,0.016735797263428914
de_seed4,de,4,50,0.016735797263428914
de_seed4,de,4,51,0.016735797263428914
de_seed4,de,4,52,0.016735797263428914
de_seed4,de,4,53,0.016735797263428914
de_seed4,de,4,54,0.016735797263428914
de_seed4,de,4,55,0.016735797263428914
de_seed4,de,4,56,0.016735797263428914
de_seed4,de,4,57,0.016735797263428914
de_seed4,de,4,58,0.016735797263428914
de_seed4,de,4,59,0.016735797263428914
de_seed4,de,4,60,0.016735797263428914
de_seed4,de,4,61,0.016735797263428914
de_seed4,de,4,62,0.016735797263428914
de_seed4,de,4,63,0.016735797263428914
de_seed4,de,4,64,0.016732145686502435
de_seed4,de,4,65,0.016732145686502435
de_seed4,de,4,66,0.016732145686502435
de_seed4,de,4,67,0.016732145686502435
de_seed4,de,4,68,0.016732145686502435
de_seed4,de,4,69,0.016732145686502435
de_seed4,de,4,70,0.016732145686502435
de_seed4,de,4,71,0.016732145686502435
de_seed4,de,4,72,0.016732145686502435
de_seed4,de,4,73,0.016732145686502435
de_seed4,de,4,74,0.016732145686502435
de_seed4,de,4,75,0.016732145686502435
de_seed4,de,4,76,0.016732145686502435
de_seed4,de,4,77,0.016732145686502435
de_seed4,de,4,78,0.016732145686502435
de_seed4,de,4,79,0.016732145686502435
de_seed4,de,4,80,0.016732145686502435
de_seed4,de,4,81,0.016732145686502435
de_seed4,de,4,82,0.016732145686502435
de_seed4,de,4,83,0.016732145686502435
de_seed4,de,4,84,0.016732145686502435
de_seed4,de,4,85,0.016732145686502435
de_seed4,de,4,86,0.016732145686502435
de_seed4,de,4,87,0.016732145686502435
de_seed4,de,4,88,0.016732145686502435
de_seed4,de,4,89,0.016732145686502435
de_seed4,de,4,90,0.016732145686502435
de_seed4,de,4,91,0.016732145686502435
de_seed4,de,4,92,0.016732145686502435
de_seed4,de,4,93,0.016732145686502435
de_seed4,de,4,94,0.016732145686502435
de_seed4,de,4,95,0.016732145686502435
de_seed4,de,4,96,0.016732145686502435
de_seed4,de,4,97,0.016732145686502435
de_seed4,de,4,98,0.016732145686502435
de_seed4,de,4,99,0.016732145686502435
de_seed4,de,4,100,0.016732145686502435
de_seed4,de,4,101,0.016732145686502435
de_seed4,de,4,102,0.016732145686502435
de_seed4,de,4,103,0.016732145686502435
de_seed4,de,4,104,0.016732145686502435
de_seed4,de,4,105,0.016732145686502435
de_seed4,de,4,106,0.016732145686502435
de_seed4,de,4,107,0.016732145686502435
de_seed4,de,4,108,0.016732145686502435
de_seed4,de,4,109,0.016732145686502435
de_seed4,de,4,110,0.016732145686502435
de_seed4,de,4,111,0.016732145686502435
de_seed4,de,4,112,0.016732145686502435
de_seed4,de,4,113,0.016732145686502435
de_seed4,de,4,114,0.016732145686502435
de_seed4,de,4,115,0.016732145686502435
de_seed4,de,4,116,0.016732145686502435
de_seed4,de,4,117,0.016732145686502435
de_seed4,de,4,118,0.016732145686502435
de_seed4,de,4,119,0.016732145686502435
de_seed4,de,4,120,0.016732145686502435
de_seed4,de,4,121,0.016732145686502435
de_seed4,de,4,122,0.016732145686502435
de_seed4,de,4,123,0.016732145686502435
de_seed4,de,4,124,0.016732145686502435
de_seed4,de,4,125,0.016732145686502435
de_seed4,de,4,126,0.016732145686502435
de_seed4,de,4,127,0.016732145686502435
de_seed4,de,4,128,0.016732145686502435
de_seed4,de,4,129,0.016732145686502435
de_seed4,de,4,130,0.016732145686502435
de_seed4,de,4,131,0.016732145686502435
de_seed4,de,4,132,0.016732145686502435
de_seed4,de,4,133,0.016732145686502435
de_seed4,de,4,134,0.016732145686502435
de_seed4,de,4,135,0.016732145686502435
de_seed4,de,4,136,0.016732145686502435
de_seed4,de,4,137,0.016732145686502435
de_seed4,de,4,138,0.016732145686502435
de_seed4,de,4,139,0.016732145686502435
de_seed4,de,4,140,0.016732145686502435
de_seed4,de,4,141,0.016732145686502435
de_seed4,de,4,142,0.016732145686502435
de_seed4,de,4,143,0.016732145686502435
de_seed4,de,4,144,0.016732145686502435
de_seed4,de,4,145,0.016732145686502435
de_seed4,de,4,146,0.016732145686502435
de_seed4,de,4,147,0.016732145686502435
de_seed4,de,4,148,0.016732145686502435
de_seed4,de,4,149,0.016732145686502435
de_seed4,de,4,150,0.016732145686502435
de_seed4,de,4,151,0.016732145686502435
de_seed4,de,4,152,0.016732145686502435
de_seed4,de,4,153,0.016732145686502435
de_seed4,de,4,154,0.016732145686502435
de_seed4,de,4,155,0.016732145686502435
de_seed4,de,4,156,0.016732145686502435
de_seed4,de,4,157,0.016732145686502435
de_seed4,de,4,158,0.016732145686502435
de_seed4,de,4,159,0.016732145686502435
de_seed4,de,4,160,0.016732145686502435
de_seed4,de,4,161,0.016732145686502435
de_seed4,de,4,162,0.016732145686502435
de_seed4,de,4,163,0.016732145686502435
de_seed4,de,4,164,0.016732145686502435
de_seed4,de,4,165,0.016732145686502435
de_seed4,de,4,166,0.016732145686502435
de_seed4,de,4,167,0.016732145686502435
de_seed4,de,4,168,0.016732145686502435
de_seed4,de,4,169,0.016732145686502435
de_seed4,de,4,170,0.016732145686502435
de_seed4,de,4,171,0.016732145686502435
de_seed4,de,4,172,0.016732018934021684
de_seed4,de,4,173,0.016732018934021684
de_seed4,de,4,174,0.016732018934021684
de_seed4,de,4,175,0.016732018934021684
de_seed4,de,4,176,0.016732018934021684
de_seed4,de,4,177,0.016732018934021684
de_seed4,de,4,178,0.016732018934021684
de_seed4,de,4,179,0.016732018934021684
de_seed4,de,4,180,0.016732018934021684
de_seed4,de,4,181,0.016732018934021684
de_seed4,de,4,182,0.016732018934021684
de_seed4,de,4,183,0.016732018934021684
de_seed4,de,4,184,0.016732018934021684
de_seed4,de,4,185,0.016732018934021684
de_seed4,de,4,186,0.016732018934021684
de_seed4,de,4,187,0.016732018934021684
de_seed4,de,4,188,0.016732018934021684
de_seed4,de,4,189,0.016732018934021684
de_seed4,de,4,190,0.016732018934021684
de_seed4,de,4,191,0.016732018934021684
de_seed4,de,4,192,0.016732018934021684
de_seed4,de,4,193,0.016732018934021684
de_seed4,de,4,194,0.016732018934021684
de_seed4,de,4,195,0.016732018934021684
de_seed4,de,4,196,0.016732018934021684
de_seed4,de,4,197,0.016732018934021684
de_seed4,de,4,198,0.016732018934021684
de_seed4,de,4,199,0.016732018934021684
de_seed4,de,4,200,0.016732018934021684
de_seed5,de,5,1,0.02963315529117966
de_seed5,de,5,2,0.02963315529117966
de_seed5,de,5,3,0.02963315529117966
de_seed5,de,5,4,0.02963315529117966
de_seed5,de,5,5,0.016731921610293448
de_seed5,de,5,6,0.016731921610293448
de_seed5,de,5,7,0.016731921610293448
de_seed5,de,5,8,0.016731921610293448
de_seed5,de,5,9,0.016731921610293448
de_seed5,de,5,10,0.016731921610293448
de_seed5,de,5,11,0.016731921610293448
de_seed5,de,5,12,0.016731921610293448
de_seed5,de,5,13,0.016731921610293448
de_seed5,de,5,14,0.016731921610293448
de_seed5,de,5,15,0.016731921610293448
de_seed5,de,5,16,0.016731921610293448
de_seed5,de,5,17,0.016731921610293448
de_seed5,de,5,18,0.016731921610293448
de_seed5,de,5,19,0.016731921610293448
de_seed5,de,5,20,0.016731921610293448
de_seed5,de,5,21,0.016731921610293448
de_seed5,de,5,22,0.016731921610293448
de_seed5,de,5,23,0.016731921610293448
de_seed5,de,5,24,0.016731921610293448
de_seed5,de,5,25,0.016731921610293448
de_seed5,de,5,26,0.016731921610293448
de_seed5,de,5,27,0.016731921610293448
de_seed5,de,5,28,0.016731921610293448
de_seed5,de,5,29,0.016731921610293448
de_seed5,de,5,30,0.016731921610293448
de_seed5,de,5,31,0.016731921610293448
de_seed5,de,5,32,0.016731921610293448
de_seed5,de,5,33,0.016731921610293448
de_seed5,de,5,34,0.016731921610293448
de_seed5,de,5,35,0.016731921610293448
de_seed5,de,5,36,0.016731921610293448
de_seed5,de,5,37,0.016731921610293448
de_seed5,de,5,38,0.016731921610293448
de_seed5,de,5,39,0.016731921610293448
de_seed5,de,5,40,0.016731921610293448
de_seed5,de,5,41,0.016731921610293448
de_seed5,de,5,42,0.016731921610293448
de_seed5,de,5,43,0.016731921610293448
de_seed5,de,5,44,0.016731921610293448
de_seed5,de,5,45,0.016731921610293448
de_seed5,de,5,46,0.016731921610293448
de_seed5,de,5,47,0.016731921610293448
de_seed5,de,5,48,0.016731921610293448
de_seed5,de,5,49,0.016731921610293448
de_seed5,de,5,50,0.016731921610293448
de_seed5,de,5,51,0.016731921610293448
de_seed5,de,5,52,0.016731921610293448
de_seed5,de,5,53,0.016731921610293448
de_seed5,de,5,54,0.016731921610293448
de_seed5,de,5,55,0.016731921610293448
de_seed5,de,5,56,0.016731921610293448
de_seed5,de,5,57,0.016731921610293448
de_seed5,de,5,58,0.016731921610293448
de_seed5,de,5,59,0.016731921610293448
de_seed5,de,5,60,0.016731921610293448
de_seed5,de,5,61,0.016731921610293448
de_seed5,de,5,62,0.016731921610293448
de_seed5,de,5,63,0.016731921610293448
de_seed5,de,5,64,0.016731921610293448
de_seed5,de,5,65,0.016731921610293448
de_seed5,de,5,66,0.016731921610293448
de_seed5,de,5,67,0.016731921610293448
de_seed5,de,5,68,0.016731921610293448
de_seed5,de,5,69,0.016731921610293448
de_seed5,de,5,70,0.016731921610293448
de_seed5,de,5,71,0.016731921610293448
de_seed5,de,5,72,0.016731921610293448
de_seed5,de,5,73,0.016731921610293448
de_seed5,de,5,74,0.016731921610293448
de_seed5,de,5,75,0.016731921610293448
de_seed5,de,5,76,0.016731921610293448
de_seed5,de,5,77,0.016731921610293448
de_seed5,de,5,78,0.016731921610293448
de_seed5,de,5,79,0.016731921610293448
de_seed5,de,5,80,0.016731921610293448
de_seed5,de,5,81,0.016731921610293448
de_seed5,de,5,82,0.016731921610293448
de_seed5,de,5,83,0.016731921610293448
de_seed5,de,5,84,0.016731921610293448
de_seed5,de,5,85,0.016731921610293448
de_seed5,de,5,86,0.016731921610293448
de_seed5,de,5,87,0.016731921610293448
de_seed5,de,5,88,0.01673192113906592
de_seed5,de,5,89,0.01673192113906592
de_seed5,de,5,90,0.01673192113906592
de_seed5,de,5,91,0.01673192113906592
de_seed5,de,5,92,0.01673192113906592
de_seed5,de,5,93,0.01673192113906592
de_seed5,de,5,94,0.01673192113906592
de_seed5,de,5,95,0.01673192113906592
de_seed5,de,5,96,0.01673192113906592
de_seed5,de,5,97,0.01673192113906592
de_seed5,de,5,98,0.01673192113906592
de_seed5,de,5,99,0.01673192113906592
de_seed5,de,5,100,0.01673192113906592
de_seed5,de,5,101,0.01673192113906592
de_seed5,de,5,102,0.01673192113906592
de_seed5,de,5,103,0.01673192113906592
de_seed5,de,5,104,0.01673192113906592
de_seed5,de,5,105,0.01673192113906592
de_seed5,de,5,106,0.01673192113906592
de_seed5,de,5,107,0.01673192113906592
de_seed5,de,5,108,0.01673192113906592
de_seed5,de,5,109,0.01673192113906592
de_seed5,de,5,110,0.01673192113906592
de_seed5,de,5,111,0.01673192113906592
de_seed5,de,5,112,0.01673192113906592
de_seed5,de,5,113,0.01673192113906592
de_seed5,de,5,114,0.01673192113906592
de_seed5,de,5,115,0.01673192113906592
de_seed5,de,5,116,0.01673192113906592
de_seed5,de,5,117,0.01673192113906592
de_seed5,de,5,118,0.01673192113906592
de_seed5,de,5,119,0.01673192113906592
de_seed5,de,5,120,0.01673192113906592
de_seed5,de,5,121,0.01673192113906592
de_seed5,de,5,122,0.01673192113906592
de_seed5,de,5,123,0.01673192113906592
de_seed5,de,5,124,0.01673192113906592
de_seed5,de,5,125,0.01673192113906592
de_seed5,de,5,126,0.01673192113906592
de_seed5,de,5,127,0.01673192113906592
de_seed5,de,5,128,0.01673192113906592
de_seed5,de,5,129,0.01673192113906592
de_seed5,de,5,130,0.01673192113906592
de_seed5,de,5,131,0.01673192113906592
de_seed5,de,5,132,0.01673192113906592
de_seed5,de,5,133,0.01673192113906592
de_seed5,de,5,134,0.01673192113906592
de_seed5,de,5,135,0.01673192113906592
de_seed5,de,5,136,0.01673192113906592
de_seed5,de,5,137,0.01673192113906592
de_seed5,de,5,138,0.01673192113906592
de_seed5,de,5,139,0.01673192113906592
de_seed5,de,5,140,0.01673192113906592
de_seed5,de,5,141,0.01673192113906592
de_seed5,de,5,142,0.01673192113906592
de_seed5,de,5,143,0.01673192113906592
de_seed5,de,5,144,0.01673192113906592
de_seed5,de,5,145,0.01673192113906592
de_seed5,de,5,146,0.01673192113906592
de_seed5,de,5,147,0.01673192113906592
de_seed5,de,5,148,0.01673192113906592
de_seed5,de,5,149,0.01673192113906592
de_seed5,de,5,150,0.01673192113906592
de_seed5,de,5,151,0.01673192113906592
de_seed5,de,5,152,0.01673192113906592
de_seed5,de,5,153,0.01673192113906592
de_seed5,de,5,154,0.01673192113906592
de_seed5,de,5,155,0.01673192113906592
de_seed5,de,5,156,0.01673192113906592
de_seed5,de,5,157,0.01673192113906592
de_seed5,de,5,158,0.01673192113906592
de_seed5,de,5,159,0.01673192113906592
de_seed5,de,5,160,0.01673192113906592
de_seed5,de,5,161,0.01673192113906592
de_seed5,de,5,162,0.01673192113906592
de_seed5,de,5,163,0.01673192113906592
de_seed5,de,5,164,0.01673192113906592
de_seed5,de,5,165,0.01673192113906592
de_seed5,de,5,166,0.01673192113906592
de_seed5,de,5,167,0.01673192113906592
de_seed5,de,5,168,0.01673192113906592
de_seed5,de,5,169,0.01673192113906592
de_seed5,de,5,170,0.01673192113906592
de_seed5,de,5,171,0.01673192113906592
de_seed5,de,5,172,0.01673192113906592
de_seed5,de,5,173,0.01673192113906592
de_seed5,de,5,174,0.01673192113906592
de_seed5,de,5,175,0.01673192113906592
de_seed5,de,5,176,0.01673192113906592
de_seed5,de,5,177,0.01673192113906592
de_seed5,de,5,178,0.01673192113906592
de_seed5,de,5,179,0.01673192113906592
de_seed5,de,5,180,0.01673192113906592
de_seed5,de,5,181,0.01673192113906592
de_seed5,de,5,182,0.01673192113906592
de_seed5,de,5,183,0.01673192113906592
de_seed5,de,5,184,0.01673192113906592
de_seed5,de,5,185,0.01673192113906592
de_seed5,de,5,186,0.01673192113906592
de_seed5,de,5,187,0.01673192113906592
de_seed5,de,5,188,0.01673192113906592
de_seed5,de,5,189,0.01673192113906592
de_seed5,de,5,190,0.01673192113906592
de_seed5,de,5,191,0.01673192113906592
de_seed5,de,5,192,0.01673192113906592
de_seed5,de,5,193,0.01673192113906592
de_seed5,de,5,194,0.01673192113906592
de_seed5,de,5,195,0.01673192113906592
de_seed5,de,5,196,0.01673192113906592
de_seed5,de,5,197,0.01673192113906592
de_seed5,de,5,198,0.01673192113906592
de_seed5,de,5,199,0.01673192113906592
de_seed5,de,5,200,0.01673192113906592
de_seed6,de,6,1,9195.992919640934
de_seed6,de,6,2,0.01886614954099214
de_seed6,de,6,3,0.018349973287847564
de_seed6,de,6,4,0.018349973287847564
de_seed6,de,6,5,0.018349973287847564
de_seed6,de,6,6,0.018349973287847564
de_seed6,de,6,7,0.018349973287847564
de_seed6,de,6,8,0.018349973287847564
de_seed6,de,6,9,0.018349973287847564
de_seed6,de,6,10,0.018349973287847564
de_seed6,de,6,11,0.018349973287847564
de_seed6,de,6,12,0.018349973287847564
de_seed6,de,6,13,0.018349973287847564
de_seed6,de,6,14,0.018349973287847564
de_seed6,de,6,15,0.016833738020111365
de_seed6,de,6,16,0.016833738020111365
de_seed6,de,6,17,0.016833738020111365
de_seed6,de,6,18,0.016833738020111365
de_seed6,de,6,19,0.016833738020111365
de_seed6,de,6,20,0.016833738020111365
de_seed6,de,6,21,0.016833738020111365
de_seed6,de,6,22,0.016833738020111365
de_seed6,de,6,23,0.016833738020111365
de_seed6,de,6,24,0.016833738020111365
de_seed6,de,6,25,0.016833738020111365
de_seed6,de,6,26,0.016833738020111365
de_seed6,de,6,27,0.016833738020111365
de_seed6,de,6,28,0.016833738020111365
de_seed6,de,6,29,0.016833738020111365
de_seed6,de,6,30,0.016833738020111365
de_seed6,de,6,31,0.016833738020111365
de_seed6,de,6,32,0.016833738020111365
de_seed6,de,6,33,0.016833738020111365
de_seed6,de,6,34,0.016833738020111365
de_seed6,de,6,35,0.016833738020111365
de_seed6,de,6,36,0.016833738020111365
de_seed6,de,6,37,0.016833738020111365
de_seed6,de,6,38,0.016833738020111365
de_seed6,de,6,39,0.016833738020111365
de_seed6,de,6,40,0.016833738020111365
de_seed6,de,6,41,0.016833738020111365
de_seed6,de,6,42,0.016833738020111365
de_seed6,de,6,43,0.016833738020111365
de_seed6,de,6,44,0.016833738020111365
de_seed6,de,6,45,0.016833738020111365
de_seed6,de,6,46,0.016833738020111365
de_seed6,de,6,47,0.016833738020111365
de_seed6,de,6,48,0.016833738020111365
de_seed6,de,6,49,0.016833738020111365
de_seed6,de,6,50,0.016833738020111365
de_seed6,de,6,51,0.016833738020111365
de_seed6,de,6,52,0.016833738020111365
de_seed6,de,6,53,0.016833738020111365
de_seed6,de,6,54,0.016833738020111365
de_seed6,de,6,55,0.016833738020111365
de_seed6,de,6,56,0.016833738020111365
de_seed6,de,6,57,0.016833738020111365
de_seed6,de,6,58,0.016833738020111365
de_seed6,de,6,59,0.016833738020111365
de_seed6,de,6,60,0.016833738020111365
de_seed6,de,6,61,0.016833738020111365
de_seed6,de,6,62,0.016833738020111365
de_seed6,de,6,63,0.016833738020111365
de_seed6,de,6,64,0.016833738020111365
de_seed6,de,6,65,0.016833738020111365
de_seed6,de,6,66,0.016833738020111365
de_seed6,de,6,67,0.016833738020111365
de_seed6,de,6,68,0.016833738020111365
de_seed6,de,6,69,0.016833738020111365
de_seed6,de,6,70,0.016833738020111365
de_seed6,de,6,71,0.016833738020111365
de_seed6,de,6,72,0.016833738020111365
de_seed6,de,6,73,0.016833738020111365
de_seed6,de,6,74,0.016833738020111365
de_seed6,de,6,75,0.016833738020111365
de_seed6,de,6,76,0.016833738020111365
de_seed6,de,6,77,0.016833738020111365
de_seed6,de,6,78,0.016833738020111365
de_seed6,de,6,79,0.016833738020111365
de_seed6,de,6,80,0.016833738020111365
de_seed6,de,6,81,0.016775067431414305
de_seed6,de,6,82,0.016775067431414305
de_seed6,de,6,83,0.016775067431414305
de_seed6,de,6,84,0.016775067431414305
de_seed6,de,6,85,0.016741071307357178
de_seed6,de,6,86,0.016741071307357178
de_seed6,de,6,87,0.016741071307357178
de_seed6,de,6,88,0.016741071307357178
de_seed6,de,6,89,0.016741071307357178
de_seed6,de,6,90,0.016741071307357178
de_seed6,de,6,91,0.016741071307357178
de_seed6,de,6,92,0.016741071307357178
de_seed6,de,6,93,0.016741071307357178
de_seed6,de,6,94,0.016741071307357178
de_seed6,de,6,95,0.016741071307357178
de_seed6,de,6,96,0.016737126624291734
de_seed6,de,6,97,0.016732924222308966
de_seed6,de,6,98,0.016732924222308966
de_seed6,de,6,99,0.016732924222308966
de_seed6,de,6,100,0.016732924222308966
de_seed6,de,6,101,0.016732924222308966
de_seed6,de,6,102,0.016732924222308966
de_seed6,de,6,103,0.016732924222308966
de_seed6,de,6,104,0.016732924222308966
de_seed6,de,6,105,0.016732924222308966
de_seed6,de,6,106,0.016732924222308966
de_seed6,de,6,107,0.016732924222308966
de_seed6,de,6,108,0.016732924222308966
de_seed6,de,6,109,0.016732924222308966
de_seed6,de,6,110,0.016732924222308966
de_seed6,de,6,111,0.016732924222308966
de_seed6,de,6,112,0.016732924222308966
de_seed6,de,6,113,0.016732924222308966
de_seed6,de,6,114,0.016732924222308966
de_seed6,de,6,115,0.016732924222308966
de_seed6,de,6,116,0.016732924222308966
de_seed6,de,6,117,0.016732924222308966
de_seed6,de,6,118,0.016732924222308966
de_seed6,de,6,119,0.016732924222308966
de_seed6,de,6,120,0.016732924222308966
de_seed6,de,6,121,0.01673213132943125
de_seed6,de,6,122,0.01673213132943125
de_seed6,de,6,123,0.01673213132943125
de_seed6,de,6,124,0.01673213132943125
de_seed6,de,6,125,0.01673213132943125
de_seed6,de,6,126,0.01673213132943125
de_seed6,de,6,127,0.01673213132943125
de_seed6,de,6,128,0.01673213132943125
de_seed6,de,6,129,0.01673213132943125
de_seed6,de,6,130,0.01673213132943125
de_seed6,de,6,131,0.01673213132943125
de_seed6,de,6,132,0.01673213132943125
de_seed6,de,6,133,0.01673213132943125
de_seed6,de,6,134,0.01673213132943125
de_seed6,de,6,135,0.01673213132943125
de_seed6,de,6,136,0.01673213132943125
de_seed6,de,6,137,0.01673213132943125
de_seed6,de,6,138,0.01673213132943125
de_seed6,de,6,139,0.01673213132943125
de_seed6,de,6,140,0.01673213132943125
de_seed6,de,6,141,0.01673213132943125
de_seed6,de,6,142,0.01673213132943125
de_seed6,de,6,143,0.01673213132943125
de_seed6,de,6,144,0.01673213132943125
de_seed6,de,6,145,0.01673213132943125
de_seed6,de,6,146,0.01673213132943125
de_seed6,de,6,147,0.01673213132943125
de_seed6,de,6,148,0.01673213132943125
de_seed6,de,6,149,0.01673213132943125
de_seed6,de,6,150,0.01673213132943125
de_seed6,de,6,151,0.01673213132943125
de_seed6,de,6,152,0.01673213132943125
de_seed6,de,6,153,0.01673213132943125
de_seed6,de,6,154,0.01673213132943125
de_seed6,de,6,155,0.01673213132943125
de_seed6,de,6,156,0.01673213132943125
de_seed6,de,6,157,0.01673213132943125
de_seed6,de,6,158,0.01673213132943125
de_seed6,de,6,159,0.01673213132943125
de_seed6,de,6,160,0.01673213132943125
de_seed6,de,6,161,0.01673213132943125
de_seed6,de,6,162,0.01673213132943125
de_seed6,de,6,163,0.01673213132943125
de_seed6,de,6,164,0.01673213132943125
de_seed6,de,6,165,0.01673213132943125
de_seed6,de,6,166,0.01673213132943125
de_seed6,de,6,167,0.01673213132943125
de_seed6,de,6,168,0.01673213132943125
de_seed6,de,6,169,0.01673213132943125
de_seed6,de,6,170,0.01673213132943125
de_seed6,de,6,171,0.01673213132943125
de_seed6,de,6,172,0.01673213132943125
de_seed6,de,6,173,0.01673213132943125
de_seed6,de,6,174,0.01673213132943125
de_seed6,de,6,175,0.01673213132943125
de_seed6,de,6,176,0.01673213132943125
de_seed6,de,6,177,0.01673213132943125
de_seed6,de,6,178,0.01673213132943125
de_seed6,de,6,179,0.01673213132943125
de_seed6,de,6,180,0.01673213132943125
de_seed6,de,6,181,0.01673213132943125
de_seed6,de,6,182,0.01673213132943125
de_seed6,de,6,183,0.01673213132943125
de_seed6,de,6,184,0.01673213132943125
de_seed6,de,6,185,0.01673213132943125
de_seed6,de,6,186,0.01673213132943125
de_seed6,de,6,187,0.01673213132943125
de_seed6,de,6,188,0.01673213132943125
de_seed6,de,6,189,0.01673213132943125
de_seed6,de,6,190,0.01673213132943125
de_seed6,de,6,191,0.01673213132943125
de_seed6,de,6,192,0.01673213132943125
de_seed6,de,6,193,0.01673213132943125
de_seed6,de,6,194,0.01673213132943125
de_seed6,de,6,195,0.01673213132943125
de_seed6,de,6,196,0.016731909440936048
de_seed6,de,6,197,0.016731909440936048
de_seed6,de,6,198,0.016731909440936048
de_seed6,de,6,199,0.016731909440936048
de_seed6,de,6,200,0.016731909440936048
de_seed7,de,7,1,9297.910086073156
de_seed7,de,7,2,0.09953470705733529
de_seed7,de,7,3,0.09953470705733529
de_seed7,de,7,4,0.09953470705733529
de_seed7,de,7,5,0.09953470705733529
de_seed7,de,7,6,0.09953470705733529
de_seed7,de,7,7,0.01724385158624615
de_seed7,de,7,8,0.01724385158624615
de_seed7,de,7,9,0.01724385158624615
de_seed7,de,7,10,0.01724385158624615
de_seed7,de,7,11,0.01724385158624615
de_seed7,de,7,12,0.016958217716374926
de_seed7,de,7,13,0.016958217716374926
de_seed7,de,7,14,0.016958217716374926
de_seed7,de,7,15,0.016958217716374926
de_seed7,de,7,16,0.016958217716374926
de_seed7,de,7,17,0.016958217716374926
de_seed7,de,7,18,0.016958217716374926
de_seed7,de,7,19,0.016958217716374926
de_seed7,de,7,20,0.016958217716374926
de_seed7,de,7,21,0.016958217716374926
de_seed7,de,7,22,0.016958217716374926
de_seed7,de,7,23,0.016958217716374926
de_seed7,de,7,24,0.016958217716374926
de_seed7,de,7,25,0.016958217716374926
de_seed7,de,7,26,0.016958217716374926
de_seed7,de,7,27,0.016958217716374926
de_seed7,de,7,28,0.016958217716374926
de_seed7,de,7,29,0.016958217716374926
de_seed7,de,7,30,0.016958217716374926
de_seed7,de,7,31,0.016958217716374926
de_seed7,de,7,32,0.016958217716374926
de_seed7,de,7,33,0.01673382250899508
de_seed7,de,7,34,0.01673382250899508
de_seed7,de,7,35,0.01673382250899508
de_seed7,de,7,36,0.01673382250899508
de_seed7,de,7,37,0.01673382250899508
de_seed7,de,7,38,0.01673382250899508
de_seed7,de,7,39,0.01673382250899508
de_seed7,de,7,40,0.01673382250899508
de_seed7,de,7,41,0.01673382250899508
de_seed7,de,7,42,0.01673382250899508
de_seed7,de,7,43,0.01673382250899508
de_seed7,de,7,44,0.01673382250899508
de_seed7,de,7,45,0.01673382250899508
de_seed7,de,7,46,0.01673382250899508
de_seed7,de,7,47,0.01673382250899508
de_seed7,de,7,48,0.01673382250899508
de_seed7,de,7,49,0.01673382250899508
de_seed7,de,7,50,0.01673382250899508
de_seed7,de,7,51,0.01673382250899508
de_seed7,de,7,52,0.01673382250899508
de_seed7,de,7,53,0.01673382250899508
de_seed7,de,7,54,0.01673382250899508
de_seed7,de,7,55,0.01673382250899508
de_seed7,de,7,56,0.01673382250899508
de_seed7,de,7,57,0.01673382250899508
de_seed7,de,7,58,0.01673382250899508
de_seed7,de,7,59,0.01673382250899508
de_seed7,de,7,60,0.01673382250899508
de_seed7,de,7,61,0.01673382250899508
de_seed7,de,7,62,0.01673382250899508
de_seed7,de,7,63,0.01673382250899508
de_seed7,de,7,64,0.01673382250899508
de_seed7,de,7,65,0.01673382250899508
de_seed7,de,7,66,0.01673382250899508
de_seed7,de,7,67,0.01673382250899508
de_seed7,de,7,68,0.01673382250899508
de_seed7,de,7,69,0.01673382250899508
de_seed7,de,7,70,0.01673382250899508
de_seed7,de,7,71,0.01673382250899508
de_seed7,de,7,72,0.01673382250899508
de_seed7,de,7,73,0.01673382250899508
de_seed7,de,7,74,0.01673382250899508
de_seed7,de,7,75,0.01673382250899508
de_seed7,de,7,76,0.01673382250899508
de_seed7,de,7,77,0.01673382250899508
de_seed7,de,7,78,0.01673382250899508
de_seed7,de,7,79,0.016732526608394326
de_seed7,de,7,80,0.016732526608394326
de_seed7,de,7,81,0.016732526608394326
de_seed7,de,7,82,0.016732526608394326
de_seed7,de,7,83,0.016732526608394326
de_seed7,de,7,84,0.016732526608394326
de_seed7,de,7,85,0.016732526608394326
de_seed7,de,7,86,0.016732526608394326
de_seed7,de,7,87,0.016732526608394326
de_seed7,de,7,88,0.016732526608394326
de_seed7,de,7,89,0.016732526608394326
de_seed7,de,7,90,0.016732526608394326
de_seed7,de,7,91,0.016732526608394326
de_seed7,de,7,92,0.016732526608394326
de_seed7,de,7,93,0.016732526608394326
de_seed7,de,7,94,0.016732526608394326
de_seed7,de,7,95,0.016732526608394326
de_seed7,de,7,96,0.016732526608394326
de_seed7,de,7,97,0.016732526608394326
de_seed7,de,7,98,0.016732526608394326
de_seed7,de,7,99,0.016732526608394326
de_seed7,de,7,100,0.016732526608394326
de_seed7,de,7,101,0.016732526608394326
de_seed7,de,7,102,0.016732526608394326
de_seed7,de,7,103,0.016732526608394326
de_seed7,de,7,104,0.016732526608394326
de_seed7,de,7,105,0.016732526608394326
de_seed7,de,7,106,0.016732526608394326
de_seed7,de,7,107,0.016732526608394326
de_seed7,de,7,108,0.016732526608394326
de_seed7,de,7,109,0.016732526608394326
de_seed7,de,7,110,0.016732526608394326
de_seed7,de,7,111,0.016732526608394326
de_seed7,de,7,112,0.016732526608394326
de_seed7,de,7,113,0.016732526608394326
de_seed7,de,7,114,0.016732526608394326
de_seed7,de,7,115,0.016732526608394326
de_seed7,de,7,116,0.016732526608394326
de_seed7,de,7,117,0.016732526608394326
de_seed7,de,7,118,0.016732526608394326
de_seed7,de,7,119,0.016732526608394326
de_seed7,de,7,120,0.016732526608394326
de_seed7,de,7,121,0.016732526608394326
de_seed7,de,7,122,0.016732526608394326
de_seed7,de,7,123,0.016732526608394326
de_seed7,de,7,124,0.016732526608394326
de_seed7,de,7,125,0.016732526608394326
de_seed7,de,7,126,0.016732526608394326
de_seed7,de,7,127,0.016732526608394326
de_seed7,de,7,128,0.016732526608394326
de_seed7,de,7,129,0.016732526608394326
de_seed7,de,7,130,0.016732526608394326
de_seed7,de,7,131,0.016732526608394326
de_seed7,de,7,132,0.016732526608394326
de_seed7,de,7,133,0.016732526608394326
de_seed7,de,7,134,0.016732526608394326
de_seed7,de,7,135,0.016732526608394326
de_seed7,de,7,136,0.016732526608394326
de_seed7,de,7,137,0.016732526608394326
de_seed7,de,7,138,0.016732526608394326
de_seed7,de,7,139,0.016732526608394326
de_seed7,de,7,140,0.016732526608394326
de_seed7,de,7,141,0.016732526608394326
de_seed7,de,7,142,0.016732526608394326
de_seed7,de,7,143,0.016732526608394326
de_seed7,de,7,144,0.016732526608394326
de_seed7,de,7,145,0.016732526608394326
de_seed7,de,7,146,0.016732526608394326
de_seed7,de,7,147,0.016732526608394326
de_seed7,de,7,148,0.016732526608394326
de_seed7,de,7,149,0.016732526608394326
de_seed7,de,7,150,0.016732526608394326
de_seed7,de,7,151,0.016732526608394326
de_seed7,de,7,152,0.016732526608394326
de_seed7,de,7,153,0.016732526608394326
de_seed7,de,7,154,0.016732526608394326
de_seed7,de,7,155,0.016732526608394326
de_seed7,de,7,156,0.016732526608394326
de_seed7,de,7,157,0.016732526608394326
de_seed7,de,7,158,0.016732526608394326
de_seed7,de,7,159,0.016732526608394326
de_seed7,de,7,160,0.016732526608394326
de_seed7,de,7,161,0.016732526608394326
de_seed7,de,7,162,0.016732526608394326
de_seed7,de,7,163,0.016732526608394326
de_seed7,de,7,164,0.016732526608394326
de_seed7,de,7,165,0.016732526608394326
de_seed7,de,7,166,0.016732526608394326
de_seed7,de,7,167,0.016732526608394326
de_seed7,de,7,168,0.016732526608394326
de_seed7,de,7,169,0.016732526608394326
de_seed7,de,7,170,0.016732526608394326
de_seed7,de,7,171,0.016732526608394326
de_seed7,de,7,172,0.016732526608394326
de_seed7,de,7,173,0.016732526608394326
de_seed7,de,7,174,0.016732526608394326
de_seed7,de,7,175,0.016732526608394326
de_seed7,de,7,176,0.016732526608394326
de_seed7,de,7,177,0.016732526608394326
de_seed7,de,7,178,0.016732526608394326
de_seed7,de,7,179,0.016732526608394326
de_seed7,de,7,180,0.016732526608394326
de_seed7,de,7,181,0.016732526608394326
de_seed7,de,7,182,0.016732526608394326
de_seed7,de,7,183,0.016732526608394326
de_seed7,de,7,184,0.016732526608394326
de_seed7,de,7,185,0.016732526608394326
de_seed7,de,7,186,0.016732526608394326
de_seed7,de,7,187,0.016732526608394326
de_seed7,de,7,188,0.016732526608394326
de_seed7,de,7,189,0.016732526608394326
de_seed7,de,7,190,0.016732526608394326
de_seed7,de,7,191,0.016732526608394326
de_seed7,de,7,192,0.016732526608394326
de_seed7,de,7,193,0.016732526608394326
de_seed7,de,7,194,0.016732526608394326
de_seed7,de,7,195,0.016732526608394326
de_seed7,de,7,196,0.016732526608394326
de_seed7,de,7,197,0.016732526608394326
de_seed7,de,7,198,0.016732526608394326
de_seed7,de,7,199,0.016732526608394326
de_seed7,de,7,200,0.016732526608394326
de_seed8,de,8,1,65.72920693767578
de_seed8,de,8,2,65.72920693767578
de_seed8,de,8,3,0.16113540022645806
de_seed8,de,8,4,0.16113540022645806
de_seed8,de,8,5,0.016740007700821513
de_seed8,de,8,6,0.016740007700821513
de_seed8,de,8,7,0.016740007700821513
de_seed8,de,8,8,0.016740007700821513
de_seed8,de,8,9,0.016740007700821513
de_seed8,de,8,10,0.016740007700821513
de_seed8,de,8,11,0.016740007700821513
de_seed8,de,8,12,0.016740007700821513
de_seed8,de,8,13,0.016740007700821513
de_seed8,de,8,14,0.016740007700821513
de_seed8,de,8,15,0.01673849762035731
de_seed8,de,8,16,0.01673849762035731
de_seed8,de,8,17,0.01673849762035731
de_seed8,de,8,18,0.01673849762035731
de_seed8,de,8,19,0.01673849762035731
de_seed8,de,8,20,0.01673849762035731
de_seed8,de,8,21,0.01673849762035731
de_seed8,de,8,22,0.01673849762035731
de_seed8,de,8,23,0.01673849762035731
de_seed8,de,8,24,0.01673849762035731
de_seed8,de,8,25,0.01673849762035731
de_seed8,de,8,26,0.01673849762035731
de_seed8,de,8,27,0.01673849762035731
de_seed8,de,8,28,0.01673849762035731
de_seed8,de,8,29,0.01673849762035731
de_seed8,de,8,30,0.01673849762035731
de_seed8,de,8,31,0.01673849762035731
de_seed8,de,8,32,0.01673318314750459
de_seed8,de,8,33,0.01673318314750459
de_seed8,de,8,34,0.01673318314750459
de_seed8,de,8,35,0.01673318314750459
de_seed8,de,8,36,0.01673318314750459
de_seed8,de,8,37,0.01673318314750459
de_seed8,de,8,38,0.01673318314750459
de_seed8,de,8,39,0.01673318314750459
de_seed8,de,8,40,0.01673318314750459
de_seed8,de,8,41,0.01673318314750459
de_seed8,de,8,42,0.01673318314750459
de_seed8,de,8,43,0.01673318314750459
de_seed8,de,8,44,0.01673318314750459
de_seed8,de,8,45,0.01673318314750459
de_seed8,de,8,46,0.01673318314750459
de_seed8,de,8,47,0.01673318314750459
de_seed8,de,8,48,0.01673318314750459
de_seed8,de,8,49,0.01673318314750459
de_seed8,de,8,50,0.01673318314750459
de_seed8,de,8,51,0.01673318314750459
de_seed8,de,8,52,0.01673318314750459
de_seed8,de,8,53,0.01673318314750459
de_seed8,de,8,54,0.01673318314750459
de_seed8,de,8,55,0.01673318314750459
de_seed8,de,8,56,0.01673318314750459
de_seed8,de,8,57,0.01673318314750459
de_seed8,de,8,58,0.01673318314750459
de_seed8,de,8,59,0.01673318314750459
de_seed8,de,8,60,0.01673318314750459
de_seed8,de,8,61,0.01673318314750459
de_seed8,de,8,62,0.01673318314750459
de_seed8,de,8,63,0.01673318314750459
de_seed8,de,8,64,0.01673318314750459
de_seed8,de,8,65,0.01673318314750459
de_seed8,de,8,66,0.01673318314750459
de_seed8,de,8,67,0.01673318314750459
de_seed8,de,8,68,0.01673318314750459
de_seed8,de,8,69,0.01673318314750459
de_seed8,de,8,70,0.01673318314750459
de_seed8,de,8,71,0.01673318314750459
de_seed8,de,8,72,0.01673318314750459
de_seed8,de,8,73,0.01673318314750459
de_seed8,de,8,74,0.01673318314750459
de_seed8,de,8,75,0.01673318314750459
de_seed8,de,8,76,0.01673318314750459
de_seed8,de,8,77,0.01673318314750459
de_seed8,de,8,78,0.01673318314750459
de_seed8,de,8,79,0.01673318314750459
de_seed8,de,8,80,0.01673318314750459
de_seed8,de,8,81,0.01673318314750459
de_seed8,de,8,82,0.01673318314750459
de_seed8,de,8,83,0.01673318314750459
de_seed8,de,8,84,0.01673318314750459
de_seed8,de,8,85,0.01673318314750459
de_seed8,de,8,86,0.01673318314750459
de_seed8,de,8,87,0.01673318314750459
de_seed8,de,8,88,0.01673318314750459
de_seed8,de,8,89,0.01673318314750459
de_seed8,de,8,90,0.01673318314750459
de_seed8,de,8,91,0.01673318314750459
de_seed8,de,8,92,0.01673318314750459
de_seed8,de,8,93,0.01673318314750459
de_seed8,de,8,94,0.016733158634200822
de_seed8,de,8,95,0.016733158634200822
de_seed8,de,8,96,0.016733158634200822
de_seed8,de,8,97,0.016733158634200822
de_seed8,de,8,98,0.016733158634200822
de_seed8,de,8,99,0.016733158634200822
de_seed8,de,8,100,0.016733158634200822
de_seed8,de,8,101,0.016733158634200822
de_seed8,de,8,102,0.016733158634200822
de_seed8,de,8,103,0.016733158634200822
de_seed8,de,8,104,0.016733158634200822
de_seed8,de,8,105,0.016733158634200822
de_seed8,de,8,106,0.016733158634200822
de_seed8,de,8,107,0.016733158634200822
de_seed8,de,8,108,0.016733158634200822
de_seed8,de,8,109,0.016733158634200822
de_seed8,de,8,110,0.016733158634200822
de_seed8,de,8,111,0.016733158634200822
de_seed8,de,8,112,0.016733158634200822
de_seed8,de,8,113,0.016733158634200822
de_seed8,de,8,114,0.016733158634200822
de_seed8,de,8,115,0.016733158634200822
de_seed8,de,8,116,0.016733158634200822
de_seed8,de,8,117,0.016733158634200822
de_seed8,de,8,118,0.016733158634200822
de_seed8,de,8,119,0.016733158634200822
de_seed8,de,8,120,0.016733158634200822
de_seed8,de,8,121,0.016733158634200822
de_seed8,de,8,122,0.016733158634200822
de_seed8,de,8,123,0.016733158634200822
de_seed8,de,8,124,0.016733043679550565
de_seed8,de,8,125,0.016733043679550565
de_seed8,de,8,126,0.016733043679550565
de_seed8,de,8,127,0.016733043679550565
de_seed8,de,8,128,0.016733043679550565
de_seed8,de,8,129,0.016733043679550565
de_seed8,de,8,130,0.016733043679550565
de_seed8,de,8,131,0.016733043679550565
de_seed8,de,8,132,0.016732277157518093
de_seed8,de,8,133,0.016732277157518093
de_seed8,de,8,134,0.016732277157518093
de_seed8,de,8,135,0.016732277157518093
de_seed8,de,8,136,0.016732277157518093
de_seed8,de,8,137,0.016732277157518093
de_seed8,de,8,138,0.016732277157518093
de_seed8,de,8,139,0.016732277157518093
de_seed8,de,8,140,0.016732277157518093
de_seed8,de,8,141,0.016732277157518093
de_seed8,de,8,142,0.016732277157518093
de_seed8,de,8,143,0.016732277157518093
de_seed8,de,8,144,0.016732277157518093
de_seed8,de,8,145,0.016732277157518093
de_seed8,de,8,146,0.016732135222284106
de_seed8,de,8,147,0.016732135222284106
de_seed8,de,8,148,0.016732135222284106
de_seed8,de,8,149,0.016732135222284106
de_seed8,de,8,150,0.016732135222284106
de_seed8,de,8,151,0.016732135222284106
de_seed8,de,8,152,0.016732135222284106
de_seed8,de,8,153,0.016732135222284106
de_seed8,de,8,154,0.016732135222284106
de_seed8,de,8,155,0.016732135222284106
de_seed8,de,8,156,0.016732135222284106
de_seed8,de,8,157,0.016732135222284106
de_seed8,de,8,158,0.016732135222284106
de_seed8,de,8,159,0.016732135222284106
de_seed8,de,8,160,0.016732135222284106
de_seed8,de,8,161,0.016732135222284106
de_seed8,de,8,162,0.016732135222284106
de_seed8,de,8,163,0.016732135222284106
de_seed8,de,8,164,0.016732135222284106
de_seed8,de,8,165,0.016732135222284106
de_seed8,de,8,166,0.016732135222284106
de_seed8,de,8,167,0.016732135222284106
de_seed8,de,8,168,0.016732135222284106
de_seed8,de,8,169,0.016732135222284106
de_seed8,de,8,170,0.016732135222284106
de_seed8,de,8,171,0.016732135222284106
de_seed8,de,8,172,0.016732135222284106
de_seed8,de,8,173,0.016732135222284106
de_seed8,de,8,174,0.016732135222284106
de_seed8,de,8,175,0.016732135222284106
de_seed8,de,8,176,0.016732135222284106
de_seed8,de,8,177,0.016732135222284106
de_seed8,de,8,178,0.01673203838265405
de_seed8,de,8,179,0.01673203838265405
de_seed8,de,8,180,0.01673203838265405
de_seed8,de,8,181,0.01673203838265405
de_seed8,de,8,182,0.01673203838265405
de_seed8,de,8,183,0.01673203838265405
de_seed8,de,8,184,0.01673203838265405
de_seed8,de,8,185,0.01673203838265405
de_seed8,de,8,186,0.01673203838265405
de_seed8,de,8,187,0.01673203838265405
de_seed8,de,8,188,0.01673203838265405
de_seed8,de,8,189,0.01673203838265405
de_seed8,de,8,190,0.01673203838265405
de_seed8,de,8,191,0.01673203838265405
de_seed8,de,8,192,0.01673203838265405
de_seed8,de,8,193,0.01673191782340774
de_seed8,de,8,194,0.01673191782340774
de_seed8,de,8,195,0.01673191782340774
de_seed8,de,8,196,0.01673191782340774
de_seed8,de,8,197,0.01673191782340774
de_seed8,de,8,198,0.01673191782340774
de_seed8,de,8,199,0.01673191782340774
de_seed8,de,8,200,0.01673191782340774
de_seed9,de,9,1,0.0168293207270522
de_seed9,de,9,2,0.0168293207270522
de_seed9,de,9,3,0.0168293207270522
de_seed9,de,9,4,0.0168293207270522
de_seed9,de,9,5,0.016736537086713903
de_seed9,de,9,6,0.016736537086713903
de_seed9,de,9,7,0.016736537086713903
de_seed9,de,9,8,0.016736537086713903
de_seed9,de,9,9,0.016736537086713903
de_seed9,de,9,10,0.016736537086713903
de_seed9,de,9,11,0.016736537086713903
de_seed9,de,9,12,0.016736537086713903
de_seed9,de,9,13,0.016736537086713903
de_seed9,de,9,14,0.016735053520028003
de_seed9,de,9,15,0.016735053520028003
de_seed9,de,9,16,0.016735053520028003
de_seed9,de,9,17,0.016735053520028003
de_seed9,de,9,18,0.016735053520028003
de_seed9,de,9,19,0.016735053520028003
de_seed9,de,9,20,0.016735053520028003
de_seed9,de,9,21,0.016735053520028003
de_seed9,de,9,22,0.016735053520028003
de_seed9,de,9,23,0.016735053520028003
de_seed9,de,9,24,0.016735053520028003
de_seed9,de,9,25,0.016735053520028003
de_seed9,de,9,26,0.016735053520028003
de_seed9,de,9,27,0.016735053520028003
de_seed9,de,9,28,0.016735053520028003
de_seed9,de,9,29,0.016735053520028003
de_seed9,de,9,30,0.016735053520028003
de_seed9,de,9,31,0.016735053520028003
de_seed9,de,9,32,0.016735053520028003
de_seed9,de,9,33,0.016735053520028003
de_seed9,de,9,34,0.016735053520028003
de_seed9,de,9,35,0.016735053520028003
de_seed9,de,9,36,0.016735053520028003
de_seed9,de,9,37,0.016735053520028003
de_seed9,de,9,38,0.016735053520028003
de_seed9,de,9,39,0.016735053520028003
de_seed9,de,9,40,0.016735053520028003
de_seed9,de,9,41,0.016735053520028003
de_seed9,de,9,42,0.016735053520028003
de_seed9,de,9,43,0.016735053520028003
de_seed9,de,9,44,0.016735053520028003
de_seed9,de,9,45,0.016735053520028003
de_seed9,de,9,46,0.016735053520028003
de_seed9,de,9,47,0.016735053520028003
de_seed9,de,9,48,0.016735053520028003
de_seed9,de,9,49,0.016735053520028003
de_seed9,de,9,50,0.016735053520028003
de_seed9,de,9,51,0.016735053520028003
de_seed9,de,9,52,0.016735053520028003
de_seed9,de,9,53,0.016735053520028003
de_seed9,de,9,54,0.016735053520028003
de_seed9,de,9,55,0.016735053520028003
de_seed9,de,9,56,0.016735053520028003
de_seed9,de,9,57,0.016735053520028003
de_seed9,de,9,58,0.016735053520028003
de_seed9,de,9,59,0.016735053520028003
de_seed9,de,9,60,0.016735053520028003
de_seed9,de,9,61,0.016735053520028003
de_seed9,de,9,62,0.016735053520028003
de_seed9,de,9,63,0.016735053520028003
de_seed9,de,9,64,0.016735053520028003
de_seed9,de,9,65,0.016735053520028003
de_seed9,de,9,66,0.016735053520028003
de_seed9,de,9,67,0.016735053520028003
de_seed9,de,9,68,0.016734046931458108
de_seed9,de,9,69,0.016734046931458108
de_seed9,de,9,70,0.016734046931458108
de_seed9,de,9,71,0.016734046931458108
de_seed9,de,9,72,0.016734046931458108
de_seed9,de,9,73,0.016734046931458108
de_seed9,de,9,74,0.016734046931458108
de_seed9,de,9,75,0.016734046931458108
de_seed9,de,9,76,0.016734046931458108
de_seed9,de,9,77,0.016734046931458108
de_seed9,de,9,78,0.016734046931458108
de_seed9,de,9,79,0.016734046931458108
de_seed9,de,9,80,0.016734046931458108
de_seed9,de,9,81,0.016734046931458108
de_seed9,de,9,82,0.016734046931458108
de_seed9,de,9,83,0.016734046931458108
de_seed9,de,9,84,0.016734046931458108
de_seed9,de,9,85,0.016734046931458108
de_seed9,de,9,86,0.016734046931458108
de_seed9,de,9,87,0.016734046931458108
de_seed9,de,9,88,0.016734046931458108
de_seed9,de,9,89,0.016734046931458108
de_seed9,de,9,90,0.016734046931458108
de_seed9,de,9,91,0.016734046931458108
de_seed9,de,9,92,0.016734046931458108
de_seed9,de,9,93,0.016734046931458108
de_seed9,de,9,94,0.016734046931458108
de_seed9,de,9,95,0.016734046931458108
de_seed9,de,9,96,0.016734046931458108
de_seed9,de,9,97,0.016734046931458108
de_seed9,de,9,98,0.016734046931458108
de_seed9,de,9,99,0.016734046931458108
de_seed9,de,9,100,0.016734046931458108
de_seed9,de,9,101,0.016734046931458108
de_seed9,de,9,102,0.016734046931458108
de_seed9,de,9,103,0.016734046931458108
de_seed9,de,9,104,0.016734046931458108
de_seed9,de,9,105,0.016734046931458108
de_seed9,de,9,106,0.016734046931458108
de_seed9,de,9,107,0.016734046931458108
de_seed9,de,9,108,0.016734046931458108
de_seed9,de,9,109,0.016734046931458108
de_seed9,de,9,110,0.016734046931458108
de_seed9,de,9,111,0.016734046931458108
de_seed9,de,9,112,0.016734046931458108
de_seed9,de,9,113,0.016734046931458108
de_seed9,de,9,114,0.016734046931458108
de_seed9,de,9,115,0.016734046931458108
de_seed9,de,9,116,0.016734046931458108
de_seed9,de,9,117,0.016734046931458108
de_seed9,de,9,118,0.016734046931458108
de_seed9,de,9,119,0.016734046931458108
de_seed9,de,9,120,0.016734046931458108
de_seed9,de,9,121,0.016734046931458108
de_seed9,de,9,122,0.016734046931458108
de_seed9,de,9,123,0.016734046931458108
de_seed9,de,9,124,0.016731997450444378
de_seed9,de,9,125,0.016731997450444378
de_seed9,de,9,126,0.016731997450444378
de_seed9,de,9,127,0.016731997450444378
de_seed9,de,9,128,0.016731997450444378
de_seed9,de,9,129,0.016731997450444378
de_seed9,de,9,130,0.016731997450444378
de_seed9,de,9,131,0.016731997450444378
de_seed9,de,9,132,0.016731997450444378
de_seed9,de,9,133,0.016731997450444378
de_seed9,de,9,134,0.016731934637617147
de_seed9,de,9,135,0.016731934637617147
de_seed9,de,9,136,0.016731934637617147
de_seed9,de,9,137,0.016731934637617147
de_seed9,de,9,138,0.016731934637617147
de_seed9,de,9,139,0.016731934637617147
de_seed9,de,9,140,0.016731934637617147
de_seed9,de,9,141,0.016731934637617147
de_seed9,de,9,142,0.016731934637617147
de_seed9,de,9,143,0.016731934637617147
de_seed9,de,9,144,0.016731934637617147
de_seed9,de,9,145,0.016731934637617147
de_seed9,de,9,146,0.016731934637617147
de_seed9,de,9,147,0.016731934637617147
de_seed9,de,9,148,0.016731909516386236
de_seed9,de,9,149,0.016731909516386236
de_seed9,de,9,150,0.016731909516386236
de_seed9,de,9,151,0.016731909516386236
de_seed9,de,9,152,0.016731909516386236
de_seed9,de,9,153,0.016731909516386236
de_seed9,de,9,154,0.016731909516386236
de_seed9,de,9,155,0.016731909516386236
de_seed9,de,9,156,0.016731909516386236
de_seed9,de,9,157,0.016731909516386236
de_seed9,de,9,158,0.016731909516386236
de_seed9,de,9,159,0.016731909516386236
de_seed9,de,9,160,0.016731909516386236
de_seed9,de,9,161,0.016731909516386236
de_seed9,de,9,162,0.016731909516386236
de_seed9,de,9,163,0.016731909516386236
de_seed9,de,9,164,0.016731909516386236
de_seed9,de,9,165,0.016731909516386236
de_seed9,de,9,166,0.016731909516386236
de_seed9,de,9,167,0.016731909516386236
de_seed9,de,9,168,0.016731909516386236
de_seed9,de,9,169,0.016731909516386236
de_seed9,de,9,170,0.016731909516386236
de_seed9,de,9,171,0.016731909516386236
de_seed9,de,9,172,0.016731909516386236
de_seed9,de,9,173,0.016731909516386236
de_seed9,de,9,174,0.016731909516386236
de_seed9,de,9,175,0.016731909516386236
de_seed9,de,9,176,0.016731909516386236
de_seed9,de,9,177,0.016731909516386236
de_seed9,de,9,178,0.016731909516386236
de_seed9,de,9,179,0.016731909516386236
de_seed9,de,9,180,0.016731909516386236
de_seed9,de,9,181,0.016731909516386236
de_seed9,de,9,182,0.016731909516386236
de_seed9,de,9,183,0.016731909516386236
de_seed9,de,9,184,0.016731909516386236
de_seed9,de,9,185,0.016731909516386236
de_seed9,de,9,186,0.016731909516386236
de_seed9,de,9,187,0.016731909516386236
de_seed9,de,9,188,0.016731909516386236
de_seed9,de,9,189,0.016731909516386236
de_seed9,de,9,190,0.016731909516386236
de_seed9,de,9,191,0.016731909516386236
de_seed9,de,9,192,0.016731909516386236
de_seed9,de,9,193,0.016731909516386236
de_seed9,de,9,194,0.016731909516386236
de_seed9,de,9,195,0.016731909516386236
de_seed9,de,9,196,0.016731909516386236
de_seed9,de,9,197,0.016731909516386236
de_seed9,de,9,198,0.016731909516386236
de_seed9,de,9,199,0.016731909516386236
de_seed9,de,9,200,0.016731909516386236
de_seed10,de,10,1,1826.55322729941
de_seed10,de,10,2,1826.55322729941
de_seed10,de,10,3,0.016779848951112203
de_seed10,de,10,4,0.016779848951112203
de_seed10,de,10,5,0.016779848951112203
de_seed10,de,10,6,0.016779848951112203
de_seed10,de,10,7,0.016779848951112203
de_seed10,de,10,8,0.016779848951112203
de_seed10,de,10,9,0.016779848951112203
de_seed10,de,10,10,0.016779848951112203
de_seed10,de,10,11,0.016779848951112203
de_seed10,de,10,12,0.016779848951112203
de_seed10,de,10,13,0.016779848951112203
de_seed10,de,10,14,0.016779848951112203
de_seed10,de,10,15,0.016779848951112203
de_seed10,de,10,16,0.016779848951112203
de_seed10,de,10,17,0.016779848951112203
de_seed10,de,10,18,0.016779848951112203
de_seed10,de,10,19,0.016779848951112203
de_seed10,de,10,20,0.016779848951112203
de_seed10,de,10,21,0.016779848951112203
de_seed10,de,10,22,0.016779848951112203
de_seed10,de,10,23,0.016735478946356724
de_seed10,de,10,24,0.016735478946356724
de_seed10,de,10,25,0.016735478946356724
de_seed10,de,10,26,0.016735478946356724
de_seed10,de,10,27,0.016735478946356724
de_seed10,de,10,28,0.016735478946356724
de_seed10,de,10,29,0.016735478946356724
de_seed10,de,10,30,0.016735478946356724
de_seed10,de,10,31,0.016735478946356724
de_seed10,de,10,32,0.016735478946356724
de_seed10,de,10,33,0.016735478946356724
de_seed10,de,10,34,0.016735478946356724
de_seed10,de,10,35,0.016735478946356724
de_seed10,de,10,36,0.016735478946356724
de_seed10,de,10,37,0.016735478946356724
de_seed10,de,10,38,0.016735478946356724
de_seed10,de,10,39,0.016735478946356724
de_seed10,de,10,40,0.016735478946356724
de_seed10,de,10,41,0.016735478946356724
de_seed10,de,10,42,0.016735478946356724
de_seed10,de,10,43,0.016735478946356724
de_seed10,de,10,44,0.016735478946356724
de_seed10,de,10,45,0.016735478946356724
de_seed10,de,10,46,0.016735478946356724
de_seed10,de,10,47,0.016735478946356724
de_seed10,de,10,48,0.016735478946356724
de_seed10,de,10,49,0.016735478946356724
de_seed10,de,10,50,0.016735478946356724
de_seed10,de,10,51,0.016735478946356724
de_seed10,de,10,52,0.016735478946356724
de_seed10,de,10,53,0.016735478946356724
de_seed10,de,10,54,0.01673417024833571
de_seed10,de,10,55,0.01673417024833571
de_seed10,de,10,56,0.01673417024833571
de_seed10,de,10,57,0.01673417024833571
de_seed10,de,10,58,0.01673417024833571
de_seed10,de,10,59,0.01673417024833571
de_seed10,de,10,60,0.01673417024833571
de_seed10,de,10,61,0.01673417024833571
de_seed10,de,10,62,0.01673417024833571
de_seed10,de,10,63,0.01673417024833571
de_seed10,de,10,64,0.01673417024833571
de_seed10,de,10,65,0.01673417024833571
de_seed10,de,10,66,0.01673417024833571
de_seed10,de,10,67,0.01673417024833571
de_seed10,de,10,68,0.01673417024833571
de_seed10,de,10,69,0.01673417024833571
de_seed10,de,10,70,0.01673417024833571
de_seed10,de,10,71,0.01673417024833571
de_seed10,de,10,72,0.01673417024833571
de_seed10,de,10,73,0.01673417024833571
de_seed10,de,10,74,0.01673417024833571
de_seed10,de,10,75,0.01673417024833571
de_seed10,de,10,76,0.01673417024833571
de_seed10,de,10,77,0.01673417024833571
de_seed10,de,10,78,0.01673417024833571
de_seed10,de,10,79,0.01673417024833571
de_seed10,de,10,80,0.01673417024833571
de_seed10,de,10,81,0.01673417024833571
de_seed10,de,10,82,0.01673417024833571
de_seed10,de,10,83,0.01673417024833571
de_seed10,de,10,84,0.01673417024833571
de_seed10,de,10,85,0.01673417024833571
de_seed10,de,10,86,0.01673417024833571
de_seed10,de,10,87,0.01673417024833571
de_seed10,de,10,88,0.01673417024833571
de_seed10,de,10,89,0.01673417024833571
de_seed10,de,10,90,0.01673417024833571
de_seed10,de,10,91,0.01673417024833571
de_seed10,de,10,92,0.01673417024833571
de_seed10,de,10,93,0.01673417024833571
de_seed10,de,10,94,0.01673417024833571
de_seed10,de,10,95,0.016731910008740206
de_seed10,de,10,96,0.016731910008740206
de_seed10,de,10,97,0.016731910008740206
de_seed10,de,10,98,0.016731910008740206
de_seed10,de,10,99,0.016731910008740206
de_seed10,de,10,100,0.016731910008740206
de_seed10,de,10,101,0.016731910008740206
de_seed10,de,10,102,0.016731910008740206
de_seed10,de,10,103,0.016731910008740206
de_seed10,de,10,104,0.016731910008740206
de_seed10,de,10,105,0.016731910008740206
de_seed10,de,10,106,0.016731910008740206
de_seed10,de,10,107,0.016731910008740206
de_seed10,de,10,108,0.016731910008740206
de_seed10,de,10,109,0.016731910008740206
de_seed10,de,10,110,0.016731910008740206
de_seed10,de,10,111,0.016731910008740206
de_seed10,de,10,112,0.016731910008740206
de_seed10,de,10,113,0.016731910008740206
de_seed10,de,10,114,0.016731910008740206
de_seed10,de,10,115,0.016731910008740206
de_seed10,de,10,116,0.016731910008740206
de_seed10,de,10,117,0.016731910008740206
de_seed10,de,10,118,0.016731910008740206
de_seed10,de,10,119,0.016731910008740206
de_seed10,de,10,120,0.016731910008740206
de_seed10,de,10,121,0.016731910008740206
de_seed10,de,10,122,0.016731910008740206
de_seed10,de,10,123,0.016731910008740206
de_seed10,de,10,124,0.016731910008740206
de_seed10,de,10,125,0.016731910008740206
de_seed10,de,10,126,0.016731910008740206
de_seed10,de,10,127,0.016731910008740206
de_seed10,de,10,128,0.016731910008740206
de_seed10,de,10,129,0.016731910008740206
de_seed10,de,10,130,0.016731910008740206
de_seed10,de,10,131,0.016731910008740206
de_seed10,de,10,132,0.016731910008740206
de_seed10,de,10,133,0.016731910008740206
de_seed10,de,10,134,0.016731910008740206
de_seed10,de,10,135,0.016731910008740206
de_seed10,de,10,136,0.016731910008740206
de_seed10,de,10,137,0.016731910008740206
de_seed10,de,10,138,0.016731910008740206
de_seed10,de,10,139,0.016731910008740206
de_seed10,de,10,140,0.016731910008740206
de_seed10,de,10,141,0.016731910008740206
de_seed10,de,10,142,0.016731910008740206
de_seed10,de,10,143,0.016731910008740206
de_seed10,de,10,144,0.016731910008740206
de_seed10,de,10,145,0.016731910008740206
de_seed10,de,10,146,0.016731910008740206
de_seed10,de,10,147,0.016731910008740206
de_seed10,de,10,148,0.016731910008740206
de_seed10,de,10,149,0.016731910008740206
de_seed10,de,10,150,0.016731910008740206
de_seed10,de,10,151,0.016731910008740206
de_seed10,de,10,152,0.016731910008740206
de_seed10,de,10,153,0.016731910008740206
de_seed10,de,10,154,0.016731910008740206
de_seed10,de,10,155,0.016731910008740206
de_seed10,de,10,156,0.016731910008740206
de_seed10,de,10,157,0.016731910008740206
de_seed10,de,10,158,0.016731910008740206
de_seed10,de,10,159,0.016731910008740206
de_seed10,de,10,160,0.016731910008740206
de_seed10,de,10,161,0.016731910008740206
de_seed10,de,10,162,0.016731910008740206
de_seed10,de,10,163,0.016731910008740206
de_seed10,de,10,164,0.016731910008740206
de_seed10,de,10,165,0.016731910008740206
de_seed10,de,10,166,0.016731910008740206
de_seed10,de,10,167,0.016731910008740206
de_seed10,de,10,168,0.016731910008740206
de_seed10,de,10,169,0.016731910008740206
de_seed10,de,10,170,0.016731910008740206
de_seed10,de,10,171,0.016731910008740206
de_seed10,de,10,172,0.016731910008740206
de_seed10,de,10,173,0.016731910008740206
de_seed10,de,10,174,0.016731910008740206
de_seed10,de,10,175,0.016731910008740206
de_seed10,de,10,176,0.016731910008740206
de_seed10,de,10,177,0.016731910008740206
de_seed10,de,10,178,0.016731910008740206
de_seed10,de,10,179,0.016731910008740206
de_seed10,de,10,180,0.016731910008740206
de_seed10,de,10,181,0.016731910008740206
de_seed10,de,10,182,0.016731910008740206
de_seed10,de,10,183,0.016731910008740206
de_seed10,de,10,184,0.016731910008740206
de_seed10,de,10,185,0.016731910008740206
de_seed10,de,10,186,0.016731910008740206
de_seed10,de,10,187,0.016731910008740206
de_seed10,de,10,188,0.016731910008740206
de_seed10,de,10,189,0.016731910008740206
de_seed10,de,10,190,0.016731910008740206
de_seed10,de,10,191,0.016731910008740206
de_seed10,de,10,192,0.016731910008740206
de_seed10,de,10,193,0.016731910008740206
de_seed10,de,10,194,0.016731910008740206
de_seed10,de,10,195,0.016731910008740206
de_seed10,de,10,196,0.016731910008740206
de_seed10,de,10,197,0.016731910008740206
de_seed10,de,10,198,0.016731910008740206
de_seed10,de,10,199,0.016731910008740206
de_seed10,de,10,200,0.016731910008740206
